record_id,source_set,campaign,campaign_name_source,video_name,video_path,prepared_path,video_exists,brand,row_id,original_split,message_delivery_original,message_delivery,message_class_original,message_class,opm_percent,opm_class,norm_ad_recall,ad_recall,ad_recall_source,norm_ad_recall_definition,noticeability_percent,noticeability_source,excluded_from_stability_experiment,target_source,video_source,sha,key,run_sha,family,vertical,category,record,Index,feature_source,audio_only_message_completeness__r4_value,audio_only_message_completeness__r4_mean3,audio_only_message_completeness__r4_agreement3,benefit_recipient_clarity__r4_value,benefit_recipient_clarity__r4_mean3,benefit_recipient_clarity__r4_agreement3,core_claim_quartile_coverage__r4_value,core_claim_quartile_coverage__r4_mean3,core_claim_quartile_coverage__r4_agreement3,demonstrated_user_outcome_count__r4_value,demonstrated_user_outcome_count__r4_mean3,demonstrated_user_outcome_count__r4_agreement3,distinct_benefit_count__r4_value,distinct_benefit_count__r4_mean3,distinct_benefit_count__r4_agreement3,first_core_claim_time_band__r4_value,first_core_claim_time_band__r4_mean3,first_core_claim_time_band__r4_agreement3,independent_message_channels_count__r4_value,independent_message_channels_count__r4_mean3,independent_message_channels_count__r4_agreement3,irony_or_twist_dependency__r4_value,irony_or_twist_dependency__r4_mean3,irony_or_twist_dependency__r4_agreement3,main_idea_entity_load__r4_value,main_idea_entity_load__r4_mean3,main_idea_entity_load__r4_agreement3,narrative_context_switch_count__r4_value,narrative_context_switch_count__r4_mean3,narrative_context_switch_count__r4_agreement3,offer_condition_count__r4_value,offer_condition_count__r4_mean3,offer_condition_count__r4_agreement3,offer_novelty_explanation_need__r4_value,offer_novelty_explanation_need__r4_mean3,offer_novelty_explanation_need__r4_agreement3,plausible_alternative_idea_count__r4_value,plausible_alternative_idea_count__r4_mean3,plausible_alternative_idea_count__r4_agreement3,product_role_reveal_time_band__r4_value,product_role_reveal_time_band__r4_mean3,product_role_reveal_time_band__r4_agreement3,secondary_claim_count__r4_value,secondary_claim_count__r4_mean3,secondary_claim_count__r4_agreement3,visual_only_message_completeness__r4_value,visual_only_message_completeness__r4_mean3,visual_only_message_completeness__r4_agreement3,cta_clarity__r4_value,cta_clarity__r4_mean3,cta_clarity__r4_agreement3,message_specificity_level__r4_value,message_specificity_level__r4_mean3,message_specificity_level__r4_agreement3,cta_clarity,message_specificity_level__r3_mean3,words_per_second,p12__cluster_valid_mask_mae_smoothed,p12__cluster_valid_mask_consistency,main_idea_full,main_idea_partial,main_idea_gap,y,panel__audio_only_message_completeness,panel__benefit_recipient_clarity,panel__core_claim_quartile_coverage,panel__demonstrated_user_outcome_count,panel__distinct_benefit_count,panel__first_core_claim_time_band,panel__independent_message_channels_count,panel__irony_or_twist_dependency,panel__main_idea_entity_load,panel__narrative_context_switch_count,panel__offer_condition_count,panel__offer_novelty_explanation_need,panel__plausible_alternative_idea_count,panel__product_role_reveal_time_band,panel__secondary_claim_count,panel__visual_only_message_completeness,panel__claim_brand_cooccurrence_count,panel__mandatory_inference_chain_length,panel__main_claim_linguistic_directness,panel__action_object_pair_clarity,panel__cta_clarity,panel__message_specificity_level,phys__duration,phys__brightness_mean,phys__brightness_variation,phys__contrast_mean,phys__saturation_mean,phys__saturation_variation,phys__edge_density,phys__motion_mean,phys__motion_p90,phys__large_frame_change_share,phys__static_frame_share,phys__first3_motion_mean,phys__first3_contrast,phys__first3_saturation,phys__audio_rms_mean,phys__audio_dynamic_range_db,phys__audio_low_energy_share,phys__audio_level_variability_db,source_repair,fresh__brand_integrated_plot,fresh__distinct_branded_anchors,fresh__category_claim_distinctiveness,fresh__essential_message_steps,fresh__audiovisual_claim_alignment,fresh__competing_takeaway_count,_repeat_order,repeat,main_character,promo,humor,message_focus_seconds,brand_first_mention_seconds,brand_logo_screen_seconds,brand_voiceover_count,pack_shot_duration_seconds,scene_count,unique_locations_count,human_characters_count,character_close_up_seconds,voiceover_word_count,silence_or_music_only_seconds,text_overlay_total_seconds,cta_screen_seconds,product_demo_seconds,unique_offers_count,is_celeb,ends_with_brand_logo_alone,scene_pace_high,linear_narrative,has_callback_to_opening,monologue_to_camera,vocal_song_present,jingle_present,numeric_offer_on_screen,state_transformation_present,problem_solution_arc_present,visual_style_changes
md58_0,pretest_md58,Avito_Auto_au-24-03-UCB-Buyers-T1-C2C,brief column,Avito_Auto_au-24-03-UCB-Buyers-T1-C2C.mp4,/Users/asekorneev/Desktop/Creatives_validation/Avito_Auto_au-24-03-UCB-Buyers-T1-C2C.mp4,/Users/asekorneev/outputs/message_delivery_features_20260819/prepared_media/avitoautoau2403ucbbuyerst1c2c.mp4,True,Avito,0,train,0.15,0.15,0,0,9.0,1.0,,,/Users/asekorneev/outputs/aipm3_value_context_20260914/sources/promiser_comparison/combo_input.csv,current_saved_target,60.0,Existing OPM / existing message fraction,False,/Users/asekorneev/outputs/aipm_stability_20260919/human_quality_20260920/targets.csv,/Users/asekorneev/outputs/message_delivery_features_20260819/video_manifest.csv,372cb7e8f6ae65f534aefaf2f6e97458a126c51e9152a8b2747b93267a9dd0d9,avitoautoau2403ucbbuyerst1c2c,372cb7e8f6ae65f534aefaf2f6e97458a126c51e9152a8b2747b93267a9dd0d9,372cb7e8f6ae65f534aefaf2f6e97458a126c51e9152a8b2747b93267a9dd0d9,Auto,Auto,md58_0,0,current 10 full runs,3.0,2.9,1.0,3.0,3.0,1.0,3.0,3.033333333333333,0.9666666666666666,2.0,2.033333333333333,0.9666666666666666,3.0,3.0,0.9333333333333332,1.0,1.0,1.0,3.0,3.0,1.0,1.0,0.9,1.0,4.0,3.933333333333333,0.9333333333333332,1.0,1.0,1.0,0.0,0.0,1.0,0.0,0.0666666666666666,0.9666666666666666,1.0,1.0333333333333334,0.9666666666666666,1.0,1.0,1.0,2.0,1.8666666666666667,0.9666666666666666,2.0,2.033333333333333,0.9666666666666666,0.0,0.0,1.0,3.0,3.0,1.0,0.0,3.0,1.64,0.0256410256410256,0.9743589743589745,0.2692307692307692,0.1153846153846153,0.0,0.15,2.9,3.0,3.033333333333333,2.033333333333333,3.0,1.0,3.0,0.9,3.933333333333333,1.0,0.0,0.0666666666666666,1.0333333333333334,1.0,1.8666666666666667,2.033333333333333,2.6333333333333333,1.0,2.9,3.0,0.0,3.0,25.0,0.462528436819172,0.1226094341668084,0.2211464892283604,0.0930101688453158,0.0327146801213998,0.027322604230607,0.1168662131519274,0.2336324074074074,0.2244897959183673,0.0204081632653061,0.1046644728879205,0.1852250691636429,0.0776172385620915,0.0706832110881805,11.682132720947266,0.044,7.534848690032959,,2.0,0.0,3.0,2.0,3.0,0.0,1,1,1.0,0.0,0.0,2.0,0.0,25.0,2.0,3.0,4.0,4.0,2.0,4.0,40.0,0.0,25.0,3.0,12.0,0.0,0.0,0.0,0.0,1.0,0.0,0.0,0.0,0.0,1.0,1.0,1.0,1.0
md58_1,pretest_md58,Avito_Auto_au-24-09-SL-Select-T1-C2C,brief column,Avito_Auto_au-24-09-SL-Select-T1-C2C.mp4,/Users/asekorneev/Desktop/Creatives_validation/Avito_Auto_au-24-09-SL-Select-T1-C2C.mp4,/Users/asekorneev/outputs/message_delivery_features_20260819/prepared_media/avitoautoau2409slselectt1c2c.mp4,True,Avito,1,train,0.23,0.23,1,1,9.0,1.0,,,/Users/asekorneev/outputs/aipm3_value_context_20260914/sources/promiser_comparison/combo_input.csv,current_saved_target,39.130434782608695,Existing OPM / existing message fraction,False,/Users/asekorneev/outputs/aipm_stability_20260919/human_quality_20260920/targets.csv,/Users/asekorneev/outputs/message_delivery_features_20260819/video_manifest.csv,98f75aea9679cb15892855111c0e33a380b485f051ea8a013d2d4a7b6878545a,avitoautoau2409slselectt1c2c,98f75aea9679cb15892855111c0e33a380b485f051ea8a013d2d4a7b6878545a,98f75aea9679cb15892855111c0e33a380b485f051ea8a013d2d4a7b6878545a,Auto,Auto,md58_1,1,current 10 full runs,3.0,3.0,1.0,3.0,3.0,1.0,3.0,3.0,1.0,3.0,2.8,1.0,4.0,4.0,1.0,1.0,1.0,1.0,3.0,3.0,1.0,1.0,1.0,1.0,4.0,4.0,1.0,2.0,2.0,1.0,1.0,1.0,1.0,1.0,1.1,1.0,1.0,1.0,1.0,1.0,1.0,1.0,1.0,1.2,1.0,2.0,2.0,1.0,0.0,0.0,1.0,3.0,3.0,1.0,0.0,3.0,2.548725637181409,0.0256410256410256,0.9743589743589745,0.5,0.1282051282051282,0.1282051282051282,0.23,3.0,3.0,3.0,2.8,4.0,1.0,3.0,1.0,4.0,2.0,1.0,1.1,1.0,1.0,1.2,2.0,2.8,1.0,3.0,3.0,0.0,3.0,20.0,0.5524161151960786,0.1509820210136185,0.2342724355849793,0.1089587690631808,0.0497995647723218,0.0399785958500652,0.153140641584269,0.2733986020334059,0.358974358974359,0.1025641025641025,0.2004588023480997,0.2315993825382674,0.0813848039215686,0.0726758912205696,10.474458694458008,0.025,6.5498809814453125,,3.0,0.0,3.0,0.0,3.0,1.0,1,1,1.0,1.0,1.0,2.0,0.0,20.0,1.0,6.0,3.0,3.0,5.0,4.0,45.0,0.0,20.0,6.0,10.0,3.0,0.0,0.0,1.0,1.0,0.0,1.0,0.0,1.0,0.0,1.0,1.0,0.0
md58_2,pretest_md58,Avito_Auto_au-25-03-UCB-T1-C2C,brief column,Avito_Auto_au-25-03-UCB-T1-C2C.mp4,/Users/asekorneev/Desktop/Creatives_validation/Avito_Auto_au-25-03-UCB-T1-C2C.mp4,/Users/asekorneev/outputs/message_delivery_features_20260819/prepared_media/avitoautoau2503ucbt1c2c.mp4,True,Avito,2,train,0.38,0.38,2,2,17.0,2.0,0.0561,0.31,/Users/asekorneev/outputs/aipm3_value_context_20260914/sources/promiser_comparison/combo_input.csv,current_saved_target,44.73684210526316,Existing OPM / existing message fraction,False,/Users/asekorneev/outputs/aipm_stability_20260919/human_quality_20260920/targets.csv,/Users/asekorneev/outputs/message_delivery_features_20260819/video_manifest.csv,491f84b3d6722950dace3f711e10da267580113e784bdc15ee9904db379cb519,avitoautoau2503ucbt1c2c,491f84b3d6722950dace3f711e10da267580113e784bdc15ee9904db379cb519,491f84b3d6722950dace3f711e10da267580113e784bdc15ee9904db379cb519,Auto,Cars,md58_2,2,current 10 full runs,3.0,3.0,1.0,3.0,3.0,1.0,2.0,2.0,1.0,1.0,1.0,1.0,1.0,1.0,1.0,2.0,2.0,1.0,3.0,3.0,1.0,1.0,0.8,1.0,4.0,3.9,1.0,2.0,2.0,1.0,1.0,1.0,1.0,0.0,0.2,1.0,0.0,0.0,1.0,1.0,1.0,1.0,0.0,0.0,1.0,2.0,2.1,1.0,1.0,1.0,1.0,3.0,3.0,1.0,1.0,3.0,1.8990504747626185,0.0,1.0,0.2692307692307692,0.282051282051282,0.0256410256410256,0.38,3.0,3.0,2.0,1.0,1.0,2.0,3.0,0.8,3.9,2.0,1.0,0.2,0.0,1.0,0.0,2.1,2.0,0.8,3.0,3.0,1.0,3.0,20.0,0.523015618191721,0.1677126319651047,0.2384757554519054,0.1545187908496732,0.0775087814296562,0.0352331787183835,0.1611388772508053,0.3106084967320264,0.3333333333333333,0.0256410256410256,0.1588246792544178,0.1945312282830572,0.1173417755991285,0.0674560517072677,10.61285400390625,0.01,4.6224164962768555,,3.0,1.0,2.0,1.0,3.0,0.0,1,1,1.0,1.0,1.0,3.0,0.0,20.0,2.0,3.0,4.0,3.0,2.0,5.0,36.0,0.0,20.0,3.0,6.0,1.0,1.0,0.0,0.0,1.0,1.0,0.0,0.0,1.0,1.0,1.0,1.0,1.0
md58_2,pretest_md58,Avito_Auto_au-25-03-UCB-T1-C2C,brief column,Avito_Auto_au-25-03-UCB-T1-C2C.mp4,/Users/asekorneev/Desktop/Creatives_validation/Avito_Auto_au-25-03-UCB-T1-C2C.mp4,/Users/asekorneev/outputs/message_delivery_features_20260819/prepared_media/avitoautoau2503ucbt1c2c.mp4,True,Avito,2,train,0.38,0.38,2,2,17.0,2.0,0.0561,0.31,/Users/asekorneev/outputs/aipm3_value_context_20260914/sources/promiser_comparison/combo_input.csv,current_saved_target,44.73684210526316,Existing OPM / existing message fraction,False,/Users/asekorneev/outputs/aipm_stability_20260919/human_quality_20260920/targets.csv,/Users/asekorneev/outputs/message_delivery_features_20260819/video_manifest.csv,491f84b3d6722950dace3f711e10da267580113e784bdc15ee9904db379cb519,avitoautoau2503ucbt1c2c,491f84b3d6722950dace3f711e10da267580113e784bdc15ee9904db379cb519,491f84b3d6722950dace3f711e10da267580113e784bdc15ee9904db379cb519,Auto,Cars,md58_2,2,current 10 full runs,3.0,3.0,1.0,3.0,3.0,1.0,2.0,2.0,1.0,1.0,1.0,1.0,1.0,1.0,1.0,2.0,2.0,1.0,3.0,3.0,1.0,1.0,0.9,1.0,4.0,4.0,1.0,2.0,2.0,1.0,1.0,1.0,1.0,0.0,0.1,1.0,0.0,0.0,1.0,1.0,1.0,1.0,0.0,0.0,1.0,2.0,2.0,1.0,1.0,1.0,1.0,3.0,3.0,1.0,1.0,3.0,1.8990504747626185,0.0769230769230769,0.9230769230769232,0.2692307692307692,0.3205128205128205,0.0512820512820512,0.38,3.0,3.0,2.0,1.0,1.0,2.0,3.0,0.9,4.0,2.0,1.0,0.1,0.0,1.0,0.0,2.0,2.0,0.9,3.0,3.0,1.0,3.0,20.0,0.523015618191721,0.1677126319651047,0.2384757554519054,0.1545187908496732,0.0775087814296562,0.0352331787183835,0.1611388772508053,0.3106084967320264,0.3333333333333333,0.0256410256410256,0.1588246792544178,0.1945312282830572,0.1173417755991285,0.0674560517072677,10.61285400390625,0.01,4.6224164962768555,,3.0,1.0,2.0,1.0,3.0,0.0,2,2,1.0,1.0,1.0,3.0,0.0,20.0,2.0,3.0,4.0,3.0,2.0,5.0,38.0,0.0,20.0,3.0,5.0,1.0,1.0,0.0,0.0,1.0,1.0,0.0,0.0,1.0,1.0,1.0,1.0,1.0
md58_2,pretest_md58,Avito_Auto_au-25-03-UCB-T1-C2C,brief column,Avito_Auto_au-25-03-UCB-T1-C2C.mp4,/Users/asekorneev/Desktop/Creatives_validation/Avito_Auto_au-25-03-UCB-T1-C2C.mp4,/Users/asekorneev/outputs/message_delivery_features_20260819/prepared_media/avitoautoau2503ucbt1c2c.mp4,True,Avito,2,train,0.38,0.38,2,2,17.0,2.0,0.0561,0.31,/Users/asekorneev/outputs/aipm3_value_context_20260914/sources/promiser_comparison/combo_input.csv,current_saved_target,44.73684210526316,Existing OPM / existing message fraction,False,/Users/asekorneev/outputs/aipm_stability_20260919/human_quality_20260920/targets.csv,/Users/asekorneev/outputs/message_delivery_features_20260819/video_manifest.csv,491f84b3d6722950dace3f711e10da267580113e784bdc15ee9904db379cb519,avitoautoau2503ucbt1c2c,491f84b3d6722950dace3f711e10da267580113e784bdc15ee9904db379cb519,491f84b3d6722950dace3f711e10da267580113e784bdc15ee9904db379cb519,Auto,Cars,md58_2,2,current 10 full runs,3.0,3.0,1.0,3.0,3.0,1.0,2.0,2.0,1.0,1.0,1.0,1.0,1.0,1.0,1.0,2.0,1.9333333333333331,0.9666666666666666,3.0,3.0,1.0,1.0,0.8,1.0,4.0,3.9,1.0,2.0,2.0,1.0,1.0,1.0,1.0,0.0,0.3,1.0,0.0,0.0,1.0,1.0,1.0,1.0,0.0,0.0,1.0,2.0,2.2,1.0,1.0,0.9,1.0,3.0,3.0,1.0,1.0,3.0,1.8990504747626185,0.0512820512820513,0.9487179487179488,0.2692307692307692,0.3076923076923076,0.0256410256410256,0.38,3.0,3.0,2.0,1.0,1.0,1.9333333333333331,3.0,0.8,3.9,2.0,1.0,0.3,0.0,1.0,0.0,2.2,2.0,0.9,3.0,3.0,0.9,3.0,20.0,0.523015618191721,0.1677126319651047,0.2384757554519054,0.1545187908496732,0.0775087814296562,0.0352331787183835,0.1611388772508053,0.3106084967320264,0.3333333333333333,0.0256410256410256,0.1588246792544178,0.1945312282830572,0.1173417755991285,0.0674560517072677,10.61285400390625,0.01,4.6224164962768555,,3.0,1.0,2.0,1.0,3.0,0.0,3,3,1.0,1.0,1.0,3.0,0.0,20.0,2.0,3.0,4.0,3.0,2.0,5.0,38.0,0.0,20.0,3.0,5.0,1.0,1.0,0.0,0.0,1.0,1.0,0.0,0.0,1.0,1.0,1.0,1.0,1.0
md58_2,pretest_md58,Avito_Auto_au-25-03-UCB-T1-C2C,brief column,Avito_Auto_au-25-03-UCB-T1-C2C.mp4,/Users/asekorneev/Desktop/Creatives_validation/Avito_Auto_au-25-03-UCB-T1-C2C.mp4,/Users/asekorneev/outputs/message_delivery_features_20260819/prepared_media/avitoautoau2503ucbt1c2c.mp4,True,Avito,2,train,0.38,0.38,2,2,17.0,2.0,0.0561,0.31,/Users/asekorneev/outputs/aipm3_value_context_20260914/sources/promiser_comparison/combo_input.csv,current_saved_target,44.73684210526316,Existing OPM / existing message fraction,False,/Users/asekorneev/outputs/aipm_stability_20260919/human_quality_20260920/targets.csv,/Users/asekorneev/outputs/message_delivery_features_20260819/video_manifest.csv,491f84b3d6722950dace3f711e10da267580113e784bdc15ee9904db379cb519,avitoautoau2503ucbt1c2c,491f84b3d6722950dace3f711e10da267580113e784bdc15ee9904db379cb519,491f84b3d6722950dace3f711e10da267580113e784bdc15ee9904db379cb519,Auto,Cars,md58_2,2,current 10 full runs,3.0,3.0,1.0,3.0,3.0,1.0,2.0,2.0,1.0,1.0,1.0,1.0,1.0,1.0,1.0,2.0,2.0,1.0,3.0,3.0,1.0,1.0,0.9,1.0,4.0,3.7,1.0,2.0,2.0,1.0,1.0,1.0,1.0,0.0,0.0,1.0,0.0,0.0,1.0,1.0,1.0,1.0,0.0,0.0,1.0,2.0,2.0,1.0,1.0,1.0,1.0,3.0,3.0,1.0,1.0,3.0,1.8990504747626185,0.1025641025641025,0.8974358974358975,0.1923076923076923,0.3333333333333333,0.0769230769230769,0.38,3.0,3.0,2.0,1.0,1.0,2.0,3.0,0.9,3.7,2.0,1.0,0.0,0.0,1.0,0.0,2.0,2.0,0.9,3.0,3.0,1.0,3.0,20.0,0.523015618191721,0.1677126319651047,0.2384757554519054,0.1545187908496732,0.0775087814296562,0.0352331787183835,0.1611388772508053,0.3106084967320264,0.3333333333333333,0.0256410256410256,0.1588246792544178,0.1945312282830572,0.1173417755991285,0.0674560517072677,10.61285400390625,0.01,4.6224164962768555,,3.0,1.0,2.0,1.0,3.0,0.0,4,4,1.0,1.0,0.0,3.0,0.0,20.0,2.0,3.0,4.0,3.0,2.0,5.0,36.0,0.0,20.0,3.0,6.0,1.0,1.0,0.0,0.0,1.0,1.0,0.0,0.0,1.0,1.0,1.0,1.0,1.0
md58_2,pretest_md58,Avito_Auto_au-25-03-UCB-T1-C2C,brief column,Avito_Auto_au-25-03-UCB-T1-C2C.mp4,/Users/asekorneev/Desktop/Creatives_validation/Avito_Auto_au-25-03-UCB-T1-C2C.mp4,/Users/asekorneev/outputs/message_delivery_features_20260819/prepared_media/avitoautoau2503ucbt1c2c.mp4,True,Avito,2,train,0.38,0.38,2,2,17.0,2.0,0.0561,0.31,/Users/asekorneev/outputs/aipm3_value_context_20260914/sources/promiser_comparison/combo_input.csv,current_saved_target,44.73684210526316,Existing OPM / existing message fraction,False,/Users/asekorneev/outputs/aipm_stability_20260919/human_quality_20260920/targets.csv,/Users/asekorneev/outputs/message_delivery_features_20260819/video_manifest.csv,491f84b3d6722950dace3f711e10da267580113e784bdc15ee9904db379cb519,avitoautoau2503ucbt1c2c,491f84b3d6722950dace3f711e10da267580113e784bdc15ee9904db379cb519,491f84b3d6722950dace3f711e10da267580113e784bdc15ee9904db379cb519,Auto,Cars,md58_2,2,current 10 full runs,3.0,3.0,1.0,3.0,3.0,1.0,2.0,2.0,1.0,1.0,1.0,1.0,1.0,1.0,1.0,2.0,2.0,1.0,3.0,3.0,1.0,1.0,0.9,1.0,4.0,4.0,1.0,2.0,2.0,1.0,1.0,1.0,1.0,0.0,0.1,1.0,0.0,0.0,1.0,1.0,1.0,1.0,0.0,0.0,1.0,2.0,2.0,1.0,1.0,1.0,1.0,3.0,3.0,1.0,1.0,3.0,1.8990504747626185,0.0512820512820512,0.9487179487179488,0.3461538461538461,0.3205128205128205,0.0512820512820512,0.38,3.0,3.0,2.0,1.0,1.0,2.0,3.0,0.9,4.0,2.0,1.0,0.1,0.0,1.0,0.0,2.0,2.0,0.9,3.0,3.0,1.0,3.0,20.0,0.523015618191721,0.1677126319651047,0.2384757554519054,0.1545187908496732,0.0775087814296562,0.0352331787183835,0.1611388772508053,0.3106084967320264,0.3333333333333333,0.0256410256410256,0.1588246792544178,0.1945312282830572,0.1173417755991285,0.0674560517072677,10.61285400390625,0.01,4.6224164962768555,,3.0,1.0,2.0,1.0,3.0,0.0,5,5,1.0,1.0,1.0,3.0,0.0,20.0,2.0,3.0,4.0,3.0,2.0,5.0,36.0,0.0,20.0,3.0,6.0,1.0,1.0,0.0,0.0,1.0,1.0,0.0,0.0,1.0,1.0,1.0,1.0,1.0
md58_2,pretest_md58,Avito_Auto_au-25-03-UCB-T1-C2C,brief column,Avito_Auto_au-25-03-UCB-T1-C2C.mp4,/Users/asekorneev/Desktop/Creatives_validation/Avito_Auto_au-25-03-UCB-T1-C2C.mp4,/Users/asekorneev/outputs/message_delivery_features_20260819/prepared_media/avitoautoau2503ucbt1c2c.mp4,True,Avito,2,train,0.38,0.38,2,2,17.0,2.0,0.0561,0.31,/Users/asekorneev/outputs/aipm3_value_context_20260914/sources/promiser_comparison/combo_input.csv,current_saved_target,44.73684210526316,Existing OPM / existing message fraction,False,/Users/asekorneev/outputs/aipm_stability_20260919/human_quality_20260920/targets.csv,/Users/asekorneev/outputs/message_delivery_features_20260819/video_manifest.csv,491f84b3d6722950dace3f711e10da267580113e784bdc15ee9904db379cb519,avitoautoau2503ucbt1c2c,491f84b3d6722950dace3f711e10da267580113e784bdc15ee9904db379cb519,491f84b3d6722950dace3f711e10da267580113e784bdc15ee9904db379cb519,Auto,Cars,md58_2,2,current 10 full runs,3.0,3.0,1.0,3.0,3.0,1.0,2.0,2.0,1.0,1.0,1.0,1.0,1.0,1.0,1.0,2.0,2.0,1.0,3.0,3.0,1.0,1.0,0.8,1.0,4.0,4.0,1.0,2.0,2.0,1.0,1.0,1.0,1.0,0.0,0.2,1.0,0.0,0.0,1.0,1.0,1.0,1.0,0.0,0.0,1.0,2.0,2.0,1.0,1.0,1.0,1.0,3.0,3.0,1.0,1.0,3.0,1.8990504747626185,0.0256410256410256,0.9743589743589745,0.2692307692307692,0.2948717948717949,0.0,0.38,3.0,3.0,2.0,1.0,1.0,2.0,3.0,0.8,4.0,2.0,1.0,0.2,0.0,1.0,0.0,2.0,2.0,0.9,3.0,3.0,1.0,3.0,20.0,0.523015618191721,0.1677126319651047,0.2384757554519054,0.1545187908496732,0.0775087814296562,0.0352331787183835,0.1611388772508053,0.3106084967320264,0.3333333333333333,0.0256410256410256,0.1588246792544178,0.1945312282830572,0.1173417755991285,0.0674560517072677,10.61285400390625,0.01,4.6224164962768555,,3.0,1.0,2.0,1.0,3.0,0.0,6,6,1.0,1.0,1.0,3.0,0.0,20.0,2.0,3.0,4.0,3.0,2.0,5.0,35.0,0.0,20.0,3.0,8.0,1.0,1.0,0.0,0.0,1.0,1.0,0.0,0.0,1.0,1.0,1.0,1.0,1.0
md58_2,pretest_md58,Avito_Auto_au-25-03-UCB-T1-C2C,brief column,Avito_Auto_au-25-03-UCB-T1-C2C.mp4,/Users/asekorneev/Desktop/Creatives_validation/Avito_Auto_au-25-03-UCB-T1-C2C.mp4,/Users/asekorneev/outputs/message_delivery_features_20260819/prepared_media/avitoautoau2503ucbt1c2c.mp4,True,Avito,2,train,0.38,0.38,2,2,17.0,2.0,0.0561,0.31,/Users/asekorneev/outputs/aipm3_value_context_20260914/sources/promiser_comparison/combo_input.csv,current_saved_target,44.73684210526316,Existing OPM / existing message fraction,False,/Users/asekorneev/outputs/aipm_stability_20260919/human_quality_20260920/targets.csv,/Users/asekorneev/outputs/message_delivery_features_20260819/video_manifest.csv,491f84b3d6722950dace3f711e10da267580113e784bdc15ee9904db379cb519,avitoautoau2503ucbt1c2c,491f84b3d6722950dace3f711e10da267580113e784bdc15ee9904db379cb519,491f84b3d6722950dace3f711e10da267580113e784bdc15ee9904db379cb519,Auto,Cars,md58_2,2,current 10 full runs,3.0,3.0,1.0,3.0,3.0,1.0,2.0,2.0,1.0,1.0,1.0,1.0,1.0,1.0,1.0,2.0,2.0,1.0,3.0,3.0,1.0,1.0,0.9,1.0,4.0,4.0,1.0,2.0,2.0,1.0,1.0,1.0,1.0,0.0,0.2,1.0,0.0,0.0,1.0,1.0,1.0,1.0,0.0,0.0,1.0,2.0,2.2,1.0,1.0,1.0,1.0,3.0,3.0,1.0,1.0,3.0,1.8990504747626185,0.0256410256410256,0.9743589743589745,0.3461538461538461,0.3076923076923076,0.0256410256410256,0.38,3.0,3.0,2.0,1.0,1.0,2.0,3.0,0.9,4.0,2.0,1.0,0.2,0.0,1.0,0.0,2.2,2.0,0.9,3.0,3.0,1.0,3.0,20.0,0.523015618191721,0.1677126319651047,0.2384757554519054,0.1545187908496732,0.0775087814296562,0.0352331787183835,0.1611388772508053,0.3106084967320264,0.3333333333333333,0.0256410256410256,0.1588246792544178,0.1945312282830572,0.1173417755991285,0.0674560517072677,10.61285400390625,0.01,4.6224164962768555,,3.0,1.0,2.0,1.0,3.0,0.0,7,7,1.0,1.0,1.0,3.0,0.0,20.0,2.0,3.0,4.0,3.0,2.0,5.0,35.0,0.0,20.0,3.0,8.0,1.0,1.0,0.0,0.0,1.0,1.0,0.0,0.0,1.0,1.0,1.0,1.0,1.0
md58_2,pretest_md58,Avito_Auto_au-25-03-UCB-T1-C2C,brief column,Avito_Auto_au-25-03-UCB-T1-C2C.mp4,/Users/asekorneev/Desktop/Creatives_validation/Avito_Auto_au-25-03-UCB-T1-C2C.mp4,/Users/asekorneev/outputs/message_delivery_features_20260819/prepared_media/avitoautoau2503ucbt1c2c.mp4,True,Avito,2,train,0.38,0.38,2,2,17.0,2.0,0.0561,0.31,/Users/asekorneev/outputs/aipm3_value_context_20260914/sources/promiser_comparison/combo_input.csv,current_saved_target,44.73684210526316,Existing OPM / existing message fraction,False,/Users/asekorneev/outputs/aipm_stability_20260919/human_quality_20260920/targets.csv,/Users/asekorneev/outputs/message_delivery_features_20260819/video_manifest.csv,491f84b3d6722950dace3f711e10da267580113e784bdc15ee9904db379cb519,avitoautoau2503ucbt1c2c,491f84b3d6722950dace3f711e10da267580113e784bdc15ee9904db379cb519,491f84b3d6722950dace3f711e10da267580113e784bdc15ee9904db379cb519,Auto,Cars,md58_2,2,current 10 full runs,3.0,3.0,1.0,3.0,3.0,1.0,2.0,2.0,1.0,1.0,1.0,1.0,1.0,1.0,1.0,2.0,2.0,1.0,3.0,3.0,1.0,1.0,0.8,1.0,4.0,3.7,1.0,2.0,2.0,1.0,1.0,1.0,1.0,0.0,0.1,1.0,0.0,0.0,1.0,1.0,1.0,1.0,0.0,0.0,1.0,2.0,2.0,1.0,1.0,1.0,1.0,3.0,3.0,1.0,1.0,3.0,1.8990504747626185,0.0769230769230769,0.9230769230769232,0.3461538461538461,0.3076923076923076,0.0769230769230769,0.38,3.0,3.0,2.0,1.0,1.0,2.0,3.0,0.8,3.7,2.0,1.0,0.1,0.0,1.0,0.0,2.0,2.0,0.9,3.0,3.0,1.0,3.0,20.0,0.523015618191721,0.1677126319651047,0.2384757554519054,0.1545187908496732,0.0775087814296562,0.0352331787183835,0.1611388772508053,0.3106084967320264,0.3333333333333333,0.0256410256410256,0.1588246792544178,0.1945312282830572,0.1173417755991285,0.0674560517072677,10.61285400390625,0.01,4.6224164962768555,,3.0,1.0,2.0,1.0,3.0,0.0,8,8,1.0,1.0,1.0,3.0,0.0,20.0,2.0,3.0,4.0,3.0,2.0,5.0,38.0,0.0,20.0,3.0,5.0,1.0,1.0,0.0,0.0,1.0,1.0,0.0,0.0,1.0,1.0,1.0,1.0,1.0
md58_2,pretest_md58,Avito_Auto_au-25-03-UCB-T1-C2C,brief column,Avito_Auto_au-25-03-UCB-T1-C2C.mp4,/Users/asekorneev/Desktop/Creatives_validation/Avito_Auto_au-25-03-UCB-T1-C2C.mp4,/Users/asekorneev/outputs/message_delivery_features_20260819/prepared_media/avitoautoau2503ucbt1c2c.mp4,True,Avito,2,train,0.38,0.38,2,2,17.0,2.0,0.0561,0.31,/Users/asekorneev/outputs/aipm3_value_context_20260914/sources/promiser_comparison/combo_input.csv,current_saved_target,44.73684210526316,Existing OPM / existing message fraction,False,/Users/asekorneev/outputs/aipm_stability_20260919/human_quality_20260920/targets.csv,/Users/asekorneev/outputs/message_delivery_features_20260819/video_manifest.csv,491f84b3d6722950dace3f711e10da267580113e784bdc15ee9904db379cb519,avitoautoau2503ucbt1c2c,491f84b3d6722950dace3f711e10da267580113e784bdc15ee9904db379cb519,491f84b3d6722950dace3f711e10da267580113e784bdc15ee9904db379cb519,Auto,Cars,md58_2,2,current 10 full runs,3.0,3.0,1.0,3.0,3.0,1.0,2.0,2.0,1.0,1.0,1.0,1.0,1.0,1.0,1.0,2.0,2.0,1.0,3.0,3.0,1.0,1.0,1.0,1.0,4.0,4.0,1.0,2.0,2.0,1.0,1.0,1.0,1.0,0.0,0.1,1.0,0.0,0.1,1.0,1.0,1.0,1.0,0.0,0.0,1.0,2.0,2.1,1.0,1.0,1.0,1.0,3.0,3.0,1.0,1.0,3.0,1.8990504747626185,0.0769230769230769,0.9230769230769232,0.2692307692307692,0.3205128205128205,0.0512820512820512,0.38,3.0,3.0,2.0,1.0,1.0,2.0,3.0,1.0,4.0,2.0,1.0,0.1,0.1,1.0,0.0,2.1,2.0,0.9,3.0,3.0,1.0,3.0,20.0,0.523015618191721,0.1677126319651047,0.2384757554519054,0.1545187908496732,0.0775087814296562,0.0352331787183835,0.1611388772508053,0.3106084967320264,0.3333333333333333,0.0256410256410256,0.1588246792544178,0.1945312282830572,0.1173417755991285,0.0674560517072677,10.61285400390625,0.01,4.6224164962768555,,3.0,1.0,2.0,1.0,3.0,0.0,9,9,1.0,1.0,1.0,3.0,0.0,20.0,2.0,3.0,4.0,3.0,2.0,5.0,38.0,0.0,20.0,3.0,5.0,1.0,1.0,0.0,0.0,1.0,1.0,0.0,0.0,1.0,1.0,1.0,1.0,1.0
md58_2,pretest_md58,Avito_Auto_au-25-03-UCB-T1-C2C,brief column,Avito_Auto_au-25-03-UCB-T1-C2C.mp4,/Users/asekorneev/Desktop/Creatives_validation/Avito_Auto_au-25-03-UCB-T1-C2C.mp4,/Users/asekorneev/outputs/message_delivery_features_20260819/prepared_media/avitoautoau2503ucbt1c2c.mp4,True,Avito,2,train,0.38,0.38,2,2,17.0,2.0,0.0561,0.31,/Users/asekorneev/outputs/aipm3_value_context_20260914/sources/promiser_comparison/combo_input.csv,current_saved_target,44.73684210526316,Existing OPM / existing message fraction,False,/Users/asekorneev/outputs/aipm_stability_20260919/human_quality_20260920/targets.csv,/Users/asekorneev/outputs/message_delivery_features_20260819/video_manifest.csv,491f84b3d6722950dace3f711e10da267580113e784bdc15ee9904db379cb519,avitoautoau2503ucbt1c2c,491f84b3d6722950dace3f711e10da267580113e784bdc15ee9904db379cb519,491f84b3d6722950dace3f711e10da267580113e784bdc15ee9904db379cb519,Auto,Cars,md58_2,2,current 10 full runs,3.0,3.0,1.0,3.0,3.0,1.0,2.0,2.0,1.0,1.0,1.0,1.0,1.0,1.0,1.0,2.0,2.0,1.0,3.0,3.0,1.0,1.0,1.0,1.0,4.0,3.9,1.0,2.0,2.0,1.0,1.0,1.0,1.0,1.0,0.5,1.0,0.0,0.1,1.0,1.0,1.0,1.0,0.0,0.0,1.0,2.0,2.2,1.0,1.0,1.0,1.0,3.0,3.0,1.0,1.0,3.0,1.8990504747626185,0.0769230769230769,0.9230769230769232,0.2692307692307692,0.2948717948717949,0.1025641025641025,0.38,3.0,3.0,2.0,1.0,1.0,2.0,3.0,1.0,3.9,2.0,1.0,0.5,0.1,1.0,0.0,2.2,2.0,0.9,3.0,3.0,1.0,3.0,20.0,0.523015618191721,0.1677126319651047,0.2384757554519054,0.1545187908496732,0.0775087814296562,0.0352331787183835,0.1611388772508053,0.3106084967320264,0.3333333333333333,0.0256410256410256,0.1588246792544178,0.1945312282830572,0.1173417755991285,0.0674560517072677,10.61285400390625,0.01,4.6224164962768555,,3.0,1.0,2.0,1.0,3.0,0.0,10,10,1.0,1.0,1.0,3.0,0.0,20.0,2.0,3.0,4.0,3.0,2.0,5.0,35.0,0.0,20.0,3.0,9.0,1.0,1.0,0.0,0.0,1.0,1.0,0.0,0.0,1.0,1.0,1.0,1.0,1.0
md58_3,pretest_md58,Avito_Auto_au-26-02-UCB-NCB-T1-C2C,brief column,Avito_Auto_au-26-02-UCB-NCB-T1-C2C.MP4,/Users/asekorneev/Desktop/Creatives_validation/Avito_Auto_au-26-02-UCB-NCB-T1-C2C.MP4,/Users/asekorneev/outputs/message_delivery_features_20260819/prepared_media/avitoautoau2602ucbncbt1c2c.mp4,True,Avito,3,holdout,0.1,0.1,0,0,6.0,0.0,0.1481,0.47,/Users/asekorneev/outputs/aipm3_value_context_20260914/sources/promiser_comparison/combo_input.csv,current_saved_target,60.0,Existing OPM / existing message fraction,False,/Users/asekorneev/outputs/aipm_stability_20260919/human_quality_20260920/targets.csv,/Users/asekorneev/outputs/message_delivery_features_20260819/video_manifest.csv,128f8120b17a99b2b97216c669a900830cb2c2c80437a2f69bee4f137543eade,avitoautoau2602ucbncbt1c2c,128f8120b17a99b2b97216c669a900830cb2c2c80437a2f69bee4f137543eade,auto_2025_2026_shared,Auto,Cars,md58_3,3,current 10 full runs,2.0,2.2,1.0,3.0,2.5,1.0,3.0,2.8333333333333335,0.9333333333333332,1.0,1.0,1.0,2.0,2.0,1.0,1.0,1.0,1.0,3.0,3.0,1.0,1.0,1.0,1.0,3.0,3.0,1.0,1.0,1.0,1.0,0.0,0.0,1.0,0.0,0.0,1.0,1.0,1.0,1.0,1.0,1.0,1.0,1.0,1.3333333333333333,0.9666666666666666,2.0,2.0,1.0,0.0,0.0,1.0,2.0,2.1,1.0,0.0,2.1,2.132936507936508,0.0256410256410256,0.9743589743589745,0.2692307692307692,0.0384615384615384,0.0,0.1,2.2,2.5,2.8333333333333335,1.0,2.0,1.0,3.0,1.0,3.0,1.0,0.0,0.0,1.0,1.0,1.3333333333333333,2.0,2.0,1.0,2.5,2.5,0.0,2.1,20.0,0.3164348651960784,0.037610760336253,0.1917309843820393,0.1609927151416122,0.1162693720231206,0.0463667646046554,0.099277426307655,0.2019679193899781,0.1282051282051282,0.0,0.1259186788913096,0.1981152588649112,0.0743836238198983,0.1567556411027908,16.542552947998047,0.0398009950248756,8.049581527709961,,3.0,1.0,2.0,1.0,3.0,0.0,1,1,1.0,0.0,1.0,2.0,8.0,5.0,2.0,5.0,2.0,2.0,4.0,4.0,36.0,0.0,5.0,5.0,5.0,0.0,1.0,0.0,0.0,1.0,0.0,0.0,0.0,1.0,0.0,1.0,1.0,0.0
md58_3,pretest_md58,Avito_Auto_au-26-02-UCB-NCB-T1-C2C,brief column,Avito_Auto_au-26-02-UCB-NCB-T1-C2C.MP4,/Users/asekorneev/Desktop/Creatives_validation/Avito_Auto_au-26-02-UCB-NCB-T1-C2C.MP4,/Users/asekorneev/outputs/message_delivery_features_20260819/prepared_media/avitoautoau2602ucbncbt1c2c.mp4,True,Avito,3,holdout,0.1,0.1,0,0,6.0,0.0,0.1481,0.47,/Users/asekorneev/outputs/aipm3_value_context_20260914/sources/promiser_comparison/combo_input.csv,current_saved_target,60.0,Existing OPM / existing message fraction,False,/Users/asekorneev/outputs/aipm_stability_20260919/human_quality_20260920/targets.csv,/Users/asekorneev/outputs/message_delivery_features_20260819/video_manifest.csv,128f8120b17a99b2b97216c669a900830cb2c2c80437a2f69bee4f137543eade,avitoautoau2602ucbncbt1c2c,128f8120b17a99b2b97216c669a900830cb2c2c80437a2f69bee4f137543eade,auto_2025_2026_shared,Auto,Cars,md58_3,3,current 10 full runs,2.0,2.2,1.0,2.0,2.466666666666667,0.9666666666666666,3.0,2.966666666666667,0.9666666666666666,1.0,1.0,1.0,2.0,2.0,1.0,1.0,1.0,1.0,3.0,3.0,1.0,1.0,1.0,1.0,3.0,3.033333333333333,0.9666666666666666,1.0,1.0,1.0,0.0,0.0,1.0,0.0,0.0,1.0,1.0,1.0,1.0,1.0,1.0,1.0,1.0,1.3333333333333333,0.9666666666666666,2.0,2.0,1.0,0.0,0.0,1.0,2.0,2.066666666666667,0.9666666666666666,0.0,2.066666666666667,2.132936507936508,0.0,1.0,0.2692307692307692,0.0384615384615384,0.0,0.1,2.2,2.466666666666667,2.966666666666667,1.0,2.0,1.0,3.0,1.0,3.033333333333333,1.0,0.0,0.0,1.0,1.0,1.3333333333333333,2.0,2.0,1.0,2.3,2.466666666666667,0.0,2.066666666666667,20.0,0.3164348651960784,0.037610760336253,0.1917309843820393,0.1609927151416122,0.1162693720231206,0.0463667646046554,0.099277426307655,0.2019679193899781,0.1282051282051282,0.0,0.1259186788913096,0.1981152588649112,0.0743836238198983,0.1567556411027908,16.542552947998047,0.0398009950248756,8.049581527709961,,3.0,1.0,2.0,1.0,3.0,0.0,2,2,1.0,0.0,1.0,2.0,8.0,5.0,2.0,5.0,2.0,2.0,4.0,4.0,38.0,0.0,5.0,5.0,5.0,0.0,1.0,0.0,0.0,1.0,0.0,0.0,0.0,1.0,0.0,1.0,1.0,0.0
md58_3,pretest_md58,Avito_Auto_au-26-02-UCB-NCB-T1-C2C,brief column,Avito_Auto_au-26-02-UCB-NCB-T1-C2C.MP4,/Users/asekorneev/Desktop/Creatives_validation/Avito_Auto_au-26-02-UCB-NCB-T1-C2C.MP4,/Users/asekorneev/outputs/message_delivery_features_20260819/prepared_media/avitoautoau2602ucbncbt1c2c.mp4,True,Avito,3,holdout,0.1,0.1,0,0,6.0,0.0,0.1481,0.47,/Users/asekorneev/outputs/aipm3_value_context_20260914/sources/promiser_comparison/combo_input.csv,current_saved_target,60.0,Existing OPM / existing message fraction,False,/Users/asekorneev/outputs/aipm_stability_20260919/human_quality_20260920/targets.csv,/Users/asekorneev/outputs/message_delivery_features_20260819/video_manifest.csv,128f8120b17a99b2b97216c669a900830cb2c2c80437a2f69bee4f137543eade,avitoautoau2602ucbncbt1c2c,128f8120b17a99b2b97216c669a900830cb2c2c80437a2f69bee4f137543eade,auto_2025_2026_shared,Auto,Cars,md58_3,3,current 10 full runs,2.0,2.2,1.0,2.0,2.4,1.0,3.0,2.7666666666666666,0.9666666666666666,1.0,1.0,1.0,2.0,2.0,1.0,1.0,1.0,1.0,3.0,3.0,1.0,1.0,1.0,1.0,3.0,3.1,1.0,1.0,1.0,1.0,0.0,0.0,1.0,0.0,0.0,1.0,1.0,1.0,1.0,1.0,1.0,1.0,2.0,1.5333333333333334,0.9666666666666666,2.0,2.0,1.0,0.0,0.0,1.0,2.0,2.0,1.0,0.0,2.0,2.132936507936508,0.0512820512820512,0.9487179487179488,0.2692307692307692,0.0384615384615384,0.0,0.1,2.2,2.4,2.7666666666666666,1.0,2.0,1.0,3.0,1.0,3.1,1.0,0.0,0.0,1.0,1.0,1.5333333333333334,2.0,2.0,1.0,2.3,2.4,0.0,2.0,20.0,0.3164348651960784,0.037610760336253,0.1917309843820393,0.1609927151416122,0.1162693720231206,0.0463667646046554,0.099277426307655,0.2019679193899781,0.1282051282051282,0.0,0.1259186788913096,0.1981152588649112,0.0743836238198983,0.1567556411027908,16.542552947998047,0.0398009950248756,8.049581527709961,,3.0,1.0,2.0,1.0,3.0,0.0,3,3,1.0,0.0,1.0,2.0,8.0,5.0,2.0,5.0,2.0,2.0,4.0,4.0,38.0,0.0,5.0,5.0,5.0,0.0,1.0,0.0,0.0,1.0,0.0,0.0,0.0,1.0,0.0,1.0,1.0,0.0
md58_3,pretest_md58,Avito_Auto_au-26-02-UCB-NCB-T1-C2C,brief column,Avito_Auto_au-26-02-UCB-NCB-T1-C2C.MP4,/Users/asekorneev/Desktop/Creatives_validation/Avito_Auto_au-26-02-UCB-NCB-T1-C2C.MP4,/Users/asekorneev/outputs/message_delivery_features_20260819/prepared_media/avitoautoau2602ucbncbt1c2c.mp4,True,Avito,3,holdout,0.1,0.1,0,0,6.0,0.0,0.1481,0.47,/Users/asekorneev/outputs/aipm3_value_context_20260914/sources/promiser_comparison/combo_input.csv,current_saved_target,60.0,Existing OPM / existing message fraction,False,/Users/asekorneev/outputs/aipm_stability_20260919/human_quality_20260920/targets.csv,/Users/asekorneev/outputs/message_delivery_features_20260819/video_manifest.csv,128f8120b17a99b2b97216c669a900830cb2c2c80437a2f69bee4f137543eade,avitoautoau2602ucbncbt1c2c,128f8120b17a99b2b97216c669a900830cb2c2c80437a2f69bee4f137543eade,auto_2025_2026_shared,Auto,Cars,md58_3,3,current 10 full runs,2.0,2.2,1.0,3.0,2.6,1.0,3.0,2.966666666666667,0.9666666666666666,1.0,1.0,1.0,2.0,2.0,1.0,1.0,1.0,1.0,3.0,3.0,1.0,1.0,1.0,1.0,3.0,3.0,1.0,1.0,1.0,1.0,0.0,0.0,1.0,0.0,0.0,1.0,1.0,1.0,1.0,1.0,1.0,1.0,1.0,1.3666666666666667,0.9666666666666666,2.0,2.0,1.0,0.0,0.0,1.0,2.0,2.1,1.0,0.0,2.1,2.132936507936508,0.0,1.0,0.2692307692307692,0.0384615384615384,0.0,0.1,2.2,2.6,2.966666666666667,1.0,2.0,1.0,3.0,1.0,3.0,1.0,0.0,0.0,1.0,1.0,1.3666666666666667,2.0,2.0,1.0,2.4,2.6,0.0,2.1,20.0,0.3164348651960784,0.037610760336253,0.1917309843820393,0.1609927151416122,0.1162693720231206,0.0463667646046554,0.099277426307655,0.2019679193899781,0.1282051282051282,0.0,0.1259186788913096,0.1981152588649112,0.0743836238198983,0.1567556411027908,16.542552947998047,0.0398009950248756,8.049581527709961,,3.0,1.0,2.0,1.0,3.0,0.0,4,4,1.0,0.0,1.0,2.0,8.0,5.0,2.0,5.0,2.0,2.0,4.0,4.0,38.0,0.0,5.0,5.0,5.0,0.0,1.0,0.0,0.0,1.0,0.0,0.0,0.0,1.0,0.0,1.0,1.0,0.0
md58_3,pretest_md58,Avito_Auto_au-26-02-UCB-NCB-T1-C2C,brief column,Avito_Auto_au-26-02-UCB-NCB-T1-C2C.MP4,/Users/asekorneev/Desktop/Creatives_validation/Avito_Auto_au-26-02-UCB-NCB-T1-C2C.MP4,/Users/asekorneev/outputs/message_delivery_features_20260819/prepared_media/avitoautoau2602ucbncbt1c2c.mp4,True,Avito,3,holdout,0.1,0.1,0,0,6.0,0.0,0.1481,0.47,/Users/asekorneev/outputs/aipm3_value_context_20260914/sources/promiser_comparison/combo_input.csv,current_saved_target,60.0,Existing OPM / existing message fraction,False,/Users/asekorneev/outputs/aipm_stability_20260919/human_quality_20260920/targets.csv,/Users/asekorneev/outputs/message_delivery_features_20260819/video_manifest.csv,128f8120b17a99b2b97216c669a900830cb2c2c80437a2f69bee4f137543eade,avitoautoau2602ucbncbt1c2c,128f8120b17a99b2b97216c669a900830cb2c2c80437a2f69bee4f137543eade,auto_2025_2026_shared,Auto,Cars,md58_3,3,current 10 full runs,2.0,2.4,1.0,3.0,2.5,1.0,3.0,2.8666666666666667,0.9666666666666666,1.0,1.0,1.0,2.0,2.0,1.0,1.0,1.0,1.0,3.0,3.0,1.0,1.0,1.0,1.0,3.0,3.0,1.0,1.0,1.0,1.0,0.0,0.0,1.0,0.0,0.0,1.0,1.0,1.0,1.0,1.0,1.0,1.0,1.0,1.1666666666666667,0.9666666666666666,2.0,2.0,1.0,0.0,0.0,1.0,2.0,2.1,1.0,0.0,2.1,2.132936507936508,0.0256410256410256,0.9743589743589745,0.2692307692307692,0.0384615384615384,0.0,0.1,2.4,2.5,2.8666666666666667,1.0,2.0,1.0,3.0,1.0,3.0,1.0,0.0,0.0,1.0,1.0,1.1666666666666667,2.0,2.0,1.0,2.4,2.5,0.0,2.1,20.0,0.3164348651960784,0.037610760336253,0.1917309843820393,0.1609927151416122,0.1162693720231206,0.0463667646046554,0.099277426307655,0.2019679193899781,0.1282051282051282,0.0,0.1259186788913096,0.1981152588649112,0.0743836238198983,0.1567556411027908,16.542552947998047,0.0398009950248756,8.049581527709961,,3.0,1.0,2.0,1.0,3.0,0.0,5,5,1.0,0.0,1.0,2.0,8.0,5.0,2.0,5.0,2.0,1.0,4.0,4.0,36.0,0.0,5.0,5.0,5.0,0.0,1.0,0.0,0.0,1.0,0.0,0.0,0.0,1.0,0.0,1.0,1.0,0.0
md58_3,pretest_md58,Avito_Auto_au-26-02-UCB-NCB-T1-C2C,brief column,Avito_Auto_au-26-02-UCB-NCB-T1-C2C.MP4,/Users/asekorneev/Desktop/Creatives_validation/Avito_Auto_au-26-02-UCB-NCB-T1-C2C.MP4,/Users/asekorneev/outputs/message_delivery_features_20260819/prepared_media/avitoautoau2602ucbncbt1c2c.mp4,True,Avito,3,holdout,0.1,0.1,0,0,6.0,0.0,0.1481,0.47,/Users/asekorneev/outputs/aipm3_value_context_20260914/sources/promiser_comparison/combo_input.csv,current_saved_target,60.0,Existing OPM / existing message fraction,False,/Users/asekorneev/outputs/aipm_stability_20260919/human_quality_20260920/targets.csv,/Users/asekorneev/outputs/message_delivery_features_20260819/video_manifest.csv,128f8120b17a99b2b97216c669a900830cb2c2c80437a2f69bee4f137543eade,avitoautoau2602ucbncbt1c2c,128f8120b17a99b2b97216c669a900830cb2c2c80437a2f69bee4f137543eade,auto_2025_2026_shared,Auto,Cars,md58_3,3,current 10 full runs,2.0,2.3,1.0,3.0,2.8,1.0,3.0,2.8666666666666667,0.9666666666666666,1.0,1.0,1.0,2.0,2.0,1.0,1.0,1.0,1.0,3.0,3.0,1.0,1.0,1.0,1.0,3.0,3.1,1.0,1.0,1.0,1.0,0.0,0.0,1.0,0.0,0.0,1.0,1.0,1.0,1.0,1.0,1.0,1.0,1.0,1.3666666666666667,0.9666666666666666,2.0,2.0,1.0,0.0,0.0,1.0,2.0,2.1,1.0,0.0,2.1,2.132936507936508,0.0256410256410256,0.9743589743589745,0.2692307692307692,0.0384615384615384,0.0,0.1,2.3,2.8,2.8666666666666667,1.0,2.0,1.0,3.0,1.0,3.1,1.0,0.0,0.0,1.0,1.0,1.3666666666666667,2.0,2.0,1.0,2.7,2.8,0.0,2.1,20.0,0.3164348651960784,0.037610760336253,0.1917309843820393,0.1609927151416122,0.1162693720231206,0.0463667646046554,0.099277426307655,0.2019679193899781,0.1282051282051282,0.0,0.1259186788913096,0.1981152588649112,0.0743836238198983,0.1567556411027908,16.542552947998047,0.0398009950248756,8.049581527709961,,3.0,1.0,2.0,1.0,3.0,0.0,6,6,1.0,0.0,1.0,2.0,8.0,5.0,2.0,5.0,2.0,2.0,4.0,4.0,38.0,0.0,5.0,5.0,5.0,0.0,1.0,0.0,0.0,1.0,0.0,0.0,0.0,1.0,0.0,1.0,1.0,0.0
md58_3,pretest_md58,Avito_Auto_au-26-02-UCB-NCB-T1-C2C,brief column,Avito_Auto_au-26-02-UCB-NCB-T1-C2C.MP4,/Users/asekorneev/Desktop/Creatives_validation/Avito_Auto_au-26-02-UCB-NCB-T1-C2C.MP4,/Users/asekorneev/outputs/message_delivery_features_20260819/prepared_media/avitoautoau2602ucbncbt1c2c.mp4,True,Avito,3,holdout,0.1,0.1,0,0,6.0,0.0,0.1481,0.47,/Users/asekorneev/outputs/aipm3_value_context_20260914/sources/promiser_comparison/combo_input.csv,current_saved_target,60.0,Existing OPM / existing message fraction,False,/Users/asekorneev/outputs/aipm_stability_20260919/human_quality_20260920/targets.csv,/Users/asekorneev/outputs/message_delivery_features_20260819/video_manifest.csv,128f8120b17a99b2b97216c669a900830cb2c2c80437a2f69bee4f137543eade,avitoautoau2602ucbncbt1c2c,128f8120b17a99b2b97216c669a900830cb2c2c80437a2f69bee4f137543eade,auto_2025_2026_shared,Auto,Cars,md58_3,3,current 10 full runs,2.0,2.3,1.0,2.0,2.4,1.0,3.0,2.8666666666666667,0.9666666666666666,1.0,1.0333333333333334,0.9666666666666666,2.0,2.033333333333333,0.9666666666666666,1.0,1.0,1.0,3.0,2.966666666666667,0.9666666666666666,1.0,1.0333333333333334,0.9666666666666666,3.0,3.033333333333333,0.9666666666666666,1.0,1.0666666666666669,0.9666666666666666,0.0,0.0,1.0,0.0,0.0,1.0,1.0,0.9666666666666668,0.9666666666666666,1.0,1.0,1.0,2.0,1.6666666666666667,0.9666666666666666,2.0,1.9666666666666663,0.9666666666666666,0.0,0.0,1.0,2.0,2.066666666666667,0.9666666666666666,0.0,2.066666666666667,2.132936507936508,0.0,1.0,0.2692307692307692,0.0384615384615384,0.0,0.1,2.3,2.4,2.8666666666666667,1.0333333333333334,2.033333333333333,1.0,2.966666666666667,1.0333333333333334,3.033333333333333,1.0666666666666669,0.0,0.0,0.9666666666666668,1.0,1.6666666666666667,1.9666666666666663,2.033333333333333,0.9666666666666668,2.2666666666666666,2.3666666666666667,0.0,2.066666666666667,20.0,0.3164348651960784,0.037610760336253,0.1917309843820393,0.1609927151416122,0.1162693720231206,0.0463667646046554,0.099277426307655,0.2019679193899781,0.1282051282051282,0.0,0.1259186788913096,0.1981152588649112,0.0743836238198983,0.1567556411027908,16.542552947998047,0.0398009950248756,8.049581527709961,,3.0,1.0,2.0,1.0,3.0,0.0,7,7,1.0,0.0,1.0,2.0,8.0,5.0,2.0,5.0,2.0,1.0,4.0,3.0,38.0,0.0,5.0,5.0,5.0,0.0,1.0,0.0,0.0,1.0,0.0,0.0,0.0,1.0,0.0,1.0,1.0,0.0
md58_3,pretest_md58,Avito_Auto_au-26-02-UCB-NCB-T1-C2C,brief column,Avito_Auto_au-26-02-UCB-NCB-T1-C2C.MP4,/Users/asekorneev/Desktop/Creatives_validation/Avito_Auto_au-26-02-UCB-NCB-T1-C2C.MP4,/Users/asekorneev/outputs/message_delivery_features_20260819/prepared_media/avitoautoau2602ucbncbt1c2c.mp4,True,Avito,3,holdout,0.1,0.1,0,0,6.0,0.0,0.1481,0.47,/Users/asekorneev/outputs/aipm3_value_context_20260914/sources/promiser_comparison/combo_input.csv,current_saved_target,60.0,Existing OPM / existing message fraction,False,/Users/asekorneev/outputs/aipm_stability_20260919/human_quality_20260920/targets.csv,/Users/asekorneev/outputs/message_delivery_features_20260819/video_manifest.csv,128f8120b17a99b2b97216c669a900830cb2c2c80437a2f69bee4f137543eade,avitoautoau2602ucbncbt1c2c,128f8120b17a99b2b97216c669a900830cb2c2c80437a2f69bee4f137543eade,auto_2025_2026_shared,Auto,Cars,md58_3,3,current 10 full runs,2.0,2.0,1.0,2.0,2.4,1.0,3.0,2.966666666666667,0.9666666666666666,1.0,1.0666666666666669,0.9666666666666666,2.0,2.0,1.0,1.0,1.0,1.0,3.0,3.0,1.0,1.0,0.9,1.0,3.0,3.0,1.0,1.0,1.0,1.0,0.0,0.0,1.0,0.0,0.0,1.0,1.0,1.0,1.0,1.0,1.0,1.0,1.0,1.3,0.9333333333333332,2.0,2.0,1.0,0.0,0.0,1.0,2.0,2.0,1.0,0.0,2.0,2.132936507936508,0.0512820512820512,0.9487179487179488,0.2692307692307692,0.0384615384615384,0.0,0.1,2.0,2.4,2.966666666666667,1.0666666666666669,2.0,1.0,3.0,0.9,3.0,1.0,0.0,0.0,1.0,1.0,1.3,2.0,2.0,1.0,2.3666666666666667,2.4,0.0,2.0,20.0,0.3164348651960784,0.037610760336253,0.1917309843820393,0.1609927151416122,0.1162693720231206,0.0463667646046554,0.099277426307655,0.2019679193899781,0.1282051282051282,0.0,0.1259186788913096,0.1981152588649112,0.0743836238198983,0.1567556411027908,16.542552947998047,0.0398009950248756,8.049581527709961,,3.0,1.0,2.0,1.0,3.0,0.0,8,8,1.0,0.0,1.0,2.0,8.0,5.0,2.0,5.0,2.0,1.0,4.0,3.0,38.0,0.0,5.0,5.0,5.0,0.0,1.0,0.0,0.0,1.0,0.0,0.0,0.0,1.0,0.0,1.0,1.0,0.0
md58_3,pretest_md58,Avito_Auto_au-26-02-UCB-NCB-T1-C2C,brief column,Avito_Auto_au-26-02-UCB-NCB-T1-C2C.MP4,/Users/asekorneev/Desktop/Creatives_validation/Avito_Auto_au-26-02-UCB-NCB-T1-C2C.MP4,/Users/asekorneev/outputs/message_delivery_features_20260819/prepared_media/avitoautoau2602ucbncbt1c2c.mp4,True,Avito,3,holdout,0.1,0.1,0,0,6.0,0.0,0.1481,0.47,/Users/asekorneev/outputs/aipm3_value_context_20260914/sources/promiser_comparison/combo_input.csv,current_saved_target,60.0,Existing OPM / existing message fraction,False,/Users/asekorneev/outputs/aipm_stability_20260919/human_quality_20260920/targets.csv,/Users/asekorneev/outputs/message_delivery_features_20260819/video_manifest.csv,128f8120b17a99b2b97216c669a900830cb2c2c80437a2f69bee4f137543eade,avitoautoau2602ucbncbt1c2c,128f8120b17a99b2b97216c669a900830cb2c2c80437a2f69bee4f137543eade,auto_2025_2026_shared,Auto,Cars,md58_3,3,current 10 full runs,2.0,2.3,1.0,3.0,2.6,1.0,3.0,2.9,1.0,1.0,1.1,1.0,2.0,2.0,1.0,1.0,1.0,1.0,3.0,3.0,1.0,1.0,1.0,1.0,3.0,3.0,1.0,1.0,1.0,1.0,0.0,0.0,1.0,0.0,0.0,1.0,1.0,1.0,1.0,1.0,1.0,1.0,2.0,1.5,1.0,2.0,2.0,1.0,0.0,0.0,1.0,2.0,2.0,1.0,0.0,2.0,2.132936507936508,0.0512820512820512,0.9487179487179488,0.2692307692307692,0.0384615384615384,0.0,0.1,2.3,2.6,2.9,1.1,2.0,1.0,3.0,1.0,3.0,1.0,0.0,0.0,1.0,1.0,1.5,2.0,2.0,1.0,2.6,2.6,0.0,2.0,20.0,0.3164348651960784,0.037610760336253,0.1917309843820393,0.1609927151416122,0.1162693720231206,0.0463667646046554,0.099277426307655,0.2019679193899781,0.1282051282051282,0.0,0.1259186788913096,0.1981152588649112,0.0743836238198983,0.1567556411027908,16.542552947998047,0.0398009950248756,8.049581527709961,,3.0,1.0,2.0,1.0,3.0,0.0,9,9,1.0,0.0,1.0,2.0,8.0,5.0,2.0,5.0,2.0,1.0,4.0,3.0,38.0,0.0,5.0,5.0,5.0,0.0,1.0,0.0,0.0,1.0,0.0,0.0,0.0,1.0,0.0,1.0,1.0,0.0
md58_3,pretest_md58,Avito_Auto_au-26-02-UCB-NCB-T1-C2C,brief column,Avito_Auto_au-26-02-UCB-NCB-T1-C2C.MP4,/Users/asekorneev/Desktop/Creatives_validation/Avito_Auto_au-26-02-UCB-NCB-T1-C2C.MP4,/Users/asekorneev/outputs/message_delivery_features_20260819/prepared_media/avitoautoau2602ucbncbt1c2c.mp4,True,Avito,3,holdout,0.1,0.1,0,0,6.0,0.0,0.1481,0.47,/Users/asekorneev/outputs/aipm3_value_context_20260914/sources/promiser_comparison/combo_input.csv,current_saved_target,60.0,Existing OPM / existing message fraction,False,/Users/asekorneev/outputs/aipm_stability_20260919/human_quality_20260920/targets.csv,/Users/asekorneev/outputs/message_delivery_features_20260819/video_manifest.csv,128f8120b17a99b2b97216c669a900830cb2c2c80437a2f69bee4f137543eade,avitoautoau2602ucbncbt1c2c,128f8120b17a99b2b97216c669a900830cb2c2c80437a2f69bee4f137543eade,auto_2025_2026_shared,Auto,Cars,md58_3,3,current 10 full runs,2.0,2.3,1.0,3.0,2.5,1.0,3.0,2.933333333333333,0.9333333333333332,1.0,1.0,1.0,2.0,2.0,1.0,1.0,1.0,1.0,3.0,3.0,1.0,1.0,1.0,1.0,3.0,3.0,1.0,1.0,1.0,1.0,0.0,0.0,1.0,0.0,0.0,1.0,1.0,1.0,1.0,1.0,1.0,1.0,1.0,1.4333333333333331,0.9666666666666666,2.0,2.0,1.0,0.0,0.0,1.0,2.0,2.1,1.0,0.0,2.1,2.132936507936508,0.0512820512820512,0.9487179487179488,0.2692307692307692,0.0384615384615384,0.0,0.1,2.3,2.5,2.933333333333333,1.0,2.0,1.0,3.0,1.0,3.0,1.0,0.0,0.0,1.0,1.0,1.4333333333333331,2.0,2.0,1.0,2.3,2.5,0.0,2.1,20.0,0.3164348651960784,0.037610760336253,0.1917309843820393,0.1609927151416122,0.1162693720231206,0.0463667646046554,0.099277426307655,0.2019679193899781,0.1282051282051282,0.0,0.1259186788913096,0.1981152588649112,0.0743836238198983,0.1567556411027908,16.542552947998047,0.0398009950248756,8.049581527709961,,3.0,1.0,2.0,1.0,3.0,0.0,10,10,1.0,0.0,1.0,2.0,8.0,5.0,2.0,5.0,2.0,2.0,4.0,4.0,38.0,0.0,5.0,5.0,5.0,0.0,1.0,0.0,0.0,1.0,0.0,0.0,0.0,1.0,0.0,1.0,1.0,0.0
md58_4,pretest_md58,Avito_Goods_gc-24-01-02-TRX-Buyer-Protection-T1-C2C,video filename; not an independently verified brief,Avito_Goods_gc-24-01-02-TRX-Buyer-Protection-T1-C2C.mp4,/Users/asekorneev/Desktop/Creatives_validation/Avito_Goods_gc-24-01-02-TRX-Buyer-Protection-T1-C2C.mp4,/Users/asekorneev/outputs/message_delivery_features_20260819/prepared_media/avitogoodsgc240102trxbuyerprotectiont1c2c.mp4,True,Avito,4,train,0.41,0.41,2,2,14.0,2.0,0.0913,0.46,/Users/asekorneev/outputs/aipm3_value_context_20260914/sources/promiser_comparison/combo_input.csv,current_saved_target,34.146341463414636,Existing OPM / existing message fraction,False,/Users/asekorneev/outputs/aipm_stability_20260919/human_quality_20260920/targets.csv,/Users/asekorneev/outputs/message_delivery_features_20260819/video_manifest.csv,11e788f113e2f23d3c19507674f1a8a99271a5b7651ddba6c3096462b5bd3774,avitogoodsgc240102trxbuyerprotectiont1c2c,11e788f113e2f23d3c19507674f1a8a99271a5b7651ddba6c3096462b5bd3774,11e788f113e2f23d3c19507674f1a8a99271a5b7651ddba6c3096462b5bd3774,Goods,Goods,md58_4,4,current 10 full runs,2.0,2.0,1.0,3.0,2.8,1.0,3.0,2.7,1.0,2.0,2.0,1.0,2.0,2.0,1.0,2.0,2.0,1.0,3.0,3.0,1.0,1.0,0.5,1.0,4.0,4.0,1.0,1.0,1.4,1.0,2.0,1.9,1.0,1.0,1.0,1.0,1.0,1.0,1.0,0.0,0.0,1.0,1.0,1.0,1.0,2.0,2.0,1.0,1.0,1.0,1.0,3.0,3.0,1.0,1.0,3.0,1.699150424787606,0.0,1.0,0.1923076923076923,0.2179487179487179,0.2051282051282051,0.41,2.0,2.8,2.7,2.0,2.0,2.0,3.0,0.5,4.0,1.4,1.9,1.0,1.0,0.0,1.0,2.0,2.0,1.0,2.0,2.8,1.0,3.0,20.0,0.4958678830791576,0.0929531517724883,0.2492617730543029,0.0929578431372548,0.0350991863685897,0.0384245841675251,0.1725671051896541,0.2730320987654321,0.4102564102564102,0.0256410256410256,0.1758520182764464,0.2335393587296722,0.1358558006535947,0.1833522021770477,12.925915718078612,0.005,5.970616340637207,,2.0,0.0,2.0,2.0,3.0,1.0,1,1,1.0,1.0,1.0,2.0,0.0,20.0,1.0,3.0,3.0,2.0,2.0,4.0,35.0,0.0,20.0,3.0,10.0,1.0,0.0,0.0,1.0,1.0,1.0,0.0,0.0,1.0,1.0,0.0,0.0,0.0
md58_5,pretest_md58,Avito_Goods_gc-24-02-03-SP-maintenance-SP-T1-C2C,video filename; not an independently verified brief,Avito_Goods_gc-24-02-03-SP-maintenance-SP-T1-C2C.mp4,/Users/asekorneev/Desktop/Creatives_validation/Avito_Goods_gc-24-02-03-SP-maintenance-SP-T1-C2C.mp4,/Users/asekorneev/outputs/message_delivery_features_20260819/prepared_media/avitogoodsgc240203spmaintenancespt1c2c.mp4,True,Avito,5,train,0.23,0.23,1,1,8.0,0.0,0.1292,0.21,/Users/asekorneev/outputs/aipm3_value_context_20260914/sources/promiser_comparison/combo_input.csv,current_saved_target,34.78260869565217,Existing OPM / existing message fraction,False,/Users/asekorneev/outputs/aipm_stability_20260919/human_quality_20260920/targets.csv,/Users/asekorneev/outputs/message_delivery_features_20260819/video_manifest.csv,e5a2c1856c8b93f9ec115d22321aa050ee0e99d47ec609885d2e0d69e1a78db3,avitogoodsgc240203spmaintenancespt1c2c,e5a2c1856c8b93f9ec115d22321aa050ee0e99d47ec609885d2e0d69e1a78db3,e5a2c1856c8b93f9ec115d22321aa050ee0e99d47ec609885d2e0d69e1a78db3,Goods,SP-SpareParts,md58_5,5,current 10 full runs,2.0,2.0,1.0,3.0,2.6,1.0,3.0,3.0,1.0,1.0,1.0,1.0,1.0,1.1,1.0,1.0,1.0,1.0,3.0,3.0,1.0,1.0,1.0,1.0,4.0,4.0,1.0,0.0,0.0,1.0,1.0,0.9,1.0,0.0,0.1,1.0,0.0,0.2,1.0,1.0,1.0,1.0,0.0,0.0,1.0,2.0,2.0,1.0,0.0,0.0,1.0,3.0,3.0,1.0,0.0,3.0,1.664447403462051,0.0512820512820512,0.9487179487179488,0.5,0.3076923076923076,0.0769230769230769,0.23,2.0,2.6,3.0,1.0,1.1,1.0,3.0,1.0,4.0,0.0,0.9,0.1,0.2,1.0,0.0,2.0,2.0,1.0,2.6,2.6,0.0,3.0,15.0,0.3193218772694262,0.2035305332492555,0.1876061087802868,0.0874804466230936,0.0378448779723181,0.0352506425652301,0.0951001865624921,0.1971042302106027,0.1034482758620689,0.1379310344827586,0.0713572228274025,0.1280657422795816,0.0452340232389252,0.0586770065128803,18.06943702697754,0.0866666666666666,9.50185489654541,,3.0,1.0,2.0,2.0,3.0,0.0,1,1,0.0,0.0,1.0,2.0,0.0,15.0,1.0,3.0,1.0,1.0,2.0,2.0,28.0,0.0,15.0,3.0,8.0,1.0,0.0,1.0,0.0,1.0,0.0,0.0,0.0,1.0,0.0,0.0,1.0,1.0
md58_5,pretest_md58,Avito_Goods_gc-24-02-03-SP-maintenance-SP-T1-C2C,video filename; not an independently verified brief,Avito_Goods_gc-24-02-03-SP-maintenance-SP-T1-C2C.mp4,/Users/asekorneev/Desktop/Creatives_validation/Avito_Goods_gc-24-02-03-SP-maintenance-SP-T1-C2C.mp4,/Users/asekorneev/outputs/message_delivery_features_20260819/prepared_media/avitogoodsgc240203spmaintenancespt1c2c.mp4,True,Avito,5,train,0.23,0.23,1,1,8.0,0.0,0.1292,0.21,/Users/asekorneev/outputs/aipm3_value_context_20260914/sources/promiser_comparison/combo_input.csv,current_saved_target,34.78260869565217,Existing OPM / existing message fraction,False,/Users/asekorneev/outputs/aipm_stability_20260919/human_quality_20260920/targets.csv,/Users/asekorneev/outputs/message_delivery_features_20260819/video_manifest.csv,e5a2c1856c8b93f9ec115d22321aa050ee0e99d47ec609885d2e0d69e1a78db3,avitogoodsgc240203spmaintenancespt1c2c,e5a2c1856c8b93f9ec115d22321aa050ee0e99d47ec609885d2e0d69e1a78db3,e5a2c1856c8b93f9ec115d22321aa050ee0e99d47ec609885d2e0d69e1a78db3,Goods,SP-SpareParts,md58_5,5,current 10 full runs,2.0,2.433333333333333,0.9666666666666666,3.0,2.8333333333333335,0.9666666666666666,3.0,3.0,1.0,1.0,1.0,1.0,1.0,1.0,1.0,1.0,1.0,1.0,3.0,3.0,1.0,1.0,1.0,1.0,4.0,3.8,1.0,0.0,0.0,1.0,1.0,1.0,1.0,0.0,0.2,1.0,0.0,0.2666666666666666,0.9666666666666666,1.0,1.0,1.0,0.0,0.0,1.0,2.0,2.033333333333333,0.9666666666666666,0.0,0.0,1.0,3.0,2.933333333333333,0.9666666666666666,0.0,2.933333333333333,1.664447403462051,0.0256410256410256,0.9743589743589745,0.2692307692307692,0.1666666666666666,0.1025641025641025,0.23,2.433333333333333,2.8333333333333335,3.0,1.0,1.0,1.0,3.0,1.0,3.8,0.0,1.0,0.2,0.2666666666666666,1.0,0.0,2.033333333333333,2.0,1.0,2.8333333333333335,2.8333333333333335,0.0,2.933333333333333,15.0,0.3193218772694262,0.2035305332492555,0.1876061087802868,0.0874804466230936,0.0378448779723181,0.0352506425652301,0.0951001865624921,0.1971042302106027,0.1034482758620689,0.1379310344827586,0.0713572228274025,0.1280657422795816,0.0452340232389252,0.0586770065128803,18.06943702697754,0.0866666666666666,9.50185489654541,,3.0,1.0,2.0,2.0,3.0,0.0,2,2,0.0,0.0,1.0,2.0,0.0,15.0,1.0,3.0,2.0,1.0,2.0,2.0,26.0,0.0,15.0,3.0,8.0,1.0,0.0,1.0,0.0,1.0,0.0,0.0,0.0,1.0,0.0,0.0,1.0,1.0
md58_5,pretest_md58,Avito_Goods_gc-24-02-03-SP-maintenance-SP-T1-C2C,video filename; not an independently verified brief,Avito_Goods_gc-24-02-03-SP-maintenance-SP-T1-C2C.mp4,/Users/asekorneev/Desktop/Creatives_validation/Avito_Goods_gc-24-02-03-SP-maintenance-SP-T1-C2C.mp4,/Users/asekorneev/outputs/message_delivery_features_20260819/prepared_media/avitogoodsgc240203spmaintenancespt1c2c.mp4,True,Avito,5,train,0.23,0.23,1,1,8.0,0.0,0.1292,0.21,/Users/asekorneev/outputs/aipm3_value_context_20260914/sources/promiser_comparison/combo_input.csv,current_saved_target,34.78260869565217,Existing OPM / existing message fraction,False,/Users/asekorneev/outputs/aipm_stability_20260919/human_quality_20260920/targets.csv,/Users/asekorneev/outputs/message_delivery_features_20260819/video_manifest.csv,e5a2c1856c8b93f9ec115d22321aa050ee0e99d47ec609885d2e0d69e1a78db3,avitogoodsgc240203spmaintenancespt1c2c,e5a2c1856c8b93f9ec115d22321aa050ee0e99d47ec609885d2e0d69e1a78db3,e5a2c1856c8b93f9ec115d22321aa050ee0e99d47ec609885d2e0d69e1a78db3,Goods,SP-SpareParts,md58_5,5,current 10 full runs,2.0,2.2333333333333334,0.9666666666666666,3.0,2.7333333333333334,0.9666666666666666,3.0,3.0,1.0,1.0,1.1,1.0,1.0,1.2,1.0,1.0,1.0,1.0,3.0,3.0,1.0,1.0,1.1,1.0,4.0,3.9,1.0,0.0,0.0,1.0,1.0,0.9,1.0,0.0,0.2,1.0,0.0,0.4666666666666667,0.9666666666666666,1.0,1.0,1.0,0.0,0.0,1.0,2.0,2.0,1.0,0.0,0.0,1.0,3.0,2.9,1.0,0.0,2.9,1.664447403462051,0.0256410256410256,0.9743589743589745,0.5,0.2564102564102564,0.0769230769230769,0.23,2.2333333333333334,2.7333333333333334,3.0,1.1,1.2,1.0,3.0,1.1,3.9,0.0,0.9,0.2,0.4666666666666667,1.0,0.0,2.0,2.0,1.0,2.7333333333333334,2.7333333333333334,0.0,2.9,15.0,0.3193218772694262,0.2035305332492555,0.1876061087802868,0.0874804466230936,0.0378448779723181,0.0352506425652301,0.0951001865624921,0.1971042302106027,0.1034482758620689,0.1379310344827586,0.0713572228274025,0.1280657422795816,0.0452340232389252,0.0586770065128803,18.06943702697754,0.0866666666666666,9.50185489654541,,3.0,1.0,2.0,2.0,3.0,0.0,3,3,0.0,0.0,1.0,2.0,0.0,15.0,1.0,3.0,1.0,1.0,2.0,2.0,26.0,0.0,15.0,3.0,8.0,1.0,0.0,1.0,0.0,1.0,0.0,0.0,0.0,1.0,0.0,0.0,1.0,0.0
md58_5,pretest_md58,Avito_Goods_gc-24-02-03-SP-maintenance-SP-T1-C2C,video filename; not an independently verified brief,Avito_Goods_gc-24-02-03-SP-maintenance-SP-T1-C2C.mp4,/Users/asekorneev/Desktop/Creatives_validation/Avito_Goods_gc-24-02-03-SP-maintenance-SP-T1-C2C.mp4,/Users/asekorneev/outputs/message_delivery_features_20260819/prepared_media/avitogoodsgc240203spmaintenancespt1c2c.mp4,True,Avito,5,train,0.23,0.23,1,1,8.0,0.0,0.1292,0.21,/Users/asekorneev/outputs/aipm3_value_context_20260914/sources/promiser_comparison/combo_input.csv,current_saved_target,34.78260869565217,Existing OPM / existing message fraction,False,/Users/asekorneev/outputs/aipm_stability_20260919/human_quality_20260920/targets.csv,/Users/asekorneev/outputs/message_delivery_features_20260819/video_manifest.csv,e5a2c1856c8b93f9ec115d22321aa050ee0e99d47ec609885d2e0d69e1a78db3,avitogoodsgc240203spmaintenancespt1c2c,e5a2c1856c8b93f9ec115d22321aa050ee0e99d47ec609885d2e0d69e1a78db3,e5a2c1856c8b93f9ec115d22321aa050ee0e99d47ec609885d2e0d69e1a78db3,Goods,SP-SpareParts,md58_5,5,current 10 full runs,2.0,2.4,1.0,3.0,2.8,1.0,3.0,3.0,1.0,1.0,1.0,1.0,1.0,1.0,1.0,1.0,1.0,1.0,3.0,3.0,1.0,1.0,1.0,1.0,4.0,3.9,1.0,0.0,0.0,1.0,1.0,1.0,1.0,0.0,0.1,1.0,0.0,0.1,1.0,1.0,1.0,1.0,0.0,0.0,1.0,2.0,2.0,1.0,0.0,0.0,1.0,3.0,3.0,1.0,0.0,3.0,1.664447403462051,0.0769230769230769,0.9230769230769232,0.7307692307692307,0.564102564102564,0.0769230769230769,0.23,2.4,2.8,3.0,1.0,1.0,1.0,3.0,1.0,3.9,0.0,1.0,0.1,0.1,1.0,0.0,2.0,2.0,1.0,2.8,2.8,0.0,3.0,15.0,0.3193218772694262,0.2035305332492555,0.1876061087802868,0.0874804466230936,0.0378448779723181,0.0352506425652301,0.0951001865624921,0.1971042302106027,0.1034482758620689,0.1379310344827586,0.0713572228274025,0.1280657422795816,0.0452340232389252,0.0586770065128803,18.06943702697754,0.0866666666666666,9.50185489654541,,3.0,1.0,2.0,2.0,3.0,0.0,4,4,0.0,0.0,1.0,2.0,0.0,15.0,1.0,3.0,1.0,1.0,2.0,2.0,28.0,0.0,15.0,3.0,8.0,1.0,0.0,1.0,0.0,1.0,0.0,0.0,0.0,1.0,0.0,0.0,1.0,0.0
md58_5,pretest_md58,Avito_Goods_gc-24-02-03-SP-maintenance-SP-T1-C2C,video filename; not an independently verified brief,Avito_Goods_gc-24-02-03-SP-maintenance-SP-T1-C2C.mp4,/Users/asekorneev/Desktop/Creatives_validation/Avito_Goods_gc-24-02-03-SP-maintenance-SP-T1-C2C.mp4,/Users/asekorneev/outputs/message_delivery_features_20260819/prepared_media/avitogoodsgc240203spmaintenancespt1c2c.mp4,True,Avito,5,train,0.23,0.23,1,1,8.0,0.0,0.1292,0.21,/Users/asekorneev/outputs/aipm3_value_context_20260914/sources/promiser_comparison/combo_input.csv,current_saved_target,34.78260869565217,Existing OPM / existing message fraction,False,/Users/asekorneev/outputs/aipm_stability_20260919/human_quality_20260920/targets.csv,/Users/asekorneev/outputs/message_delivery_features_20260819/video_manifest.csv,e5a2c1856c8b93f9ec115d22321aa050ee0e99d47ec609885d2e0d69e1a78db3,avitogoodsgc240203spmaintenancespt1c2c,e5a2c1856c8b93f9ec115d22321aa050ee0e99d47ec609885d2e0d69e1a78db3,e5a2c1856c8b93f9ec115d22321aa050ee0e99d47ec609885d2e0d69e1a78db3,Goods,SP-SpareParts,md58_5,5,current 10 full runs,2.0,2.3,1.0,3.0,2.7,1.0,3.0,3.0,1.0,1.0,1.2,1.0,1.0,1.2,1.0,1.0,1.0,1.0,3.0,3.0,1.0,1.0,1.1,1.0,4.0,3.9,1.0,0.0,0.0,1.0,1.0,1.0,1.0,0.0,0.2,1.0,0.0,0.3,1.0,1.0,1.0,1.0,0.0,0.0,1.0,2.0,2.0,1.0,0.0,0.0,1.0,3.0,2.9,1.0,0.0,2.9,1.664447403462051,0.0769230769230769,0.923076923076923,0.2692307692307692,0.2051282051282051,0.0769230769230769,0.23,2.3,2.7,3.0,1.2,1.2,1.0,3.0,1.1,3.9,0.0,1.0,0.2,0.3,1.0,0.0,2.0,2.0,1.0,2.7,2.7,0.0,2.9,15.0,0.3193218772694262,0.2035305332492555,0.1876061087802868,0.0874804466230936,0.0378448779723181,0.0352506425652301,0.0951001865624921,0.1971042302106027,0.1034482758620689,0.1379310344827586,0.0713572228274025,0.1280657422795816,0.0452340232389252,0.0586770065128803,18.06943702697754,0.0866666666666666,9.50185489654541,,3.0,1.0,2.0,2.0,3.0,0.0,5,5,0.0,0.0,1.0,2.0,0.0,15.0,1.0,3.0,1.0,1.0,2.0,3.0,25.0,0.0,15.0,3.0,8.0,1.0,0.0,1.0,0.0,1.0,0.0,0.0,0.0,1.0,0.0,0.0,1.0,1.0
md58_5,pretest_md58,Avito_Goods_gc-24-02-03-SP-maintenance-SP-T1-C2C,video filename; not an independently verified brief,Avito_Goods_gc-24-02-03-SP-maintenance-SP-T1-C2C.mp4,/Users/asekorneev/Desktop/Creatives_validation/Avito_Goods_gc-24-02-03-SP-maintenance-SP-T1-C2C.mp4,/Users/asekorneev/outputs/message_delivery_features_20260819/prepared_media/avitogoodsgc240203spmaintenancespt1c2c.mp4,True,Avito,5,train,0.23,0.23,1,1,8.0,0.0,0.1292,0.21,/Users/asekorneev/outputs/aipm3_value_context_20260914/sources/promiser_comparison/combo_input.csv,current_saved_target,34.78260869565217,Existing OPM / existing message fraction,False,/Users/asekorneev/outputs/aipm_stability_20260919/human_quality_20260920/targets.csv,/Users/asekorneev/outputs/message_delivery_features_20260819/video_manifest.csv,e5a2c1856c8b93f9ec115d22321aa050ee0e99d47ec609885d2e0d69e1a78db3,avitogoodsgc240203spmaintenancespt1c2c,e5a2c1856c8b93f9ec115d22321aa050ee0e99d47ec609885d2e0d69e1a78db3,e5a2c1856c8b93f9ec115d22321aa050ee0e99d47ec609885d2e0d69e1a78db3,Goods,SP-SpareParts,md58_5,5,current 10 full runs,2.0,2.3,1.0,3.0,2.8,1.0,3.0,3.0,1.0,1.0,1.0,1.0,1.0,1.0,1.0,1.0,1.0,1.0,3.0,3.0,1.0,1.0,1.0,1.0,4.0,3.9,1.0,0.0,0.0,1.0,1.0,0.8,1.0,0.0,0.0,1.0,0.0,0.2,1.0,1.0,1.0,1.0,0.0,0.0,1.0,2.0,2.0,1.0,0.0,0.0,1.0,3.0,3.0,1.0,0.0,3.0,1.664447403462051,0.0769230769230769,0.9230769230769232,0.2692307692307692,0.1794871794871795,0.1282051282051282,0.23,2.3,2.8,3.0,1.0,1.0,1.0,3.0,1.0,3.9,0.0,0.8,0.0,0.2,1.0,0.0,2.0,2.0,1.0,2.8,2.8,0.0,3.0,15.0,0.3193218772694262,0.2035305332492555,0.1876061087802868,0.0874804466230936,0.0378448779723181,0.0352506425652301,0.0951001865624921,0.1971042302106027,0.1034482758620689,0.1379310344827586,0.0713572228274025,0.1280657422795816,0.0452340232389252,0.0586770065128803,18.06943702697754,0.0866666666666666,9.50185489654541,,3.0,1.0,2.0,2.0,3.0,0.0,6,6,0.0,0.0,1.0,2.0,0.0,15.0,1.0,3.0,2.0,1.0,2.0,3.0,30.0,0.0,15.0,3.0,8.0,1.0,0.0,1.0,0.0,1.0,0.0,0.0,0.0,1.0,0.0,0.0,1.0,1.0
md58_5,pretest_md58,Avito_Goods_gc-24-02-03-SP-maintenance-SP-T1-C2C,video filename; not an independently verified brief,Avito_Goods_gc-24-02-03-SP-maintenance-SP-T1-C2C.mp4,/Users/asekorneev/Desktop/Creatives_validation/Avito_Goods_gc-24-02-03-SP-maintenance-SP-T1-C2C.mp4,/Users/asekorneev/outputs/message_delivery_features_20260819/prepared_media/avitogoodsgc240203spmaintenancespt1c2c.mp4,True,Avito,5,train,0.23,0.23,1,1,8.0,0.0,0.1292,0.21,/Users/asekorneev/outputs/aipm3_value_context_20260914/sources/promiser_comparison/combo_input.csv,current_saved_target,34.78260869565217,Existing OPM / existing message fraction,False,/Users/asekorneev/outputs/aipm_stability_20260919/human_quality_20260920/targets.csv,/Users/asekorneev/outputs/message_delivery_features_20260819/video_manifest.csv,e5a2c1856c8b93f9ec115d22321aa050ee0e99d47ec609885d2e0d69e1a78db3,avitogoodsgc240203spmaintenancespt1c2c,e5a2c1856c8b93f9ec115d22321aa050ee0e99d47ec609885d2e0d69e1a78db3,e5a2c1856c8b93f9ec115d22321aa050ee0e99d47ec609885d2e0d69e1a78db3,Goods,SP-SpareParts,md58_5,5,current 10 full runs,2.0,2.2333333333333334,0.9666666666666666,3.0,2.8333333333333335,0.9666666666666666,3.0,3.0,1.0,1.0,1.1,1.0,1.0,1.1,1.0,1.0,1.0,1.0,3.0,3.0,1.0,1.0,1.0,1.0,4.0,3.9,1.0,0.0,0.0,1.0,1.0,0.9,1.0,0.0,0.3,1.0,0.0,0.3666666666666666,0.9666666666666666,1.0,1.0,1.0,0.0,0.0,1.0,2.0,2.0,1.0,0.0,0.0,1.0,3.0,3.0,1.0,0.0,3.0,1.664447403462051,0.1025641025641025,0.8974358974358975,0.2692307692307692,0.1666666666666666,0.1025641025641025,0.23,2.2333333333333334,2.8333333333333335,3.0,1.1,1.1,1.0,3.0,1.0,3.9,0.0,0.9,0.3,0.3666666666666666,1.0,0.0,2.0,2.0,1.0,2.8333333333333335,2.8333333333333335,0.0,3.0,15.0,0.3193218772694262,0.2035305332492555,0.1876061087802868,0.0874804466230936,0.0378448779723181,0.0352506425652301,0.0951001865624921,0.1971042302106027,0.1034482758620689,0.1379310344827586,0.0713572228274025,0.1280657422795816,0.0452340232389252,0.0586770065128803,18.06943702697754,0.0866666666666666,9.50185489654541,,3.0,1.0,2.0,2.0,3.0,0.0,7,7,0.0,0.0,1.0,2.0,0.0,15.0,1.0,3.0,1.0,1.0,2.0,3.0,25.0,0.0,15.0,3.0,8.0,1.0,0.0,1.0,0.0,1.0,0.0,0.0,0.0,1.0,0.0,0.0,1.0,1.0
md58_5,pretest_md58,Avito_Goods_gc-24-02-03-SP-maintenance-SP-T1-C2C,video filename; not an independently verified brief,Avito_Goods_gc-24-02-03-SP-maintenance-SP-T1-C2C.mp4,/Users/asekorneev/Desktop/Creatives_validation/Avito_Goods_gc-24-02-03-SP-maintenance-SP-T1-C2C.mp4,/Users/asekorneev/outputs/message_delivery_features_20260819/prepared_media/avitogoodsgc240203spmaintenancespt1c2c.mp4,True,Avito,5,train,0.23,0.23,1,1,8.0,0.0,0.1292,0.21,/Users/asekorneev/outputs/aipm3_value_context_20260914/sources/promiser_comparison/combo_input.csv,current_saved_target,34.78260869565217,Existing OPM / existing message fraction,False,/Users/asekorneev/outputs/aipm_stability_20260919/human_quality_20260920/targets.csv,/Users/asekorneev/outputs/message_delivery_features_20260819/video_manifest.csv,e5a2c1856c8b93f9ec115d22321aa050ee0e99d47ec609885d2e0d69e1a78db3,avitogoodsgc240203spmaintenancespt1c2c,e5a2c1856c8b93f9ec115d22321aa050ee0e99d47ec609885d2e0d69e1a78db3,e5a2c1856c8b93f9ec115d22321aa050ee0e99d47ec609885d2e0d69e1a78db3,Goods,SP-SpareParts,md58_5,5,current 10 full runs,2.0,2.4,1.0,3.0,2.8,1.0,3.0,3.0,1.0,1.0,1.0,1.0,1.0,1.1,1.0,1.0,1.0,1.0,3.0,3.0,1.0,1.0,1.0,1.0,4.0,4.0,1.0,0.0,0.0,1.0,1.0,0.9,1.0,0.0,0.1,1.0,0.0,0.1,1.0,1.0,1.0,1.0,0.0,0.0,1.0,2.0,2.0,1.0,0.0,0.0,1.0,3.0,3.0,1.0,0.0,3.0,1.664447403462051,0.0512820512820512,0.9487179487179488,0.2692307692307692,0.1923076923076923,0.1025641025641025,0.23,2.4,2.8,3.0,1.0,1.1,1.0,3.0,1.0,4.0,0.0,0.9,0.1,0.1,1.0,0.0,2.0,2.0,1.0,2.8,2.8,0.0,3.0,15.0,0.3193218772694262,0.2035305332492555,0.1876061087802868,0.0874804466230936,0.0378448779723181,0.0352506425652301,0.0951001865624921,0.1971042302106027,0.1034482758620689,0.1379310344827586,0.0713572228274025,0.1280657422795816,0.0452340232389252,0.0586770065128803,18.06943702697754,0.0866666666666666,9.50185489654541,,3.0,1.0,2.0,2.0,3.0,0.0,8,8,0.0,0.0,1.0,2.0,0.0,15.0,1.0,3.0,1.0,1.0,2.0,2.0,26.0,0.0,15.0,3.0,8.0,1.0,0.0,1.0,0.0,1.0,0.0,0.0,0.0,1.0,0.0,0.0,1.0,0.0
md58_5,pretest_md58,Avito_Goods_gc-24-02-03-SP-maintenance-SP-T1-C2C,video filename; not an independently verified brief,Avito_Goods_gc-24-02-03-SP-maintenance-SP-T1-C2C.mp4,/Users/asekorneev/Desktop/Creatives_validation/Avito_Goods_gc-24-02-03-SP-maintenance-SP-T1-C2C.mp4,/Users/asekorneev/outputs/message_delivery_features_20260819/prepared_media/avitogoodsgc240203spmaintenancespt1c2c.mp4,True,Avito,5,train,0.23,0.23,1,1,8.0,0.0,0.1292,0.21,/Users/asekorneev/outputs/aipm3_value_context_20260914/sources/promiser_comparison/combo_input.csv,current_saved_target,34.78260869565217,Existing OPM / existing message fraction,False,/Users/asekorneev/outputs/aipm_stability_20260919/human_quality_20260920/targets.csv,/Users/asekorneev/outputs/message_delivery_features_20260819/video_manifest.csv,e5a2c1856c8b93f9ec115d22321aa050ee0e99d47ec609885d2e0d69e1a78db3,avitogoodsgc240203spmaintenancespt1c2c,e5a2c1856c8b93f9ec115d22321aa050ee0e99d47ec609885d2e0d69e1a78db3,e5a2c1856c8b93f9ec115d22321aa050ee0e99d47ec609885d2e0d69e1a78db3,Goods,SP-SpareParts,md58_5,5,current 10 full runs,2.0,2.2,1.0,3.0,2.9,1.0,3.0,3.0,1.0,1.0,1.0,1.0,1.0,1.1,1.0,1.0,1.0,1.0,3.0,3.0,1.0,1.0,1.0,1.0,4.0,3.9,1.0,0.0,0.1,1.0,1.0,1.0,1.0,0.0,0.1,1.0,0.0,0.3,1.0,1.0,1.0,1.0,0.0,0.0,1.0,2.0,2.0,1.0,0.0,0.0,1.0,3.0,3.0,1.0,0.0,3.0,1.664447403462051,0.0512820512820512,0.9487179487179488,0.7307692307692307,0.5256410256410257,0.0512820512820512,0.23,2.2,2.9,3.0,1.0,1.1,1.0,3.0,1.0,3.9,0.1,1.0,0.1,0.3,1.0,0.0,2.0,2.0,1.0,2.9,2.9,0.0,3.0,15.0,0.3193218772694262,0.2035305332492555,0.1876061087802868,0.0874804466230936,0.0378448779723181,0.0352506425652301,0.0951001865624921,0.1971042302106027,0.1034482758620689,0.1379310344827586,0.0713572228274025,0.1280657422795816,0.0452340232389252,0.0586770065128803,18.06943702697754,0.0866666666666666,9.50185489654541,,3.0,1.0,2.0,2.0,3.0,0.0,9,9,0.0,0.0,1.0,2.0,0.0,15.0,1.0,3.0,1.0,1.0,2.0,2.0,26.0,0.0,15.0,3.0,8.0,1.0,0.0,1.0,0.0,1.0,0.0,0.0,0.0,1.0,0.0,0.0,1.0,0.0
md58_5,pretest_md58,Avito_Goods_gc-24-02-03-SP-maintenance-SP-T1-C2C,video filename; not an independently verified brief,Avito_Goods_gc-24-02-03-SP-maintenance-SP-T1-C2C.mp4,/Users/asekorneev/Desktop/Creatives_validation/Avito_Goods_gc-24-02-03-SP-maintenance-SP-T1-C2C.mp4,/Users/asekorneev/outputs/message_delivery_features_20260819/prepared_media/avitogoodsgc240203spmaintenancespt1c2c.mp4,True,Avito,5,train,0.23,0.23,1,1,8.0,0.0,0.1292,0.21,/Users/asekorneev/outputs/aipm3_value_context_20260914/sources/promiser_comparison/combo_input.csv,current_saved_target,34.78260869565217,Existing OPM / existing message fraction,False,/Users/asekorneev/outputs/aipm_stability_20260919/human_quality_20260920/targets.csv,/Users/asekorneev/outputs/message_delivery_features_20260819/video_manifest.csv,e5a2c1856c8b93f9ec115d22321aa050ee0e99d47ec609885d2e0d69e1a78db3,avitogoodsgc240203spmaintenancespt1c2c,e5a2c1856c8b93f9ec115d22321aa050ee0e99d47ec609885d2e0d69e1a78db3,e5a2c1856c8b93f9ec115d22321aa050ee0e99d47ec609885d2e0d69e1a78db3,Goods,SP-SpareParts,md58_5,5,current 10 full runs,2.0,2.2333333333333334,0.9666666666666666,3.0,2.7333333333333334,0.9666666666666666,3.0,3.0,1.0,1.0,1.0,1.0,1.0,1.0,1.0,1.0,1.0,1.0,3.0,3.0,1.0,1.0,1.0,1.0,4.0,4.0,1.0,0.0,0.0,1.0,1.0,1.0,1.0,0.0,0.3,1.0,0.0,0.2666666666666666,0.9666666666666666,1.0,1.0,1.0,0.0,0.0,1.0,2.0,2.0,1.0,0.0,0.0,1.0,3.0,3.0,1.0,0.0,3.0,1.664447403462051,0.0769230769230769,0.923076923076923,0.2692307692307692,0.3589743589743588,0.1794871794871795,0.23,2.2333333333333334,2.7333333333333334,3.0,1.0,1.0,1.0,3.0,1.0,4.0,0.0,1.0,0.3,0.2666666666666666,1.0,0.0,2.0,2.0,1.0,2.7333333333333334,2.8333333333333335,0.0,3.0,15.0,0.3193218772694262,0.2035305332492555,0.1876061087802868,0.0874804466230936,0.0378448779723181,0.0352506425652301,0.0951001865624921,0.1971042302106027,0.1034482758620689,0.1379310344827586,0.0713572228274025,0.1280657422795816,0.0452340232389252,0.0586770065128803,18.06943702697754,0.0866666666666666,9.50185489654541,,3.0,1.0,2.0,2.0,3.0,0.0,10,10,0.0,0.0,1.0,2.0,0.0,15.0,1.0,3.0,1.0,1.0,2.0,2.0,28.0,0.0,15.0,3.0,8.0,1.0,0.0,1.0,0.0,1.0,0.0,0.0,0.0,1.0,0.0,0.0,1.0,0.0
md58_6,pretest_md58,Avito_Goods_gc-24-02-EL-GenderHolidays-T1-C2C,video filename; not an independently verified brief,Avito_Goods_gc-24-02-EL-GenderHolidays-T1-C2C.mp4,/Users/asekorneev/Desktop/Creatives_validation/Avito_Goods_gc-24-02-EL-GenderHolidays-T1-C2C.mp4,/Users/asekorneev/outputs/message_delivery_features_20260819/prepared_media/avitogoodsgc2402elgenderholidayst1c2c.mp4,True,Avito,6,train,0.3,0.3,2,2,9.0,1.0,0.1691,0.27,/Users/asekorneev/outputs/aipm3_value_context_20260914/sources/promiser_comparison/combo_input.csv,current_saved_target,30.0,Existing OPM / existing message fraction,False,/Users/asekorneev/outputs/aipm_stability_20260919/human_quality_20260920/targets.csv,/Users/asekorneev/outputs/message_delivery_features_20260819/video_manifest.csv,01c8a8280a464532520986540d92068073cbd6206f5bee18db8043ff7f7b0d94,avitogoodsgc2402elgenderholidayst1c2c,01c8a8280a464532520986540d92068073cbd6206f5bee18db8043ff7f7b0d94,01c8a8280a464532520986540d92068073cbd6206f5bee18db8043ff7f7b0d94,Goods,Goods,md58_6,6,current 10 full runs,3.0,3.0,1.0,3.0,3.0,1.0,4.0,4.0,1.0,2.0,1.5666666666666669,0.9666666666666666,2.0,2.0,1.0,0.0,0.0,1.0,3.0,3.0,1.0,1.0,0.8,1.0,4.0,4.0,1.0,2.0,2.0,1.0,1.0,1.0,1.0,0.0,0.0,1.0,1.0,0.9,1.0,0.0,0.0,1.0,1.0,0.9,1.0,3.0,2.8,1.0,1.0,0.7,1.0,3.0,3.0,1.0,1.0,3.0,1.4869063470927653,0.0769230769230769,0.923076923076923,0.2692307692307692,0.0641025641025641,0.0512820512820512,0.3,3.0,3.0,4.0,1.5666666666666669,2.0,0.0,3.0,0.8,4.0,2.0,1.0,0.0,0.9,0.0,0.9,2.8,3.0,1.0,3.0,3.0,0.7,3.0,15.0,0.5386217259743402,0.2282616523941344,0.2015416194525824,0.1152138435003631,0.0179244989684112,0.0397105356257022,0.1110715730097914,0.2666963507625272,0.1724137931034483,0.1034482758620689,0.0576592985959816,0.2243632081122541,0.1132749636891793,0.3605861961841583,11.982902526855469,0.0133333333333333,13.83139705657959,,2.0,0.0,2.0,1.0,2.0,0.0,1,1,0.0,1.0,1.0,3.0,0.0,15.0,2.0,4.0,3.0,2.0,2.0,2.0,22.0,0.0,15.0,4.0,0.0,1.0,0.0,1.0,0.0,1.0,1.0,0.0,0.0,1.0,1.0,1.0,0.0,1.0
md58_7,pretest_md58,Avito_Goods_gc-24-03-04-SP-Summer-tires-T1-C2C,video filename; not an independently verified brief,Avito_Goods_gc-24-03-04-SP-Summer-tires-T1-C2C.mp4,/Users/asekorneev/Desktop/Creatives_validation/Avito_Goods_gc-24-03-04-SP-Summer-tires-T1-C2C.mp4,/Users/asekorneev/outputs/message_delivery_features_20260819/prepared_media/avitogoodsgc240304spsummertirest1c2c.mp4,True,Avito,7,train,0.5,0.5,2,2,20.0,2.0,0.1662,0.27,/Users/asekorneev/outputs/aipm3_value_context_20260914/sources/promiser_comparison/combo_input.csv,current_saved_target,40.0,Existing OPM / existing message fraction,False,/Users/asekorneev/outputs/aipm_stability_20260919/human_quality_20260920/targets.csv,/Users/asekorneev/outputs/message_delivery_features_20260819/video_manifest.csv,57cc56fb59a6787a85cf30f64ed4d5016384070c1926a7d70d49fb466e2d9c44,avitogoodsgc240304spsummertirest1c2c,57cc56fb59a6787a85cf30f64ed4d5016384070c1926a7d70d49fb466e2d9c44,57cc56fb59a6787a85cf30f64ed4d5016384070c1926a7d70d49fb466e2d9c44,Goods,SP-Tires,md58_7,7,current 10 full runs,3.0,3.0,1.0,3.0,3.0,1.0,3.0,3.0,1.0,1.0,1.2,1.0,2.0,2.0,1.0,1.0,1.0,1.0,3.0,3.0,1.0,0.0,0.0,1.0,4.0,4.0,1.0,0.0,0.4,1.0,0.0,0.4,1.0,0.0,0.0,1.0,1.0,0.7,1.0,1.0,0.9,1.0,1.0,0.9,1.0,2.0,2.0,1.0,0.0,0.2,1.0,3.0,3.0,1.0,0.0,3.0,2.1970705725699067,0.1025641025641025,0.8974358974358975,0.2692307692307692,0.2307692307692307,0.0769230769230769,0.5,3.0,3.0,3.0,1.2,2.0,1.0,3.0,0.0,4.0,0.4,0.4,0.0,0.7,0.9,0.9,2.0,2.8,1.0,3.0,3.0,0.2,3.0,15.0,0.5583310003631082,0.105950430462938,0.2346618875604608,0.1564031771968046,0.0371452689709715,0.0389940183518939,0.1131296045876843,0.2727375635439361,0.2068965517241379,0.1034482758620689,0.1553087327523602,0.1694475404142641,0.1889403140885984,0.0587771609425544,9.59834098815918,0.0,4.082991600036621,,2.0,0.0,3.0,2.0,3.0,0.0,1,1,1.0,0.0,0.0,2.0,1.0,15.0,2.0,4.0,2.0,1.0,1.0,0.0,35.0,0.0,15.0,4.0,5.0,1.0,0.0,0.0,0.0,1.0,0.0,1.0,0.0,1.0,0.0,0.0,1.0,0.0
md58_7,pretest_md58,Avito_Goods_gc-24-03-04-SP-Summer-tires-T1-C2C,video filename; not an independently verified brief,Avito_Goods_gc-24-03-04-SP-Summer-tires-T1-C2C.mp4,/Users/asekorneev/Desktop/Creatives_validation/Avito_Goods_gc-24-03-04-SP-Summer-tires-T1-C2C.mp4,/Users/asekorneev/outputs/message_delivery_features_20260819/prepared_media/avitogoodsgc240304spsummertirest1c2c.mp4,True,Avito,7,train,0.5,0.5,2,2,20.0,2.0,0.1662,0.27,/Users/asekorneev/outputs/aipm3_value_context_20260914/sources/promiser_comparison/combo_input.csv,current_saved_target,40.0,Existing OPM / existing message fraction,False,/Users/asekorneev/outputs/aipm_stability_20260919/human_quality_20260920/targets.csv,/Users/asekorneev/outputs/message_delivery_features_20260819/video_manifest.csv,57cc56fb59a6787a85cf30f64ed4d5016384070c1926a7d70d49fb466e2d9c44,avitogoodsgc240304spsummertirest1c2c,57cc56fb59a6787a85cf30f64ed4d5016384070c1926a7d70d49fb466e2d9c44,57cc56fb59a6787a85cf30f64ed4d5016384070c1926a7d70d49fb466e2d9c44,Goods,SP-Tires,md58_7,7,current 10 full runs,3.0,3.0,1.0,3.0,3.0,1.0,3.0,3.0,1.0,1.0,1.3,1.0,2.0,2.0,1.0,1.0,1.0,1.0,3.0,3.0,1.0,0.0,0.0,1.0,4.0,4.0,1.0,1.0,0.6,1.0,1.0,0.5,1.0,0.0,0.0,1.0,1.0,0.9,1.0,1.0,0.8,1.0,1.0,0.9,1.0,2.0,2.0,1.0,0.0,0.3,1.0,3.0,3.0,1.0,0.0,3.0,2.1970705725699067,0.1282051282051282,0.8717948717948718,0.2692307692307692,0.2564102564102564,0.0256410256410256,0.5,3.0,3.0,3.0,1.3,2.0,1.0,3.0,0.0,4.0,0.6,0.5,0.0,0.9,0.8,0.9,2.0,2.7,1.0,3.0,3.0,0.3,3.0,15.0,0.5583310003631082,0.105950430462938,0.2346618875604608,0.1564031771968046,0.0371452689709715,0.0389940183518939,0.1131296045876843,0.2727375635439361,0.2068965517241379,0.1034482758620689,0.1553087327523602,0.1694475404142641,0.1889403140885984,0.0587771609425544,9.59834098815918,0.0,4.082991600036621,,2.0,1.0,2.0,2.0,3.0,0.0,2,2,1.0,0.0,0.0,3.0,1.0,15.0,2.0,4.0,2.0,1.0,1.0,0.0,35.0,0.0,15.0,4.0,5.0,1.0,0.0,0.0,0.0,1.0,0.0,1.0,0.0,1.0,0.0,0.0,1.0,0.0
md58_7,pretest_md58,Avito_Goods_gc-24-03-04-SP-Summer-tires-T1-C2C,video filename; not an independently verified brief,Avito_Goods_gc-24-03-04-SP-Summer-tires-T1-C2C.mp4,/Users/asekorneev/Desktop/Creatives_validation/Avito_Goods_gc-24-03-04-SP-Summer-tires-T1-C2C.mp4,/Users/asekorneev/outputs/message_delivery_features_20260819/prepared_media/avitogoodsgc240304spsummertirest1c2c.mp4,True,Avito,7,train,0.5,0.5,2,2,20.0,2.0,0.1662,0.27,/Users/asekorneev/outputs/aipm3_value_context_20260914/sources/promiser_comparison/combo_input.csv,current_saved_target,40.0,Existing OPM / existing message fraction,False,/Users/asekorneev/outputs/aipm_stability_20260919/human_quality_20260920/targets.csv,/Users/asekorneev/outputs/message_delivery_features_20260819/video_manifest.csv,57cc56fb59a6787a85cf30f64ed4d5016384070c1926a7d70d49fb466e2d9c44,avitogoodsgc240304spsummertirest1c2c,57cc56fb59a6787a85cf30f64ed4d5016384070c1926a7d70d49fb466e2d9c44,57cc56fb59a6787a85cf30f64ed4d5016384070c1926a7d70d49fb466e2d9c44,Goods,SP-Tires,md58_7,7,current 10 full runs,3.0,3.0,1.0,3.0,3.0,1.0,3.0,3.0,1.0,1.0,1.1666666666666667,0.9666666666666666,2.0,2.0,1.0,1.0,1.0,1.0,3.0,3.0,1.0,0.0,0.0,1.0,4.0,3.9,0.9333333333333332,0.0,0.3,1.0,0.0,0.3666666666666666,0.9666666666666666,0.0,0.0,1.0,1.0,0.9,1.0,1.0,0.9,1.0,1.0,0.7666666666666667,0.9666666666666666,2.0,2.0,1.0,0.0,0.3,1.0,3.0,3.0,1.0,0.0,3.0,2.1970705725699067,0.0512820512820512,0.9487179487179488,0.2692307692307692,0.2435897435897435,0.0512820512820512,0.5,3.0,3.0,3.0,1.1666666666666667,2.0,1.0,3.0,0.0,3.9,0.3,0.3666666666666666,0.0,0.9,0.9,0.7666666666666667,2.0,2.4,1.0,3.0,3.0,0.3,3.0,15.0,0.5583310003631082,0.105950430462938,0.2346618875604608,0.1564031771968046,0.0371452689709715,0.0389940183518939,0.1131296045876843,0.2727375635439361,0.2068965517241379,0.1034482758620689,0.1553087327523602,0.1694475404142641,0.1889403140885984,0.0587771609425544,9.59834098815918,0.0,4.082991600036621,,2.0,0.0,3.0,2.0,3.0,0.0,3,3,1.0,0.0,0.0,2.0,1.0,15.0,2.0,4.0,3.0,1.0,1.0,0.0,35.0,0.0,15.0,4.0,5.0,1.0,0.0,0.0,0.0,1.0,0.0,1.0,0.0,1.0,0.0,0.0,1.0,0.0
md58_7,pretest_md58,Avito_Goods_gc-24-03-04-SP-Summer-tires-T1-C2C,video filename; not an independently verified brief,Avito_Goods_gc-24-03-04-SP-Summer-tires-T1-C2C.mp4,/Users/asekorneev/Desktop/Creatives_validation/Avito_Goods_gc-24-03-04-SP-Summer-tires-T1-C2C.mp4,/Users/asekorneev/outputs/message_delivery_features_20260819/prepared_media/avitogoodsgc240304spsummertirest1c2c.mp4,True,Avito,7,train,0.5,0.5,2,2,20.0,2.0,0.1662,0.27,/Users/asekorneev/outputs/aipm3_value_context_20260914/sources/promiser_comparison/combo_input.csv,current_saved_target,40.0,Existing OPM / existing message fraction,False,/Users/asekorneev/outputs/aipm_stability_20260919/human_quality_20260920/targets.csv,/Users/asekorneev/outputs/message_delivery_features_20260819/video_manifest.csv,57cc56fb59a6787a85cf30f64ed4d5016384070c1926a7d70d49fb466e2d9c44,avitogoodsgc240304spsummertirest1c2c,57cc56fb59a6787a85cf30f64ed4d5016384070c1926a7d70d49fb466e2d9c44,57cc56fb59a6787a85cf30f64ed4d5016384070c1926a7d70d49fb466e2d9c44,Goods,SP-Tires,md58_7,7,current 10 full runs,3.0,3.0,1.0,3.0,3.0,1.0,3.0,3.0,1.0,1.0,1.2,1.0,2.0,2.0,1.0,1.0,1.0,1.0,3.0,3.0,1.0,0.0,0.0,1.0,4.0,3.933333333333333,0.9666666666666666,0.0,0.4,1.0,0.0,0.2,1.0,0.0,0.0,1.0,1.0,0.6,1.0,1.0,0.9,1.0,1.0,0.9,1.0,2.0,2.0,1.0,0.0,0.3,1.0,3.0,3.0,1.0,0.0,3.0,2.1970705725699067,0.0769230769230769,0.9230769230769232,0.2692307692307692,0.2307692307692307,0.0256410256410256,0.5,3.0,3.0,3.0,1.2,2.0,1.0,3.0,0.0,3.933333333333333,0.4,0.2,0.0,0.6,0.9,0.9,2.0,2.5,1.0,3.0,3.0,0.3,3.0,15.0,0.5583310003631082,0.105950430462938,0.2346618875604608,0.1564031771968046,0.0371452689709715,0.0389940183518939,0.1131296045876843,0.2727375635439361,0.2068965517241379,0.1034482758620689,0.1553087327523602,0.1694475404142641,0.1889403140885984,0.0587771609425544,9.59834098815918,0.0,4.082991600036621,,2.0,0.0,3.0,2.0,3.0,0.0,4,4,1.0,0.0,0.0,3.0,1.0,15.0,2.0,4.0,2.0,1.0,1.0,0.0,35.0,0.0,15.0,4.0,5.0,1.0,0.0,0.0,1.0,1.0,0.0,0.0,0.0,1.0,0.0,0.0,1.0,0.0
md58_7,pretest_md58,Avito_Goods_gc-24-03-04-SP-Summer-tires-T1-C2C,video filename; not an independently verified brief,Avito_Goods_gc-24-03-04-SP-Summer-tires-T1-C2C.mp4,/Users/asekorneev/Desktop/Creatives_validation/Avito_Goods_gc-24-03-04-SP-Summer-tires-T1-C2C.mp4,/Users/asekorneev/outputs/message_delivery_features_20260819/prepared_media/avitogoodsgc240304spsummertirest1c2c.mp4,True,Avito,7,train,0.5,0.5,2,2,20.0,2.0,0.1662,0.27,/Users/asekorneev/outputs/aipm3_value_context_20260914/sources/promiser_comparison/combo_input.csv,current_saved_target,40.0,Existing OPM / existing message fraction,False,/Users/asekorneev/outputs/aipm_stability_20260919/human_quality_20260920/targets.csv,/Users/asekorneev/outputs/message_delivery_features_20260819/video_manifest.csv,57cc56fb59a6787a85cf30f64ed4d5016384070c1926a7d70d49fb466e2d9c44,avitogoodsgc240304spsummertirest1c2c,57cc56fb59a6787a85cf30f64ed4d5016384070c1926a7d70d49fb466e2d9c44,57cc56fb59a6787a85cf30f64ed4d5016384070c1926a7d70d49fb466e2d9c44,Goods,SP-Tires,md58_7,7,current 10 full runs,3.0,3.0,1.0,3.0,3.0,1.0,3.0,3.0,1.0,1.0,1.0,1.0,2.0,2.0,1.0,1.0,1.0,1.0,3.0,3.0,1.0,0.0,0.0,1.0,4.0,3.8,0.9,0.0,0.1,1.0,0.0,0.1,1.0,0.0,0.0,1.0,1.0,0.6333333333333333,0.9666666666666666,1.0,1.0,1.0,1.0,0.6666666666666666,0.9333333333333332,2.0,2.066666666666667,0.9666666666666666,0.0,0.1,1.0,3.0,3.0,1.0,0.0,3.0,2.1970705725699067,0.1282051282051282,0.8717948717948718,0.2692307692307692,0.2179487179487179,0.0512820512820512,0.5,3.0,3.0,3.0,1.0,2.0,1.0,3.0,0.0,3.8,0.1,0.1,0.0,0.6333333333333333,1.0,0.6666666666666666,2.066666666666667,2.566666666666667,1.0,3.0,3.0,0.1,3.0,15.0,0.5583310003631082,0.105950430462938,0.2346618875604608,0.1564031771968046,0.0371452689709715,0.0389940183518939,0.1131296045876843,0.2727375635439361,0.2068965517241379,0.1034482758620689,0.1553087327523602,0.1694475404142641,0.1889403140885984,0.0587771609425544,9.59834098815918,0.0,4.082991600036621,,2.0,1.0,2.0,2.0,3.0,0.0,5,5,1.0,0.0,0.0,3.0,1.0,15.0,2.0,4.0,3.0,1.0,1.0,0.0,35.0,0.0,15.0,4.0,5.0,1.0,0.0,0.0,0.0,1.0,0.0,1.0,0.0,1.0,0.0,0.0,1.0,0.0
md58_7,pretest_md58,Avito_Goods_gc-24-03-04-SP-Summer-tires-T1-C2C,video filename; not an independently verified brief,Avito_Goods_gc-24-03-04-SP-Summer-tires-T1-C2C.mp4,/Users/asekorneev/Desktop/Creatives_validation/Avito_Goods_gc-24-03-04-SP-Summer-tires-T1-C2C.mp4,/Users/asekorneev/outputs/message_delivery_features_20260819/prepared_media/avitogoodsgc240304spsummertirest1c2c.mp4,True,Avito,7,train,0.5,0.5,2,2,20.0,2.0,0.1662,0.27,/Users/asekorneev/outputs/aipm3_value_context_20260914/sources/promiser_comparison/combo_input.csv,current_saved_target,40.0,Existing OPM / existing message fraction,False,/Users/asekorneev/outputs/aipm_stability_20260919/human_quality_20260920/targets.csv,/Users/asekorneev/outputs/message_delivery_features_20260819/video_manifest.csv,57cc56fb59a6787a85cf30f64ed4d5016384070c1926a7d70d49fb466e2d9c44,avitogoodsgc240304spsummertirest1c2c,57cc56fb59a6787a85cf30f64ed4d5016384070c1926a7d70d49fb466e2d9c44,57cc56fb59a6787a85cf30f64ed4d5016384070c1926a7d70d49fb466e2d9c44,Goods,SP-Tires,md58_7,7,current 10 full runs,3.0,3.0,1.0,3.0,3.0,1.0,3.0,3.0,1.0,1.0,1.1,1.0,2.0,2.0,1.0,1.0,1.0,1.0,3.0,3.0,1.0,0.0,0.0,1.0,4.0,3.933333333333333,0.9666666666666666,0.0,0.2,1.0,0.0,0.1,1.0,0.0,0.0,1.0,1.0,0.6,1.0,1.0,0.7,1.0,1.0,0.8,1.0,2.0,2.1,1.0,0.0,0.3,1.0,3.0,3.0,1.0,0.0,3.0,2.1970705725699067,0.0769230769230769,0.9230769230769232,0.2692307692307692,0.2307692307692307,0.0769230769230769,0.5,3.0,3.0,3.0,1.1,2.0,1.0,3.0,0.0,3.933333333333333,0.2,0.1,0.0,0.6,0.7,0.8,2.1,2.3,1.0,3.0,3.0,0.3,3.0,15.0,0.5583310003631082,0.105950430462938,0.2346618875604608,0.1564031771968046,0.0371452689709715,0.0389940183518939,0.1131296045876843,0.2727375635439361,0.2068965517241379,0.1034482758620689,0.1553087327523602,0.1694475404142641,0.1889403140885984,0.0587771609425544,9.59834098815918,0.0,4.082991600036621,,2.0,1.0,3.0,2.0,3.0,0.0,6,6,1.0,0.0,0.0,2.0,1.0,15.0,2.0,4.0,2.0,1.0,1.0,0.0,35.0,0.0,15.0,4.0,5.0,1.0,0.0,0.0,0.0,1.0,0.0,1.0,0.0,1.0,0.0,0.0,1.0,0.0
md58_7,pretest_md58,Avito_Goods_gc-24-03-04-SP-Summer-tires-T1-C2C,video filename; not an independently verified brief,Avito_Goods_gc-24-03-04-SP-Summer-tires-T1-C2C.mp4,/Users/asekorneev/Desktop/Creatives_validation/Avito_Goods_gc-24-03-04-SP-Summer-tires-T1-C2C.mp4,/Users/asekorneev/outputs/message_delivery_features_20260819/prepared_media/avitogoodsgc240304spsummertirest1c2c.mp4,True,Avito,7,train,0.5,0.5,2,2,20.0,2.0,0.1662,0.27,/Users/asekorneev/outputs/aipm3_value_context_20260914/sources/promiser_comparison/combo_input.csv,current_saved_target,40.0,Existing OPM / existing message fraction,False,/Users/asekorneev/outputs/aipm_stability_20260919/human_quality_20260920/targets.csv,/Users/asekorneev/outputs/message_delivery_features_20260819/video_manifest.csv,57cc56fb59a6787a85cf30f64ed4d5016384070c1926a7d70d49fb466e2d9c44,avitogoodsgc240304spsummertirest1c2c,57cc56fb59a6787a85cf30f64ed4d5016384070c1926a7d70d49fb466e2d9c44,57cc56fb59a6787a85cf30f64ed4d5016384070c1926a7d70d49fb466e2d9c44,Goods,SP-Tires,md58_7,7,current 10 full runs,3.0,3.0,1.0,3.0,3.0,1.0,3.0,3.0,1.0,1.0,1.0,1.0,2.0,2.0,1.0,1.0,1.0,1.0,3.0,3.0,1.0,0.0,0.0,1.0,4.0,4.0,1.0,0.0,0.4,1.0,0.0,0.3,1.0,0.0,0.0,1.0,1.0,0.6,1.0,1.0,0.9,1.0,1.0,0.6,1.0,2.0,2.066666666666667,0.9666666666666666,0.0,0.1,1.0,3.0,3.0,1.0,0.0,3.0,2.1970705725699067,0.0256410256410256,0.9743589743589745,0.3461538461538461,0.358974358974359,0.0769230769230769,0.5,3.0,3.0,3.0,1.0,2.0,1.0,3.0,0.0,4.0,0.4,0.3,0.0,0.6,0.9,0.6,2.066666666666667,2.3333333333333335,1.0,3.0,3.0,0.1,3.0,15.0,0.5583310003631082,0.105950430462938,0.2346618875604608,0.1564031771968046,0.0371452689709715,0.0389940183518939,0.1131296045876843,0.2727375635439361,0.2068965517241379,0.1034482758620689,0.1553087327523602,0.1694475404142641,0.1889403140885984,0.0587771609425544,9.59834098815918,0.0,4.082991600036621,,2.0,0.0,3.0,2.0,3.0,0.0,7,7,1.0,0.0,0.0,2.0,1.0,15.0,2.0,4.0,3.0,1.0,1.0,0.0,35.0,0.0,15.0,4.0,5.0,1.0,0.0,0.0,0.0,1.0,0.0,1.0,0.0,1.0,0.0,0.0,1.0,0.0
md58_7,pretest_md58,Avito_Goods_gc-24-03-04-SP-Summer-tires-T1-C2C,video filename; not an independently verified brief,Avito_Goods_gc-24-03-04-SP-Summer-tires-T1-C2C.mp4,/Users/asekorneev/Desktop/Creatives_validation/Avito_Goods_gc-24-03-04-SP-Summer-tires-T1-C2C.mp4,/Users/asekorneev/outputs/message_delivery_features_20260819/prepared_media/avitogoodsgc240304spsummertirest1c2c.mp4,True,Avito,7,train,0.5,0.5,2,2,20.0,2.0,0.1662,0.27,/Users/asekorneev/outputs/aipm3_value_context_20260914/sources/promiser_comparison/combo_input.csv,current_saved_target,40.0,Existing OPM / existing message fraction,False,/Users/asekorneev/outputs/aipm_stability_20260919/human_quality_20260920/targets.csv,/Users/asekorneev/outputs/message_delivery_features_20260819/video_manifest.csv,57cc56fb59a6787a85cf30f64ed4d5016384070c1926a7d70d49fb466e2d9c44,avitogoodsgc240304spsummertirest1c2c,57cc56fb59a6787a85cf30f64ed4d5016384070c1926a7d70d49fb466e2d9c44,57cc56fb59a6787a85cf30f64ed4d5016384070c1926a7d70d49fb466e2d9c44,Goods,SP-Tires,md58_7,7,current 10 full runs,3.0,3.0,1.0,3.0,3.0,1.0,3.0,3.0,1.0,1.0,1.1,1.0,2.0,2.0,1.0,1.0,1.0,1.0,3.0,3.0,1.0,0.0,0.0,1.0,4.0,3.933333333333333,0.9666666666666666,1.0,0.5,1.0,0.0,0.2,1.0,0.0,0.0,1.0,1.0,0.9,1.0,1.0,1.0,1.0,1.0,0.9666666666666668,0.9666666666666666,2.0,2.0,1.0,0.0,0.1,1.0,3.0,3.0,1.0,0.0,3.0,2.1970705725699067,0.1025641025641025,0.8974358974358975,0.2692307692307692,0.2564102564102564,0.0769230769230769,0.5,3.0,3.0,3.0,1.1,2.0,1.0,3.0,0.0,3.933333333333333,0.5,0.2,0.0,0.9,1.0,0.9666666666666668,2.0,2.2,1.0,3.0,3.0,0.1,3.0,15.0,0.5583310003631082,0.105950430462938,0.2346618875604608,0.1564031771968046,0.0371452689709715,0.0389940183518939,0.1131296045876843,0.2727375635439361,0.2068965517241379,0.1034482758620689,0.1553087327523602,0.1694475404142641,0.1889403140885984,0.0587771609425544,9.59834098815918,0.0,4.082991600036621,,2.0,0.0,2.0,2.0,3.0,0.0,8,8,1.0,0.0,0.0,2.0,1.0,15.0,2.0,4.0,2.0,1.0,1.0,0.0,35.0,0.0,15.0,4.0,5.0,1.0,0.0,0.0,0.0,1.0,0.0,1.0,0.0,1.0,0.0,0.0,1.0,0.0
md58_7,pretest_md58,Avito_Goods_gc-24-03-04-SP-Summer-tires-T1-C2C,video filename; not an independently verified brief,Avito_Goods_gc-24-03-04-SP-Summer-tires-T1-C2C.mp4,/Users/asekorneev/Desktop/Creatives_validation/Avito_Goods_gc-24-03-04-SP-Summer-tires-T1-C2C.mp4,/Users/asekorneev/outputs/message_delivery_features_20260819/prepared_media/avitogoodsgc240304spsummertirest1c2c.mp4,True,Avito,7,train,0.5,0.5,2,2,20.0,2.0,0.1662,0.27,/Users/asekorneev/outputs/aipm3_value_context_20260914/sources/promiser_comparison/combo_input.csv,current_saved_target,40.0,Existing OPM / existing message fraction,False,/Users/asekorneev/outputs/aipm_stability_20260919/human_quality_20260920/targets.csv,/Users/asekorneev/outputs/message_delivery_features_20260819/video_manifest.csv,57cc56fb59a6787a85cf30f64ed4d5016384070c1926a7d70d49fb466e2d9c44,avitogoodsgc240304spsummertirest1c2c,57cc56fb59a6787a85cf30f64ed4d5016384070c1926a7d70d49fb466e2d9c44,57cc56fb59a6787a85cf30f64ed4d5016384070c1926a7d70d49fb466e2d9c44,Goods,SP-Tires,md58_7,7,current 10 full runs,3.0,3.0,1.0,3.0,3.0,1.0,3.0,3.0,1.0,1.0,1.2,1.0,2.0,2.0,1.0,1.0,1.0,1.0,3.0,3.0,1.0,0.0,0.0,1.0,4.0,4.0,1.0,0.0,0.4,1.0,0.0,0.2,1.0,0.0,0.0,1.0,1.0,0.7,1.0,1.0,0.9,1.0,1.0,0.8,1.0,2.0,2.0,1.0,0.0,0.4,1.0,3.0,3.0,1.0,0.0,3.0,2.1970705725699067,0.1282051282051281,0.8717948717948718,0.2692307692307692,0.2435897435897435,0.0512820512820512,0.5,3.0,3.0,3.0,1.2,2.0,1.0,3.0,0.0,4.0,0.4,0.2,0.0,0.7,0.9,0.8,2.0,2.5,1.0,3.0,3.0,0.4,3.0,15.0,0.5583310003631082,0.105950430462938,0.2346618875604608,0.1564031771968046,0.0371452689709715,0.0389940183518939,0.1131296045876843,0.2727375635439361,0.2068965517241379,0.1034482758620689,0.1553087327523602,0.1694475404142641,0.1889403140885984,0.0587771609425544,9.59834098815918,0.0,4.082991600036621,,2.0,1.0,3.0,2.0,3.0,0.0,9,9,1.0,0.0,0.0,3.0,1.0,15.0,2.0,4.0,2.0,1.0,1.0,0.0,35.0,0.0,15.0,4.0,5.0,1.0,0.0,0.0,0.0,1.0,0.0,1.0,0.0,1.0,0.0,0.0,1.0,0.0
md58_7,pretest_md58,Avito_Goods_gc-24-03-04-SP-Summer-tires-T1-C2C,video filename; not an independently verified brief,Avito_Goods_gc-24-03-04-SP-Summer-tires-T1-C2C.mp4,/Users/asekorneev/Desktop/Creatives_validation/Avito_Goods_gc-24-03-04-SP-Summer-tires-T1-C2C.mp4,/Users/asekorneev/outputs/message_delivery_features_20260819/prepared_media/avitogoodsgc240304spsummertirest1c2c.mp4,True,Avito,7,train,0.5,0.5,2,2,20.0,2.0,0.1662,0.27,/Users/asekorneev/outputs/aipm3_value_context_20260914/sources/promiser_comparison/combo_input.csv,current_saved_target,40.0,Existing OPM / existing message fraction,False,/Users/asekorneev/outputs/aipm_stability_20260919/human_quality_20260920/targets.csv,/Users/asekorneev/outputs/message_delivery_features_20260819/video_manifest.csv,57cc56fb59a6787a85cf30f64ed4d5016384070c1926a7d70d49fb466e2d9c44,avitogoodsgc240304spsummertirest1c2c,57cc56fb59a6787a85cf30f64ed4d5016384070c1926a7d70d49fb466e2d9c44,57cc56fb59a6787a85cf30f64ed4d5016384070c1926a7d70d49fb466e2d9c44,Goods,SP-Tires,md58_7,7,current 10 full runs,3.0,3.0,1.0,3.0,3.0,1.0,3.0,3.0,1.0,1.0,1.1666666666666667,0.9666666666666666,2.0,2.0,1.0,1.0,1.0,1.0,3.0,3.0,1.0,0.0,0.0,1.0,4.0,3.9,0.9333333333333332,1.0,0.5,1.0,0.0,0.3666666666666666,0.9666666666666666,0.0,0.1,1.0,1.0,0.7,1.0,1.0,0.9,1.0,1.0,0.9,1.0,2.0,2.0,1.0,0.0,0.3,1.0,3.0,3.0,1.0,0.0,3.0,2.1970705725699067,0.1794871794871794,0.8205128205128206,0.4230769230769231,0.2692307692307692,0.0,0.5,3.0,3.0,3.0,1.1666666666666667,2.0,1.0,3.0,0.0,3.9,0.5,0.3666666666666666,0.1,0.7,0.9,0.9,2.0,2.433333333333333,1.0,3.0,3.0,0.3,3.0,15.0,0.5583310003631082,0.105950430462938,0.2346618875604608,0.1564031771968046,0.0371452689709715,0.0389940183518939,0.1131296045876843,0.2727375635439361,0.2068965517241379,0.1034482758620689,0.1553087327523602,0.1694475404142641,0.1889403140885984,0.0587771609425544,9.59834098815918,0.0,4.082991600036621,,2.0,0.0,3.0,2.0,3.0,0.0,10,10,1.0,0.0,0.0,2.0,1.0,15.0,2.0,4.0,2.0,1.0,1.0,0.0,35.0,0.0,15.0,4.0,5.0,1.0,0.0,0.0,0.0,1.0,0.0,1.0,0.0,1.0,0.0,0.0,1.0,0.0
md58_8,pretest_md58,Avito_Goods_gc-24-04-FS-Avito-Premium-T1-C2C,video filename; not an independently verified brief,Avito_Goods_gc-24-04-FS-Avito-Premium-T1-C2C.mp4,/Users/asekorneev/Desktop/Creatives_validation/Avito_Goods_gc-24-04-FS-Avito-Premium-T1-C2C.mp4,/Users/asekorneev/outputs/message_delivery_features_20260819/prepared_media/avitogoodsgc2404fsavitopremiumt1c2c.mp4,True,Avito,8,train,0.37,0.37,2,2,21.0,2.0,0.2152,0.24,/Users/asekorneev/outputs/aipm3_value_context_20260914/sources/promiser_comparison/combo_input.csv,current_saved_target,56.75675675675676,Existing OPM / existing message fraction,False,/Users/asekorneev/outputs/aipm_stability_20260919/human_quality_20260920/targets.csv,/Users/asekorneev/outputs/message_delivery_features_20260819/video_manifest.csv,d83eb5e4624da49403d89d19f4e1c02024cc5febe8b7d7f14474c629e6acb59c,avitogoodsgc2404fsavitopremiumt1c2c,d83eb5e4624da49403d89d19f4e1c02024cc5febe8b7d7f14474c629e6acb59c,d83eb5e4624da49403d89d19f4e1c02024cc5febe8b7d7f14474c629e6acb59c,Goods,LS-Fashion,md58_8,8,current 10 full runs,3.0,3.0,1.0,2.0,2.466666666666667,0.9666666666666666,3.0,2.966666666666667,0.9666666666666666,1.0,1.0,1.0,2.0,1.9666666666666663,0.9666666666666666,1.0,1.0333333333333334,0.9666666666666666,3.0,3.0,1.0,0.0,0.0,1.0,3.0,3.1666666666666665,0.9666666666666666,1.0,0.6666666666666666,0.9666666666666666,0.0,0.2666666666666666,0.9666666666666666,1.0,1.0,1.0,1.0,0.9666666666666668,0.9666666666666666,1.0,1.0,1.0,1.0,0.8666666666666667,0.9666666666666666,2.0,2.0,1.0,0.0,0.2666666666666666,0.9666666666666666,3.0,2.8666666666666667,0.9666666666666666,0.0,2.8666666666666667,1.4992503748125936,0.0769230769230769,0.9230769230769232,0.2692307692307692,0.2692307692307692,0.1538461538461538,0.37,3.0,2.466666666666667,2.966666666666667,1.0,1.9666666666666663,1.0333333333333334,3.0,0.0,3.1666666666666665,0.6666666666666666,0.2666666666666666,1.0,0.9666666666666668,1.0,0.8666666666666667,2.0,2.8666666666666667,1.0,3.0,2.966666666666667,0.2666666666666666,2.8666666666666667,20.0,0.3888384531590413,0.2189825002073124,0.2334513919652953,0.0697150667211328,0.0507179615224996,0.0314328907127756,0.1434408575870994,0.2744551016702977,0.3076923076923077,0.0256410256410256,0.2227387890341321,0.2528617803463235,0.1209682734204793,0.0814848020672798,6.194833755493164,0.02,6.408043384552002,,1.0,1.0,2.0,1.0,3.0,0.0,1,1,1.0,0.0,0.0,2.0,1.0,20.0,3.0,3.0,3.0,2.0,4.0,5.0,29.0,0.0,20.0,3.0,8.0,1.0,0.0,0.0,0.0,1.0,0.0,0.0,0.0,1.0,1.0,0.0,0.0,0.0
md58_8,pretest_md58,Avito_Goods_gc-24-04-FS-Avito-Premium-T1-C2C,video filename; not an independently verified brief,Avito_Goods_gc-24-04-FS-Avito-Premium-T1-C2C.mp4,/Users/asekorneev/Desktop/Creatives_validation/Avito_Goods_gc-24-04-FS-Avito-Premium-T1-C2C.mp4,/Users/asekorneev/outputs/message_delivery_features_20260819/prepared_media/avitogoodsgc2404fsavitopremiumt1c2c.mp4,True,Avito,8,train,0.37,0.37,2,2,21.0,2.0,0.2152,0.24,/Users/asekorneev/outputs/aipm3_value_context_20260914/sources/promiser_comparison/combo_input.csv,current_saved_target,56.75675675675676,Existing OPM / existing message fraction,False,/Users/asekorneev/outputs/aipm_stability_20260919/human_quality_20260920/targets.csv,/Users/asekorneev/outputs/message_delivery_features_20260819/video_manifest.csv,d83eb5e4624da49403d89d19f4e1c02024cc5febe8b7d7f14474c629e6acb59c,avitogoodsgc2404fsavitopremiumt1c2c,d83eb5e4624da49403d89d19f4e1c02024cc5febe8b7d7f14474c629e6acb59c,d83eb5e4624da49403d89d19f4e1c02024cc5febe8b7d7f14474c629e6acb59c,Goods,LS-Fashion,md58_8,8,current 10 full runs,3.0,3.0,1.0,3.0,2.566666666666667,0.9666666666666666,3.0,2.966666666666667,0.9666666666666666,1.0,1.1,1.0,2.0,2.0,1.0,1.0,1.0333333333333334,0.9666666666666666,3.0,3.0,1.0,0.0,0.2,1.0,3.0,3.2,1.0,1.0,0.9666666666666668,0.9666666666666666,0.0,0.0666666666666666,0.9666666666666666,1.0,1.0,1.0,1.0,0.9666666666666668,0.9666666666666666,1.0,1.0,1.0,1.0,0.9666666666666668,0.9666666666666666,2.0,2.033333333333333,0.9666666666666666,0.0,0.3,1.0,3.0,2.8666666666666667,0.9666666666666666,0.0,2.8666666666666667,1.4992503748125936,0.1025641025641025,0.8974358974358974,0.2692307692307692,0.2179487179487179,0.205128205128205,0.37,3.0,2.566666666666667,2.966666666666667,1.1,2.0,1.0333333333333334,3.0,0.2,3.2,0.9666666666666668,0.0666666666666666,1.0,0.9666666666666668,1.0,0.9666666666666668,2.033333333333333,2.8666666666666667,1.0,3.0,2.966666666666667,0.3,2.8666666666666667,20.0,0.3888384531590413,0.2189825002073124,0.2334513919652953,0.0697150667211328,0.0507179615224996,0.0314328907127756,0.1434408575870994,0.2744551016702977,0.3076923076923077,0.0256410256410256,0.2227387890341321,0.2528617803463235,0.1209682734204793,0.0814848020672798,6.194833755493164,0.02,6.408043384552002,,1.0,1.0,2.0,1.0,3.0,0.0,2,2,1.0,0.0,0.0,2.0,1.0,20.0,4.0,3.0,3.0,2.0,4.0,5.0,28.0,0.0,20.0,3.0,8.0,1.0,0.0,0.0,0.0,1.0,0.0,0.0,0.0,0.0,1.0,0.0,0.0,0.0
md58_8,pretest_md58,Avito_Goods_gc-24-04-FS-Avito-Premium-T1-C2C,video filename; not an independently verified brief,Avito_Goods_gc-24-04-FS-Avito-Premium-T1-C2C.mp4,/Users/asekorneev/Desktop/Creatives_validation/Avito_Goods_gc-24-04-FS-Avito-Premium-T1-C2C.mp4,/Users/asekorneev/outputs/message_delivery_features_20260819/prepared_media/avitogoodsgc2404fsavitopremiumt1c2c.mp4,True,Avito,8,train,0.37,0.37,2,2,21.0,2.0,0.2152,0.24,/Users/asekorneev/outputs/aipm3_value_context_20260914/sources/promiser_comparison/combo_input.csv,current_saved_target,56.75675675675676,Existing OPM / existing message fraction,False,/Users/asekorneev/outputs/aipm_stability_20260919/human_quality_20260920/targets.csv,/Users/asekorneev/outputs/message_delivery_features_20260819/video_manifest.csv,d83eb5e4624da49403d89d19f4e1c02024cc5febe8b7d7f14474c629e6acb59c,avitogoodsgc2404fsavitopremiumt1c2c,d83eb5e4624da49403d89d19f4e1c02024cc5febe8b7d7f14474c629e6acb59c,d83eb5e4624da49403d89d19f4e1c02024cc5febe8b7d7f14474c629e6acb59c,Goods,LS-Fashion,md58_8,8,current 10 full runs,3.0,3.0,1.0,3.0,2.6,1.0,3.0,3.0,1.0,1.0,1.1,1.0,2.0,2.0,1.0,1.0,1.0,1.0,3.0,3.0,1.0,0.0,0.1,1.0,3.0,3.1,1.0,1.0,0.8,1.0,0.0,0.3,1.0,1.0,1.0,1.0,1.0,0.8,1.0,1.0,1.0,1.0,1.0,1.0,1.0,2.0,2.0,1.0,0.0,0.3,1.0,3.0,2.9,1.0,0.0,2.9,1.4992503748125936,0.0769230769230769,0.9230769230769232,0.2692307692307692,0.1153846153846153,0.0512820512820512,0.37,3.0,2.6,3.0,1.1,2.0,1.0,3.0,0.1,3.1,0.8,0.3,1.0,0.8,1.0,1.0,2.0,3.0,1.0,3.0,3.0,0.3,2.9,20.0,0.3888384531590413,0.2189825002073124,0.2334513919652953,0.0697150667211328,0.0507179615224996,0.0314328907127756,0.1434408575870994,0.2744551016702977,0.3076923076923077,0.0256410256410256,0.2227387890341321,0.2528617803463235,0.1209682734204793,0.0814848020672798,6.194833755493164,0.02,6.408043384552002,,1.0,1.0,2.0,1.0,2.0,0.0,3,3,1.0,0.0,0.0,2.0,1.0,20.0,3.0,3.0,3.0,2.0,4.0,5.0,28.0,0.0,20.0,3.0,10.0,1.0,0.0,0.0,0.0,1.0,0.0,0.0,0.0,0.0,1.0,0.0,0.0,0.0
md58_8,pretest_md58,Avito_Goods_gc-24-04-FS-Avito-Premium-T1-C2C,video filename; not an independently verified brief,Avito_Goods_gc-24-04-FS-Avito-Premium-T1-C2C.mp4,/Users/asekorneev/Desktop/Creatives_validation/Avito_Goods_gc-24-04-FS-Avito-Premium-T1-C2C.mp4,/Users/asekorneev/outputs/message_delivery_features_20260819/prepared_media/avitogoodsgc2404fsavitopremiumt1c2c.mp4,True,Avito,8,train,0.37,0.37,2,2,21.0,2.0,0.2152,0.24,/Users/asekorneev/outputs/aipm3_value_context_20260914/sources/promiser_comparison/combo_input.csv,current_saved_target,56.75675675675676,Existing OPM / existing message fraction,False,/Users/asekorneev/outputs/aipm_stability_20260919/human_quality_20260920/targets.csv,/Users/asekorneev/outputs/message_delivery_features_20260819/video_manifest.csv,d83eb5e4624da49403d89d19f4e1c02024cc5febe8b7d7f14474c629e6acb59c,avitogoodsgc2404fsavitopremiumt1c2c,d83eb5e4624da49403d89d19f4e1c02024cc5febe8b7d7f14474c629e6acb59c,d83eb5e4624da49403d89d19f4e1c02024cc5febe8b7d7f14474c629e6acb59c,Goods,LS-Fashion,md58_8,8,current 10 full runs,3.0,3.0,1.0,3.0,2.6,1.0,3.0,2.966666666666667,0.9666666666666666,1.0,1.0333333333333334,0.9666666666666666,2.0,2.0,1.0,1.0,1.0333333333333334,0.9666666666666666,3.0,3.0,1.0,0.0,0.1666666666666666,0.9666666666666666,3.0,3.2666666666666666,0.9666666666666666,1.0,0.8,1.0,0.0,0.4333333333333333,0.9333333333333332,1.0,0.9,1.0,1.0,0.9333333333333332,0.9333333333333332,1.0,1.0,1.0,1.0,0.8333333333333334,0.9333333333333332,2.0,2.1,1.0,0.0,0.3,1.0,3.0,2.9,1.0,0.0,2.9,1.4992503748125936,0.1025641025641025,0.8974358974358975,0.2692307692307692,0.1282051282051282,0.0256410256410256,0.37,3.0,2.6,2.966666666666667,1.0333333333333334,2.0,1.0333333333333334,3.0,0.1666666666666666,3.2666666666666666,0.8,0.4333333333333333,0.9,0.9333333333333332,1.0,0.8333333333333334,2.1,2.9,1.0,3.0,3.0,0.3,2.9,20.0,0.3888384531590413,0.2189825002073124,0.2334513919652953,0.0697150667211328,0.0507179615224996,0.0314328907127756,0.1434408575870994,0.2744551016702977,0.3076923076923077,0.0256410256410256,0.2227387890341321,0.2528617803463235,0.1209682734204793,0.0814848020672798,6.194833755493164,0.02,6.408043384552002,,1.0,1.0,2.0,1.0,3.0,0.0,4,4,1.0,0.0,0.0,2.0,1.0,20.0,3.0,3.0,3.0,2.0,4.0,5.0,28.0,0.0,20.0,3.0,10.0,1.0,0.0,0.0,0.0,1.0,0.0,0.0,0.0,0.0,1.0,0.0,0.0,0.0
md58_8,pretest_md58,Avito_Goods_gc-24-04-FS-Avito-Premium-T1-C2C,video filename; not an independently verified brief,Avito_Goods_gc-24-04-FS-Avito-Premium-T1-C2C.mp4,/Users/asekorneev/Desktop/Creatives_validation/Avito_Goods_gc-24-04-FS-Avito-Premium-T1-C2C.mp4,/Users/asekorneev/outputs/message_delivery_features_20260819/prepared_media/avitogoodsgc2404fsavitopremiumt1c2c.mp4,True,Avito,8,train,0.37,0.37,2,2,21.0,2.0,0.2152,0.24,/Users/asekorneev/outputs/aipm3_value_context_20260914/sources/promiser_comparison/combo_input.csv,current_saved_target,56.75675675675676,Existing OPM / existing message fraction,False,/Users/asekorneev/outputs/aipm_stability_20260919/human_quality_20260920/targets.csv,/Users/asekorneev/outputs/message_delivery_features_20260819/video_manifest.csv,d83eb5e4624da49403d89d19f4e1c02024cc5febe8b7d7f14474c629e6acb59c,avitogoodsgc2404fsavitopremiumt1c2c,d83eb5e4624da49403d89d19f4e1c02024cc5febe8b7d7f14474c629e6acb59c,d83eb5e4624da49403d89d19f4e1c02024cc5febe8b7d7f14474c629e6acb59c,Goods,LS-Fashion,md58_8,8,current 10 full runs,3.0,3.0,1.0,3.0,2.6,1.0,3.0,3.0,1.0,1.0,1.0,1.0,2.0,2.0,1.0,1.0,1.0,1.0,3.0,3.0,1.0,0.0,0.0,1.0,3.0,3.033333333333333,0.9666666666666666,0.0,0.4,1.0,0.0,0.0,1.0,1.0,1.0,1.0,1.0,0.9,1.0,1.0,1.0,1.0,1.0,1.0,1.0,2.0,2.066666666666667,0.9666666666666666,0.0,0.4,1.0,3.0,2.8666666666666667,0.9666666666666666,0.0,2.8666666666666667,1.4992503748125936,0.0512820512820512,0.9487179487179488,0.2692307692307692,0.2435897435897436,0.1538461538461538,0.37,3.0,2.6,3.0,1.0,2.0,1.0,3.0,0.0,3.033333333333333,0.4,0.0,1.0,0.9,1.0,1.0,2.066666666666667,2.9,1.0,3.0,2.9,0.4,2.8666666666666667,20.0,0.3888384531590413,0.2189825002073124,0.2334513919652953,0.0697150667211328,0.0507179615224996,0.0314328907127756,0.1434408575870994,0.2744551016702977,0.3076923076923077,0.0256410256410256,0.2227387890341321,0.2528617803463235,0.1209682734204793,0.0814848020672798,6.194833755493164,0.02,6.408043384552002,,1.0,1.0,2.0,1.0,3.0,0.0,5,5,1.0,0.0,0.0,2.0,1.0,20.0,4.0,3.0,3.0,2.0,4.0,5.0,28.0,0.0,20.0,3.0,8.0,1.0,0.0,0.0,0.0,1.0,0.0,0.0,0.0,0.0,1.0,0.0,0.0,0.0
md58_8,pretest_md58,Avito_Goods_gc-24-04-FS-Avito-Premium-T1-C2C,video filename; not an independently verified brief,Avito_Goods_gc-24-04-FS-Avito-Premium-T1-C2C.mp4,/Users/asekorneev/Desktop/Creatives_validation/Avito_Goods_gc-24-04-FS-Avito-Premium-T1-C2C.mp4,/Users/asekorneev/outputs/message_delivery_features_20260819/prepared_media/avitogoodsgc2404fsavitopremiumt1c2c.mp4,True,Avito,8,train,0.37,0.37,2,2,21.0,2.0,0.2152,0.24,/Users/asekorneev/outputs/aipm3_value_context_20260914/sources/promiser_comparison/combo_input.csv,current_saved_target,56.75675675675676,Existing OPM / existing message fraction,False,/Users/asekorneev/outputs/aipm_stability_20260919/human_quality_20260920/targets.csv,/Users/asekorneev/outputs/message_delivery_features_20260819/video_manifest.csv,d83eb5e4624da49403d89d19f4e1c02024cc5febe8b7d7f14474c629e6acb59c,avitogoodsgc2404fsavitopremiumt1c2c,d83eb5e4624da49403d89d19f4e1c02024cc5febe8b7d7f14474c629e6acb59c,d83eb5e4624da49403d89d19f4e1c02024cc5febe8b7d7f14474c629e6acb59c,Goods,LS-Fashion,md58_8,8,current 10 full runs,3.0,3.0,1.0,3.0,2.6,1.0,3.0,2.966666666666667,0.9666666666666666,1.0,1.0,1.0,2.0,2.0,1.0,1.0,1.0333333333333334,0.9666666666666666,3.0,3.0,1.0,0.0,0.0,1.0,3.0,3.0,1.0,1.0,0.6,1.0,0.0,0.1,1.0,1.0,0.9333333333333332,0.9666666666666666,1.0,0.8666666666666667,0.9,1.0,1.0,1.0,1.0,0.8666666666666667,0.9,2.0,2.033333333333333,0.9666666666666666,0.0,0.2,1.0,3.0,2.9,1.0,0.0,2.9,1.4992503748125936,0.0769230769230769,0.9230769230769232,0.1923076923076923,0.2051282051282051,0.1794871794871795,0.37,3.0,2.6,2.966666666666667,1.0,2.0,1.0333333333333334,3.0,0.0,3.0,0.6,0.1,0.9333333333333332,0.8666666666666667,1.0,0.8666666666666667,2.033333333333333,2.9,1.0,3.0,3.0,0.2,2.9,20.0,0.3888384531590413,0.2189825002073124,0.2334513919652953,0.0697150667211328,0.0507179615224996,0.0314328907127756,0.1434408575870994,0.2744551016702977,0.3076923076923077,0.0256410256410256,0.2227387890341321,0.2528617803463235,0.1209682734204793,0.0814848020672798,6.194833755493164,0.02,6.408043384552002,,1.0,1.0,2.0,1.0,3.0,0.0,6,6,1.0,0.0,0.0,2.0,1.0,20.0,3.0,3.0,3.0,2.0,4.0,5.0,30.0,0.0,20.0,3.0,5.0,1.0,0.0,0.0,0.0,1.0,0.0,0.0,0.0,1.0,1.0,0.0,0.0,0.0
md58_8,pretest_md58,Avito_Goods_gc-24-04-FS-Avito-Premium-T1-C2C,video filename; not an independently verified brief,Avito_Goods_gc-24-04-FS-Avito-Premium-T1-C2C.mp4,/Users/asekorneev/Desktop/Creatives_validation/Avito_Goods_gc-24-04-FS-Avito-Premium-T1-C2C.mp4,/Users/asekorneev/outputs/message_delivery_features_20260819/prepared_media/avitogoodsgc2404fsavitopremiumt1c2c.mp4,True,Avito,8,train,0.37,0.37,2,2,21.0,2.0,0.2152,0.24,/Users/asekorneev/outputs/aipm3_value_context_20260914/sources/promiser_comparison/combo_input.csv,current_saved_target,56.75675675675676,Existing OPM / existing message fraction,False,/Users/asekorneev/outputs/aipm_stability_20260919/human_quality_20260920/targets.csv,/Users/asekorneev/outputs/message_delivery_features_20260819/video_manifest.csv,d83eb5e4624da49403d89d19f4e1c02024cc5febe8b7d7f14474c629e6acb59c,avitogoodsgc2404fsavitopremiumt1c2c,d83eb5e4624da49403d89d19f4e1c02024cc5febe8b7d7f14474c629e6acb59c,d83eb5e4624da49403d89d19f4e1c02024cc5febe8b7d7f14474c629e6acb59c,Goods,LS-Fashion,md58_8,8,current 10 full runs,3.0,3.0,1.0,2.0,2.4,0.9333333333333332,3.0,2.966666666666667,0.9666666666666666,1.0,1.0666666666666669,0.9666666666666666,2.0,2.066666666666667,0.9666666666666666,1.0,1.0333333333333334,0.9666666666666666,3.0,3.0,1.0,0.0,0.1,1.0,3.0,3.2,0.9333333333333332,1.0,0.6666666666666666,0.9666666666666666,0.0,0.2666666666666666,0.9666666666666666,1.0,0.8666666666666667,0.9666666666666666,1.0,0.7333333333333333,0.9333333333333332,1.0,1.0,1.0,1.0,0.8666666666666667,0.9666666666666666,2.0,2.1666666666666665,0.9333333333333332,0.0,0.2666666666666666,0.9666666666666666,3.0,2.933333333333333,0.9333333333333332,0.0,2.933333333333333,1.4992503748125936,0.1025641025641025,0.8974358974358975,0.3461538461538461,0.1538461538461538,0.0769230769230769,0.37,3.0,2.4,2.966666666666667,1.0666666666666669,2.066666666666667,1.0333333333333334,3.0,0.1,3.2,0.6666666666666666,0.2666666666666666,0.8666666666666667,0.7333333333333333,1.0,0.8666666666666667,2.1666666666666665,2.9,1.0,3.0,2.966666666666667,0.2666666666666666,2.933333333333333,20.0,0.3888384531590413,0.2189825002073124,0.2334513919652953,0.0697150667211328,0.0507179615224996,0.0314328907127756,0.1434408575870994,0.2744551016702977,0.3076923076923077,0.0256410256410256,0.2227387890341321,0.2528617803463235,0.1209682734204793,0.0814848020672798,6.194833755493164,0.02,6.408043384552002,,1.0,1.0,2.0,1.0,2.0,0.0,7,7,1.0,0.0,0.0,2.0,1.0,20.0,3.0,3.0,3.0,2.0,4.0,5.0,29.0,0.0,20.0,3.0,8.0,1.0,0.0,0.0,0.0,1.0,0.0,0.0,0.0,1.0,1.0,0.0,0.0,0.0
md58_8,pretest_md58,Avito_Goods_gc-24-04-FS-Avito-Premium-T1-C2C,video filename; not an independently verified brief,Avito_Goods_gc-24-04-FS-Avito-Premium-T1-C2C.mp4,/Users/asekorneev/Desktop/Creatives_validation/Avito_Goods_gc-24-04-FS-Avito-Premium-T1-C2C.mp4,/Users/asekorneev/outputs/message_delivery_features_20260819/prepared_media/avitogoodsgc2404fsavitopremiumt1c2c.mp4,True,Avito,8,train,0.37,0.37,2,2,21.0,2.0,0.2152,0.24,/Users/asekorneev/outputs/aipm3_value_context_20260914/sources/promiser_comparison/combo_input.csv,current_saved_target,56.75675675675676,Existing OPM / existing message fraction,False,/Users/asekorneev/outputs/aipm_stability_20260919/human_quality_20260920/targets.csv,/Users/asekorneev/outputs/message_delivery_features_20260819/video_manifest.csv,d83eb5e4624da49403d89d19f4e1c02024cc5febe8b7d7f14474c629e6acb59c,avitogoodsgc2404fsavitopremiumt1c2c,d83eb5e4624da49403d89d19f4e1c02024cc5febe8b7d7f14474c629e6acb59c,d83eb5e4624da49403d89d19f4e1c02024cc5febe8b7d7f14474c629e6acb59c,Goods,LS-Fashion,md58_8,8,current 10 full runs,3.0,3.0,1.0,3.0,2.566666666666667,0.9666666666666666,3.0,2.966666666666667,0.9666666666666666,1.0,1.0333333333333334,0.9666666666666666,2.0,1.9666666666666663,0.9666666666666666,1.0,1.0333333333333334,0.9666666666666666,3.0,3.0,1.0,0.0,0.0,1.0,3.0,3.2333333333333334,0.9333333333333332,1.0,0.5666666666666667,0.9666666666666666,0.0,0.1666666666666666,0.9666666666666666,1.0,1.0,1.0,1.0,0.9333333333333332,0.9333333333333332,1.0,1.0,1.0,1.0,0.8333333333333334,0.9333333333333332,2.0,2.033333333333333,0.9666666666666666,0.0,0.3,1.0,3.0,2.966666666666667,0.9666666666666666,0.0,2.966666666666667,1.4992503748125936,0.0769230769230769,0.9230769230769232,0.3461538461538461,0.1538461538461538,0.0256410256410256,0.37,3.0,2.566666666666667,2.966666666666667,1.0333333333333334,1.9666666666666663,1.0333333333333334,3.0,0.0,3.2333333333333334,0.5666666666666667,0.1666666666666666,1.0,0.9333333333333332,1.0,0.8333333333333334,2.033333333333333,2.966666666666667,1.0,3.0,2.966666666666667,0.3,2.966666666666667,20.0,0.3888384531590413,0.2189825002073124,0.2334513919652953,0.0697150667211328,0.0507179615224996,0.0314328907127756,0.1434408575870994,0.2744551016702977,0.3076923076923077,0.0256410256410256,0.2227387890341321,0.2528617803463235,0.1209682734204793,0.0814848020672798,6.194833755493164,0.02,6.408043384552002,,2.0,1.0,2.0,0.0,3.0,0.0,8,8,1.0,0.0,0.0,2.0,1.0,20.0,3.0,3.0,3.0,2.0,4.0,5.0,29.0,0.0,20.0,3.0,8.0,1.0,0.0,0.0,0.0,1.0,0.0,0.0,0.0,1.0,1.0,0.0,0.0,0.0
md58_8,pretest_md58,Avito_Goods_gc-24-04-FS-Avito-Premium-T1-C2C,video filename; not an independently verified brief,Avito_Goods_gc-24-04-FS-Avito-Premium-T1-C2C.mp4,/Users/asekorneev/Desktop/Creatives_validation/Avito_Goods_gc-24-04-FS-Avito-Premium-T1-C2C.mp4,/Users/asekorneev/outputs/message_delivery_features_20260819/prepared_media/avitogoodsgc2404fsavitopremiumt1c2c.mp4,True,Avito,8,train,0.37,0.37,2,2,21.0,2.0,0.2152,0.24,/Users/asekorneev/outputs/aipm3_value_context_20260914/sources/promiser_comparison/combo_input.csv,current_saved_target,56.75675675675676,Existing OPM / existing message fraction,False,/Users/asekorneev/outputs/aipm_stability_20260919/human_quality_20260920/targets.csv,/Users/asekorneev/outputs/message_delivery_features_20260819/video_manifest.csv,d83eb5e4624da49403d89d19f4e1c02024cc5febe8b7d7f14474c629e6acb59c,avitogoodsgc2404fsavitopremiumt1c2c,d83eb5e4624da49403d89d19f4e1c02024cc5febe8b7d7f14474c629e6acb59c,d83eb5e4624da49403d89d19f4e1c02024cc5febe8b7d7f14474c629e6acb59c,Goods,LS-Fashion,md58_8,8,current 10 full runs,3.0,3.0,1.0,3.0,2.566666666666667,0.9666666666666666,3.0,3.0,1.0,1.0,1.0333333333333334,0.9666666666666666,2.0,2.033333333333333,0.9666666666666666,1.0,1.0,1.0,3.0,3.0,1.0,0.0,0.0,1.0,3.0,3.033333333333333,0.9666666666666666,1.0,0.7,1.0,0.0,0.1666666666666666,0.9666666666666666,1.0,1.0,1.0,1.0,0.8666666666666667,0.9666666666666666,1.0,1.0,1.0,1.0,0.9666666666666668,0.9666666666666666,2.0,2.033333333333333,0.9666666666666666,0.0,0.4,1.0,3.0,3.0,1.0,0.0,3.0,1.4992503748125936,0.1282051282051282,0.8717948717948718,0.2692307692307692,0.2051282051282051,0.0769230769230769,0.37,3.0,2.566666666666667,3.0,1.0333333333333334,2.033333333333333,1.0,3.0,0.0,3.033333333333333,0.7,0.1666666666666666,1.0,0.8666666666666667,1.0,0.9666666666666668,2.033333333333333,3.0,1.0,3.0,3.0,0.4,3.0,20.0,0.3888384531590413,0.2189825002073124,0.2334513919652953,0.0697150667211328,0.0507179615224996,0.0314328907127756,0.1434408575870994,0.2744551016702977,0.3076923076923077,0.0256410256410256,0.2227387890341321,0.2528617803463235,0.1209682734204793,0.0814848020672798,6.194833755493164,0.02,6.408043384552002,,1.0,1.0,2.0,1.0,2.0,0.0,9,9,1.0,0.0,0.0,2.0,1.0,20.0,3.0,4.0,2.0,2.0,4.0,4.0,28.0,0.0,20.0,4.0,8.0,1.0,0.0,0.0,0.0,1.0,0.0,0.0,0.0,1.0,1.0,0.0,0.0,0.0
md58_8,pretest_md58,Avito_Goods_gc-24-04-FS-Avito-Premium-T1-C2C,video filename; not an independently verified brief,Avito_Goods_gc-24-04-FS-Avito-Premium-T1-C2C.mp4,/Users/asekorneev/Desktop/Creatives_validation/Avito_Goods_gc-24-04-FS-Avito-Premium-T1-C2C.mp4,/Users/asekorneev/outputs/message_delivery_features_20260819/prepared_media/avitogoodsgc2404fsavitopremiumt1c2c.mp4,True,Avito,8,train,0.37,0.37,2,2,21.0,2.0,0.2152,0.24,/Users/asekorneev/outputs/aipm3_value_context_20260914/sources/promiser_comparison/combo_input.csv,current_saved_target,56.75675675675676,Existing OPM / existing message fraction,False,/Users/asekorneev/outputs/aipm_stability_20260919/human_quality_20260920/targets.csv,/Users/asekorneev/outputs/message_delivery_features_20260819/video_manifest.csv,d83eb5e4624da49403d89d19f4e1c02024cc5febe8b7d7f14474c629e6acb59c,avitogoodsgc2404fsavitopremiumt1c2c,d83eb5e4624da49403d89d19f4e1c02024cc5febe8b7d7f14474c629e6acb59c,d83eb5e4624da49403d89d19f4e1c02024cc5febe8b7d7f14474c629e6acb59c,Goods,LS-Fashion,md58_8,8,current 10 full runs,3.0,3.0,1.0,3.0,2.6,0.9333333333333332,3.0,2.933333333333333,0.9333333333333332,1.0,1.1666666666666667,0.9666666666666666,2.0,1.9333333333333331,0.9333333333333332,1.0,1.0666666666666669,0.9333333333333332,3.0,3.0,1.0,0.0,0.1,1.0,3.0,3.033333333333333,0.9333333333333332,0.0,0.4333333333333333,0.9666666666666666,0.0,0.1666666666666666,0.9666666666666666,1.0,1.0,1.0,1.0,0.8,0.8999999999999998,1.0,1.0,1.0,1.0,0.9333333333333332,0.9333333333333332,2.0,2.1,0.8999999999999998,0.0,0.3,1.0,3.0,2.933333333333333,0.9333333333333332,0.0,2.933333333333333,1.4992503748125936,0.1538461538461538,0.8461538461538461,0.3461538461538461,0.1538461538461538,0.0256410256410256,0.37,3.0,2.6,2.933333333333333,1.1666666666666667,1.9333333333333331,1.0666666666666669,3.0,0.1,3.033333333333333,0.4333333333333333,0.1666666666666666,1.0,0.8,1.0,0.9333333333333332,2.1,2.8666666666666667,1.0,3.0,2.9,0.3,2.933333333333333,20.0,0.3888384531590413,0.2189825002073124,0.2334513919652953,0.0697150667211328,0.0507179615224996,0.0314328907127756,0.1434408575870994,0.2744551016702977,0.3076923076923077,0.0256410256410256,0.2227387890341321,0.2528617803463235,0.1209682734204793,0.0814848020672798,6.194833755493164,0.02,6.408043384552002,,1.0,1.0,2.0,0.0,2.0,0.0,10,10,1.0,0.0,0.0,2.0,1.0,20.0,3.0,4.0,2.0,2.0,4.0,4.0,28.0,0.0,20.0,4.0,8.0,1.0,0.0,0.0,0.0,1.0,0.0,0.0,0.0,1.0,1.0,0.0,0.0,0.0
md58_9,pretest_md58,Avito_Goods_gc-24-04-HL-Construction-XY-T1-C2C,brief column,Avito_Goods_gc-24-04-HL-Construction-XY-T1-C2C.mp4,/Users/asekorneev/Desktop/Creatives_validation/Avito_Goods_gc-24-04-HL-Construction-XY-T1-C2C.mp4,/Users/asekorneev/outputs/message_delivery_features_20260819/prepared_media/avitogoodsgc2404hlconstructionxyt1c2c.mp4,True,Avito,9,train,0.22,0.22,1,1,10.0,1.0,0.2075,0.27,/Users/asekorneev/outputs/aipm3_value_context_20260914/sources/promiser_comparison/combo_input.csv,current_saved_target,45.45454545454545,Existing OPM / existing message fraction,False,/Users/asekorneev/outputs/aipm_stability_20260919/human_quality_20260920/targets.csv,/Users/asekorneev/outputs/message_delivery_features_20260819/video_manifest.csv,35f7e10d87bf353f645bae2d1617c56590987ce2d368707724a72b0596f173bf,avitogoodsgc2404hlconstructionxyt1c2c,35f7e10d87bf353f645bae2d1617c56590987ce2d368707724a72b0596f173bf,35f7e10d87bf353f645bae2d1617c56590987ce2d368707724a72b0596f173bf,Goods,HL-Construction,md58_9,9,current 10 full runs,3.0,3.0,1.0,3.0,3.0,1.0,4.0,3.6,0.9333333333333332,2.0,1.9333333333333331,0.9333333333333332,3.0,2.966666666666667,0.9,1.0,0.5333333333333333,0.9666666666666666,3.0,3.0,1.0,0.0,0.0,1.0,4.0,4.033333333333333,0.9666666666666666,0.0,0.1,1.0,2.0,1.9333333333333331,0.9333333333333332,0.0,0.0,1.0,1.0,0.9666666666666668,0.9666666666666666,0.0,0.0,1.0,2.0,1.6666666666666667,0.9333333333333332,2.0,2.0,1.0,1.0,1.0,1.0,3.0,3.0,1.0,1.0,3.0,2.148925537231384,0.0512820512820513,0.9487179487179488,0.1923076923076923,0.0641025641025641,0.0512820512820512,0.22,3.0,3.0,3.6,1.9333333333333331,2.966666666666667,0.5333333333333333,3.0,0.0,4.033333333333333,0.1,1.9333333333333331,0.0,0.9666666666666668,0.0,1.6666666666666667,2.0,2.7,0.9,3.0,3.0,1.0,3.0,20.0,0.350228156771968,0.1206356400081447,0.2246510368335562,0.1216855596405228,0.0293060639517107,0.0539082597404783,0.1273316621045379,0.2571507262164126,0.282051282051282,0.1282051282051282,0.095111670902929,0.2037983898472649,0.116136165577342,0.1724956631660461,11.323634147644045,0.015,6.074437618255615,,1.0,1.0,2.0,1.0,2.0,0.0,1,1,0.0,1.0,0.0,3.0,0.0,20.0,3.0,3.0,1.0,1.0,3.0,0.0,39.0,0.0,20.0,3.0,0.0,1.0,0.0,0.0,0.0,1.0,0.0,0.0,0.0,1.0,1.0,1.0,0.0,0.0
md58_9,pretest_md58,Avito_Goods_gc-24-04-HL-Construction-XY-T1-C2C,brief column,Avito_Goods_gc-24-04-HL-Construction-XY-T1-C2C.mp4,/Users/asekorneev/Desktop/Creatives_validation/Avito_Goods_gc-24-04-HL-Construction-XY-T1-C2C.mp4,/Users/asekorneev/outputs/message_delivery_features_20260819/prepared_media/avitogoodsgc2404hlconstructionxyt1c2c.mp4,True,Avito,9,train,0.22,0.22,1,1,10.0,1.0,0.2075,0.27,/Users/asekorneev/outputs/aipm3_value_context_20260914/sources/promiser_comparison/combo_input.csv,current_saved_target,45.45454545454545,Existing OPM / existing message fraction,False,/Users/asekorneev/outputs/aipm_stability_20260919/human_quality_20260920/targets.csv,/Users/asekorneev/outputs/message_delivery_features_20260819/video_manifest.csv,35f7e10d87bf353f645bae2d1617c56590987ce2d368707724a72b0596f173bf,avitogoodsgc2404hlconstructionxyt1c2c,35f7e10d87bf353f645bae2d1617c56590987ce2d368707724a72b0596f173bf,35f7e10d87bf353f645bae2d1617c56590987ce2d368707724a72b0596f173bf,Goods,HL-Construction,md58_9,9,current 10 full runs,3.0,3.0,1.0,3.0,3.0,1.0,4.0,3.6666666666666665,0.9666666666666666,2.0,1.9666666666666663,0.9666666666666666,3.0,2.966666666666667,0.9666666666666666,1.0,0.6333333333333333,0.9666666666666666,3.0,3.0,1.0,0.0,0.0,1.0,4.0,3.966666666666667,0.9666666666666666,0.0,0.0,1.0,2.0,1.9666666666666663,0.9666666666666666,0.0,0.0,1.0,1.0,1.0,1.0,0.0,0.0,1.0,2.0,1.7666666666666666,0.9333333333333332,2.0,2.0,1.0,1.0,1.0,1.0,3.0,3.0,1.0,1.0,3.0,2.148925537231384,0.0256410256410256,0.9743589743589745,0.1923076923076923,0.2179487179487179,0.1538461538461538,0.22,3.0,3.0,3.6666666666666665,1.9666666666666663,2.966666666666667,0.6333333333333333,3.0,0.0,3.966666666666667,0.0,1.9666666666666663,0.0,1.0,0.0,1.7666666666666666,2.0,2.7666666666666666,1.0,3.0,3.0,1.0,3.0,20.0,0.350228156771968,0.1206356400081447,0.2246510368335562,0.1216855596405228,0.0293060639517107,0.0539082597404783,0.1273316621045379,0.2571507262164126,0.282051282051282,0.1282051282051282,0.095111670902929,0.2037983898472649,0.116136165577342,0.1724956631660461,11.323634147644045,0.015,6.074437618255615,,1.0,1.0,2.0,1.0,2.0,0.0,2,2,0.0,1.0,0.0,3.0,0.0,20.0,3.0,4.0,3.0,1.0,3.0,0.0,38.0,0.0,20.0,4.0,0.0,1.0,0.0,0.0,0.0,1.0,0.0,0.0,0.0,1.0,1.0,1.0,0.0,0.0
md58_9,pretest_md58,Avito_Goods_gc-24-04-HL-Construction-XY-T1-C2C,brief column,Avito_Goods_gc-24-04-HL-Construction-XY-T1-C2C.mp4,/Users/asekorneev/Desktop/Creatives_validation/Avito_Goods_gc-24-04-HL-Construction-XY-T1-C2C.mp4,/Users/asekorneev/outputs/message_delivery_features_20260819/prepared_media/avitogoodsgc2404hlconstructionxyt1c2c.mp4,True,Avito,9,train,0.22,0.22,1,1,10.0,1.0,0.2075,0.27,/Users/asekorneev/outputs/aipm3_value_context_20260914/sources/promiser_comparison/combo_input.csv,current_saved_target,45.45454545454545,Existing OPM / existing message fraction,False,/Users/asekorneev/outputs/aipm_stability_20260919/human_quality_20260920/targets.csv,/Users/asekorneev/outputs/message_delivery_features_20260819/video_manifest.csv,35f7e10d87bf353f645bae2d1617c56590987ce2d368707724a72b0596f173bf,avitogoodsgc2404hlconstructionxyt1c2c,35f7e10d87bf353f645bae2d1617c56590987ce2d368707724a72b0596f173bf,35f7e10d87bf353f645bae2d1617c56590987ce2d368707724a72b0596f173bf,Goods,HL-Construction,md58_9,9,current 10 full runs,3.0,3.0,1.0,3.0,3.0,1.0,4.0,3.5,0.9333333333333332,2.0,2.0,1.0,3.0,2.966666666666667,0.9666666666666666,1.0,0.5333333333333333,0.9666666666666666,3.0,3.0,1.0,0.0,0.0,1.0,4.0,3.966666666666667,0.9666666666666666,0.0,0.1666666666666666,0.9666666666666666,2.0,1.8666666666666667,0.9666666666666666,0.0,0.0,1.0,1.0,1.0,1.0,0.0,0.1,1.0,2.0,1.6,0.9,2.0,2.0,1.0,1.0,1.0,1.0,3.0,3.0,1.0,1.0,3.0,2.148925537231384,0.1025641025641025,0.8974358974358975,0.1923076923076923,0.0769230769230769,0.0256410256410256,0.22,3.0,3.0,3.5,2.0,2.966666666666667,0.5333333333333333,3.0,0.0,3.966666666666667,0.1666666666666666,1.8666666666666667,0.0,1.0,0.1,1.6,2.0,2.5,0.9,3.0,3.0,1.0,3.0,20.0,0.350228156771968,0.1206356400081447,0.2246510368335562,0.1216855596405228,0.0293060639517107,0.0539082597404783,0.1273316621045379,0.2571507262164126,0.282051282051282,0.1282051282051282,0.095111670902929,0.2037983898472649,0.116136165577342,0.1724956631660461,11.323634147644045,0.015,6.074437618255615,,1.0,1.0,2.0,1.0,2.0,0.0,3,3,0.0,1.0,0.0,3.0,0.0,20.0,3.0,3.0,1.0,1.0,3.0,0.0,38.0,0.0,20.0,3.0,0.0,1.0,0.0,0.0,0.0,1.0,0.0,0.0,0.0,1.0,1.0,1.0,0.0,0.0
md58_9,pretest_md58,Avito_Goods_gc-24-04-HL-Construction-XY-T1-C2C,brief column,Avito_Goods_gc-24-04-HL-Construction-XY-T1-C2C.mp4,/Users/asekorneev/Desktop/Creatives_validation/Avito_Goods_gc-24-04-HL-Construction-XY-T1-C2C.mp4,/Users/asekorneev/outputs/message_delivery_features_20260819/prepared_media/avitogoodsgc2404hlconstructionxyt1c2c.mp4,True,Avito,9,train,0.22,0.22,1,1,10.0,1.0,0.2075,0.27,/Users/asekorneev/outputs/aipm3_value_context_20260914/sources/promiser_comparison/combo_input.csv,current_saved_target,45.45454545454545,Existing OPM / existing message fraction,False,/Users/asekorneev/outputs/aipm_stability_20260919/human_quality_20260920/targets.csv,/Users/asekorneev/outputs/message_delivery_features_20260819/video_manifest.csv,35f7e10d87bf353f645bae2d1617c56590987ce2d368707724a72b0596f173bf,avitogoodsgc2404hlconstructionxyt1c2c,35f7e10d87bf353f645bae2d1617c56590987ce2d368707724a72b0596f173bf,35f7e10d87bf353f645bae2d1617c56590987ce2d368707724a72b0596f173bf,Goods,HL-Construction,md58_9,9,current 10 full runs,3.0,3.0,1.0,3.0,3.0,1.0,4.0,3.7666666666666666,0.9333333333333332,2.0,1.9666666666666663,0.9666666666666666,3.0,2.966666666666667,0.9666666666666666,0.0,0.4,1.0,3.0,3.0,1.0,0.0,0.0,1.0,4.0,4.0,1.0,0.0,0.0,1.0,2.0,1.9666666666666663,0.9666666666666666,0.0,0.0,1.0,1.0,1.0,1.0,0.0,0.1,1.0,2.0,1.8333333333333333,0.9666666666666666,2.0,2.0,1.0,1.0,1.0,1.0,3.0,3.0,1.0,1.0,3.0,2.148925537231384,0.1025641025641025,0.8974358974358975,0.1923076923076923,0.1025641025641025,0.0769230769230769,0.22,3.0,3.0,3.7666666666666666,1.9666666666666663,2.966666666666667,0.4,3.0,0.0,4.0,0.0,1.9666666666666663,0.0,1.0,0.1,1.8333333333333333,2.0,2.7333333333333334,1.0,3.0,3.0,1.0,3.0,20.0,0.350228156771968,0.1206356400081447,0.2246510368335562,0.1216855596405228,0.0293060639517107,0.0539082597404783,0.1273316621045379,0.2571507262164126,0.282051282051282,0.1282051282051282,0.095111670902929,0.2037983898472649,0.116136165577342,0.1724956631660461,11.323634147644045,0.015,6.074437618255615,,1.0,1.0,2.0,1.0,2.0,0.0,4,4,0.0,1.0,0.0,3.0,0.0,20.0,3.0,3.0,1.0,1.0,3.0,0.0,40.0,0.0,20.0,3.0,0.0,1.0,0.0,0.0,0.0,1.0,0.0,0.0,0.0,1.0,1.0,1.0,0.0,0.0
md58_9,pretest_md58,Avito_Goods_gc-24-04-HL-Construction-XY-T1-C2C,brief column,Avito_Goods_gc-24-04-HL-Construction-XY-T1-C2C.mp4,/Users/asekorneev/Desktop/Creatives_validation/Avito_Goods_gc-24-04-HL-Construction-XY-T1-C2C.mp4,/Users/asekorneev/outputs/message_delivery_features_20260819/prepared_media/avitogoodsgc2404hlconstructionxyt1c2c.mp4,True,Avito,9,train,0.22,0.22,1,1,10.0,1.0,0.2075,0.27,/Users/asekorneev/outputs/aipm3_value_context_20260914/sources/promiser_comparison/combo_input.csv,current_saved_target,45.45454545454545,Existing OPM / existing message fraction,False,/Users/asekorneev/outputs/aipm_stability_20260919/human_quality_20260920/targets.csv,/Users/asekorneev/outputs/message_delivery_features_20260819/video_manifest.csv,35f7e10d87bf353f645bae2d1617c56590987ce2d368707724a72b0596f173bf,avitogoodsgc2404hlconstructionxyt1c2c,35f7e10d87bf353f645bae2d1617c56590987ce2d368707724a72b0596f173bf,35f7e10d87bf353f645bae2d1617c56590987ce2d368707724a72b0596f173bf,Goods,HL-Construction,md58_9,9,current 10 full runs,3.0,3.0,1.0,3.0,3.0,1.0,4.0,3.6666666666666665,0.9666666666666666,2.0,1.9666666666666663,0.9666666666666666,3.0,3.0,0.9333333333333332,0.0,0.4333333333333333,0.9666666666666666,3.0,3.0,1.0,0.0,0.0,1.0,4.0,4.0,0.9333333333333332,0.0,0.0,1.0,2.0,1.9666666666666663,0.9666666666666666,0.0,0.0,1.0,1.0,1.0333333333333334,0.9666666666666666,0.0,0.0,1.0,2.0,1.7666666666666666,0.9,2.0,2.0,1.0,1.0,1.0,1.0,3.0,3.0,1.0,1.0,3.0,2.148925537231384,0.0769230769230769,0.923076923076923,0.1923076923076923,0.0769230769230769,0.0769230769230769,0.22,3.0,3.0,3.6666666666666665,1.9666666666666663,3.0,0.4333333333333333,3.0,0.0,4.0,0.0,1.9666666666666663,0.0,1.0333333333333334,0.0,1.7666666666666666,2.0,2.6666666666666665,1.0,3.0,3.0,1.0,3.0,20.0,0.350228156771968,0.1206356400081447,0.2246510368335562,0.1216855596405228,0.0293060639517107,0.0539082597404783,0.1273316621045379,0.2571507262164126,0.282051282051282,0.1282051282051282,0.095111670902929,0.2037983898472649,0.116136165577342,0.1724956631660461,11.323634147644045,0.015,6.074437618255615,,1.0,1.0,2.0,1.0,2.0,0.0,5,5,0.0,1.0,0.0,3.0,0.0,20.0,3.0,3.0,1.0,1.0,3.0,0.0,38.0,0.0,20.0,3.0,0.0,1.0,0.0,0.0,0.0,1.0,0.0,0.0,0.0,1.0,1.0,1.0,0.0,0.0
md58_9,pretest_md58,Avito_Goods_gc-24-04-HL-Construction-XY-T1-C2C,brief column,Avito_Goods_gc-24-04-HL-Construction-XY-T1-C2C.mp4,/Users/asekorneev/Desktop/Creatives_validation/Avito_Goods_gc-24-04-HL-Construction-XY-T1-C2C.mp4,/Users/asekorneev/outputs/message_delivery_features_20260819/prepared_media/avitogoodsgc2404hlconstructionxyt1c2c.mp4,True,Avito,9,train,0.22,0.22,1,1,10.0,1.0,0.2075,0.27,/Users/asekorneev/outputs/aipm3_value_context_20260914/sources/promiser_comparison/combo_input.csv,current_saved_target,45.45454545454545,Existing OPM / existing message fraction,False,/Users/asekorneev/outputs/aipm_stability_20260919/human_quality_20260920/targets.csv,/Users/asekorneev/outputs/message_delivery_features_20260819/video_manifest.csv,35f7e10d87bf353f645bae2d1617c56590987ce2d368707724a72b0596f173bf,avitogoodsgc2404hlconstructionxyt1c2c,35f7e10d87bf353f645bae2d1617c56590987ce2d368707724a72b0596f173bf,35f7e10d87bf353f645bae2d1617c56590987ce2d368707724a72b0596f173bf,Goods,HL-Construction,md58_9,9,current 10 full runs,3.0,3.0,1.0,3.0,3.0,1.0,3.0,3.433333333333333,0.9,2.0,1.9333333333333331,0.9333333333333332,3.0,2.933333333333333,0.8999999999999998,1.0,0.6,0.9333333333333332,3.0,3.0,1.0,0.0,0.0,1.0,4.0,4.0,0.8666666666666666,0.0,0.0,1.0,2.0,1.9,0.9333333333333332,0.0,0.0,1.0,1.0,0.9666666666666668,0.9666666666666666,0.0,0.1,1.0,2.0,1.8,0.8666666666666666,2.0,2.0,1.0,1.0,1.0,1.0,3.0,3.0,1.0,1.0,3.0,2.148925537231384,0.1282051282051282,0.8717948717948718,0.1923076923076923,0.1282051282051282,0.1794871794871795,0.22,3.0,3.0,3.433333333333333,1.9333333333333331,2.933333333333333,0.6,3.0,0.0,4.0,0.0,1.9,0.0,0.9666666666666668,0.1,1.8,2.0,2.5,1.0,3.0,3.0,1.0,3.0,20.0,0.350228156771968,0.1206356400081447,0.2246510368335562,0.1216855596405228,0.0293060639517107,0.0539082597404783,0.1273316621045379,0.2571507262164126,0.282051282051282,0.1282051282051282,0.095111670902929,0.2037983898472649,0.116136165577342,0.1724956631660461,11.323634147644045,0.015,6.074437618255615,,1.0,1.0,2.0,1.0,2.0,0.0,6,6,0.0,1.0,0.0,3.0,0.0,20.0,3.0,3.0,1.0,1.0,3.0,0.0,40.0,0.0,20.0,3.0,0.0,1.0,0.0,0.0,0.0,1.0,0.0,0.0,0.0,1.0,1.0,1.0,0.0,0.0
md58_9,pretest_md58,Avito_Goods_gc-24-04-HL-Construction-XY-T1-C2C,brief column,Avito_Goods_gc-24-04-HL-Construction-XY-T1-C2C.mp4,/Users/asekorneev/Desktop/Creatives_validation/Avito_Goods_gc-24-04-HL-Construction-XY-T1-C2C.mp4,/Users/asekorneev/outputs/message_delivery_features_20260819/prepared_media/avitogoodsgc2404hlconstructionxyt1c2c.mp4,True,Avito,9,train,0.22,0.22,1,1,10.0,1.0,0.2075,0.27,/Users/asekorneev/outputs/aipm3_value_context_20260914/sources/promiser_comparison/combo_input.csv,current_saved_target,45.45454545454545,Existing OPM / existing message fraction,False,/Users/asekorneev/outputs/aipm_stability_20260919/human_quality_20260920/targets.csv,/Users/asekorneev/outputs/message_delivery_features_20260819/video_manifest.csv,35f7e10d87bf353f645bae2d1617c56590987ce2d368707724a72b0596f173bf,avitogoodsgc2404hlconstructionxyt1c2c,35f7e10d87bf353f645bae2d1617c56590987ce2d368707724a72b0596f173bf,35f7e10d87bf353f645bae2d1617c56590987ce2d368707724a72b0596f173bf,Goods,HL-Construction,md58_9,9,current 10 full runs,3.0,3.0,1.0,3.0,3.0,1.0,3.0,3.466666666666667,0.9333333333333332,2.0,1.9666666666666663,0.9666666666666666,3.0,2.9,0.9333333333333332,1.0,0.7333333333333333,0.9666666666666666,3.0,3.0,1.0,0.0,0.0,1.0,4.0,3.966666666666667,0.9333333333333332,0.0,0.0,1.0,2.0,1.8,0.9333333333333332,0.0,0.0,1.0,1.0,0.9666666666666668,0.9666666666666666,0.0,0.1,1.0,2.0,1.6,0.9,2.0,2.0,1.0,1.0,1.0,1.0,3.0,3.0,1.0,1.0,3.0,2.148925537231384,0.0769230769230769,0.9230769230769232,0.1153846153846153,0.0384615384615384,0.0,0.22,3.0,3.0,3.466666666666667,1.9666666666666663,2.9,0.7333333333333333,3.0,0.0,3.966666666666667,0.0,1.8,0.0,0.9666666666666668,0.1,1.6,2.0,2.566666666666667,0.9,3.0,3.0,1.0,3.0,20.0,0.350228156771968,0.1206356400081447,0.2246510368335562,0.1216855596405228,0.0293060639517107,0.0539082597404783,0.1273316621045379,0.2571507262164126,0.282051282051282,0.1282051282051282,0.095111670902929,0.2037983898472649,0.116136165577342,0.1724956631660461,11.323634147644045,0.015,6.074437618255615,,1.0,1.0,2.0,1.0,2.0,0.0,7,7,0.0,1.0,0.0,3.0,0.0,20.0,3.0,3.0,1.0,1.0,3.0,0.0,38.0,0.0,20.0,3.0,0.0,1.0,0.0,0.0,0.0,1.0,0.0,0.0,0.0,1.0,1.0,1.0,0.0,0.0
md58_9,pretest_md58,Avito_Goods_gc-24-04-HL-Construction-XY-T1-C2C,brief column,Avito_Goods_gc-24-04-HL-Construction-XY-T1-C2C.mp4,/Users/asekorneev/Desktop/Creatives_validation/Avito_Goods_gc-24-04-HL-Construction-XY-T1-C2C.mp4,/Users/asekorneev/outputs/message_delivery_features_20260819/prepared_media/avitogoodsgc2404hlconstructionxyt1c2c.mp4,True,Avito,9,train,0.22,0.22,1,1,10.0,1.0,0.2075,0.27,/Users/asekorneev/outputs/aipm3_value_context_20260914/sources/promiser_comparison/combo_input.csv,current_saved_target,45.45454545454545,Existing OPM / existing message fraction,False,/Users/asekorneev/outputs/aipm_stability_20260919/human_quality_20260920/targets.csv,/Users/asekorneev/outputs/message_delivery_features_20260819/video_manifest.csv,35f7e10d87bf353f645bae2d1617c56590987ce2d368707724a72b0596f173bf,avitogoodsgc2404hlconstructionxyt1c2c,35f7e10d87bf353f645bae2d1617c56590987ce2d368707724a72b0596f173bf,35f7e10d87bf353f645bae2d1617c56590987ce2d368707724a72b0596f173bf,Goods,HL-Construction,md58_9,9,current 10 full runs,3.0,3.0,1.0,3.0,3.0,1.0,3.0,3.433333333333333,0.8666666666666666,2.0,1.9666666666666663,0.9666666666666666,3.0,3.0,0.9333333333333332,1.0,0.8,1.0,3.0,3.0,1.0,0.0,0.0,1.0,4.0,4.066666666666666,0.9333333333333332,0.0,0.0,1.0,2.0,2.0,1.0,0.0,0.0,1.0,1.0,1.0,1.0,0.0,0.1,1.0,2.0,1.7333333333333334,0.8999999999999998,2.0,2.066666666666667,0.9666666666666666,1.0,1.0,1.0,3.0,3.0,1.0,1.0,3.0,2.148925537231384,0.1025641025641025,0.8974358974358975,0.1153846153846153,0.0512820512820512,0.0256410256410256,0.22,3.0,3.0,3.433333333333333,1.9666666666666663,3.0,0.8,3.0,0.0,4.066666666666666,0.0,2.0,0.0,1.0,0.1,1.7333333333333334,2.066666666666667,2.533333333333333,1.0,3.0,3.0,1.0,3.0,20.0,0.350228156771968,0.1206356400081447,0.2246510368335562,0.1216855596405228,0.0293060639517107,0.0539082597404783,0.1273316621045379,0.2571507262164126,0.282051282051282,0.1282051282051282,0.095111670902929,0.2037983898472649,0.116136165577342,0.1724956631660461,11.323634147644045,0.015,6.074437618255615,,1.0,1.0,2.0,1.0,2.0,0.0,8,8,0.0,1.0,0.0,3.0,0.0,20.0,3.0,3.0,1.0,1.0,3.0,0.0,39.0,0.0,20.0,3.0,0.0,1.0,0.0,0.0,0.0,1.0,0.0,0.0,0.0,1.0,1.0,1.0,0.0,0.0
md58_9,pretest_md58,Avito_Goods_gc-24-04-HL-Construction-XY-T1-C2C,brief column,Avito_Goods_gc-24-04-HL-Construction-XY-T1-C2C.mp4,/Users/asekorneev/Desktop/Creatives_validation/Avito_Goods_gc-24-04-HL-Construction-XY-T1-C2C.mp4,/Users/asekorneev/outputs/message_delivery_features_20260819/prepared_media/avitogoodsgc2404hlconstructionxyt1c2c.mp4,True,Avito,9,train,0.22,0.22,1,1,10.0,1.0,0.2075,0.27,/Users/asekorneev/outputs/aipm3_value_context_20260914/sources/promiser_comparison/combo_input.csv,current_saved_target,45.45454545454545,Existing OPM / existing message fraction,False,/Users/asekorneev/outputs/aipm_stability_20260919/human_quality_20260920/targets.csv,/Users/asekorneev/outputs/message_delivery_features_20260819/video_manifest.csv,35f7e10d87bf353f645bae2d1617c56590987ce2d368707724a72b0596f173bf,avitogoodsgc2404hlconstructionxyt1c2c,35f7e10d87bf353f645bae2d1617c56590987ce2d368707724a72b0596f173bf,35f7e10d87bf353f645bae2d1617c56590987ce2d368707724a72b0596f173bf,Goods,HL-Construction,md58_9,9,current 10 full runs,3.0,3.0,1.0,3.0,3.0,1.0,4.0,3.6333333333333337,0.9666666666666666,2.0,1.9666666666666663,0.9666666666666666,3.0,2.966666666666667,0.9666666666666666,1.0,0.5,1.0,3.0,3.0,1.0,0.0,0.0,1.0,4.0,3.966666666666667,0.9666666666666666,0.0,0.0,1.0,2.0,1.9,1.0,0.0,0.0,1.0,1.0,0.9666666666666668,0.9666666666666666,0.0,0.0,1.0,2.0,1.9333333333333331,0.9666666666666666,2.0,2.0,1.0,1.0,1.0,1.0,3.0,3.0,1.0,1.0,3.0,2.148925537231384,0.0769230769230769,0.9230769230769232,0.1923076923076923,0.0769230769230769,0.0769230769230769,0.22,3.0,3.0,3.6333333333333337,1.9666666666666663,2.966666666666667,0.5,3.0,0.0,3.966666666666667,0.0,1.9,0.0,0.9666666666666668,0.0,1.9333333333333331,2.0,2.6333333333333333,0.9,3.0,3.0,1.0,3.0,20.0,0.350228156771968,0.1206356400081447,0.2246510368335562,0.1216855596405228,0.0293060639517107,0.0539082597404783,0.1273316621045379,0.2571507262164126,0.282051282051282,0.1282051282051282,0.095111670902929,0.2037983898472649,0.116136165577342,0.1724956631660461,11.323634147644045,0.015,6.074437618255615,,1.0,1.0,2.0,1.0,2.0,0.0,9,9,0.0,1.0,0.0,3.0,0.0,20.0,3.0,3.0,1.0,1.0,3.0,0.0,39.0,0.0,20.0,3.0,0.0,1.0,0.0,0.0,0.0,1.0,0.0,0.0,0.0,1.0,1.0,1.0,0.0,0.0
md58_9,pretest_md58,Avito_Goods_gc-24-04-HL-Construction-XY-T1-C2C,brief column,Avito_Goods_gc-24-04-HL-Construction-XY-T1-C2C.mp4,/Users/asekorneev/Desktop/Creatives_validation/Avito_Goods_gc-24-04-HL-Construction-XY-T1-C2C.mp4,/Users/asekorneev/outputs/message_delivery_features_20260819/prepared_media/avitogoodsgc2404hlconstructionxyt1c2c.mp4,True,Avito,9,train,0.22,0.22,1,1,10.0,1.0,0.2075,0.27,/Users/asekorneev/outputs/aipm3_value_context_20260914/sources/promiser_comparison/combo_input.csv,current_saved_target,45.45454545454545,Existing OPM / existing message fraction,False,/Users/asekorneev/outputs/aipm_stability_20260919/human_quality_20260920/targets.csv,/Users/asekorneev/outputs/message_delivery_features_20260819/video_manifest.csv,35f7e10d87bf353f645bae2d1617c56590987ce2d368707724a72b0596f173bf,avitogoodsgc2404hlconstructionxyt1c2c,35f7e10d87bf353f645bae2d1617c56590987ce2d368707724a72b0596f173bf,35f7e10d87bf353f645bae2d1617c56590987ce2d368707724a72b0596f173bf,Goods,HL-Construction,md58_9,9,current 10 full runs,3.0,3.0,1.0,3.0,3.0,1.0,4.0,3.7,0.9333333333333332,2.0,1.9666666666666663,0.9666666666666666,3.0,2.966666666666667,0.9666666666666666,1.0,0.6,1.0,3.0,3.0,1.0,0.0,0.0,1.0,4.0,3.966666666666667,0.9666666666666666,0.0,0.0,1.0,2.0,1.9666666666666663,0.9666666666666666,0.0,0.0,1.0,1.0,0.9666666666666668,0.9666666666666666,0.0,0.0,1.0,2.0,1.8,0.9333333333333332,2.0,2.033333333333333,0.9666666666666666,1.0,1.0,1.0,3.0,3.0,1.0,1.0,3.0,2.148925537231384,0.1025641025641025,0.8974358974358975,0.2692307692307692,0.1923076923076923,0.1025641025641025,0.22,3.0,3.0,3.7,1.9666666666666663,2.966666666666667,0.6,3.0,0.0,3.966666666666667,0.0,1.9666666666666663,0.0,0.9666666666666668,0.0,1.8,2.033333333333333,2.6,0.9,3.0,3.0,1.0,3.0,20.0,0.350228156771968,0.1206356400081447,0.2246510368335562,0.1216855596405228,0.0293060639517107,0.0539082597404783,0.1273316621045379,0.2571507262164126,0.282051282051282,0.1282051282051282,0.095111670902929,0.2037983898472649,0.116136165577342,0.1724956631660461,11.323634147644045,0.015,6.074437618255615,,1.0,1.0,2.0,1.0,2.0,0.0,10,10,0.0,1.0,0.0,3.0,0.0,20.0,3.0,3.0,1.0,1.0,3.0,0.0,38.0,0.0,20.0,3.0,0.0,1.0,0.0,0.0,0.0,1.0,0.0,0.0,0.0,1.0,1.0,1.0,0.0,0.0
md58_10,pretest_md58,Avito_Goods_gc-24-05-SP-RoadTrips-T1-C2C,video filename; not an independently verified brief,Avito_Goods_gc-24-05-SP-RoadTrips-T1-C2C.mp4,/Users/asekorneev/Desktop/Creatives_validation/Avito_Goods_gc-24-05-SP-RoadTrips-T1-C2C.mp4,/Users/asekorneev/Desktop/Creatives_validation/Avito_Goods_gc-24-05-SP-RoadTrips-T1-C2C.mp4,True,Avito,10,train,0.19,0.19,0,0,7.0,0.0,0.2215,0.36,/Users/asekorneev/outputs/aipm3_value_context_20260914/sources/promiser_comparison/combo_input.csv,current_saved_target,36.8421052631579,Existing OPM / existing message fraction,False,/Users/asekorneev/outputs/aipm_stability_20260919/human_quality_20260920/targets.csv,/Users/asekorneev/outputs/message_delivery_features_20260819/video_manifest.csv,e8f1e4a5966f4688925f062557287da4677e14c160fa0b8f28fede3fb40cc212,avitogoodsgc2405sproadtripst1c2c,e8f1e4a5966f4688925f062557287da4677e14c160fa0b8f28fede3fb40cc212,e8f1e4a5966f4688925f062557287da4677e14c160fa0b8f28fede3fb40cc212,Goods,SP-SpareParts,md58_10,10,current 10 full runs,3.0,2.933333333333333,0.9666666666666666,3.0,2.966666666666667,0.9666666666666666,3.0,2.8666666666666667,0.9666666666666666,2.0,1.9666666666666663,0.9666666666666666,2.0,1.9666666666666663,0.9666666666666666,1.0,1.1333333333333333,0.9666666666666666,3.0,3.0,1.0,1.0,0.9333333333333332,0.9666666666666666,4.0,3.966666666666667,0.9666666666666666,1.0,1.0,1.0,0.0,0.2,1.0,0.0,0.0,1.0,1.0,0.9666666666666668,0.9666666666666666,1.0,0.6666666666666666,0.9666666666666666,1.0,0.9666666666666668,0.9666666666666666,2.0,2.0,1.0,1.0,1.0,1.0,3.0,3.0,1.0,1.0,3.0,1.9333333333333331,0.0256410256410256,0.9743589743589745,0.1923076923076923,0.0512820512820512,0.0256410256410256,0.19,2.933333333333333,2.966666666666667,2.8666666666666667,1.9666666666666663,1.9666666666666663,1.1333333333333333,3.0,0.9333333333333332,3.966666666666667,1.0,0.2,0.0,0.9666666666666668,0.6666666666666666,0.9666666666666668,2.0,2.2666666666666666,1.0,2.933333333333333,3.0,1.0,3.0,15.0,0.4367397512708788,0.1198000750843006,0.1901732192985374,0.112150644517066,0.0348416070176695,0.0364975392262152,0.1134499724538602,0.2291138344226579,0.1379310344827586,0.0,0.0783542877027354,0.1263391810512803,0.1128477214960057,0.0595013499259948,11.163156509399414,0.04,8.7178955078125,,2.0,0.0,2.0,2.0,2.0,0.0,1,1,0.0,0.0,0.0,2.0,1.0,15.0,2.0,4.0,2.0,2.0,3.0,2.0,25.0,0.0,15.0,4.0,0.0,0.0,0.0,0.0,0.0,1.0,0.0,0.0,0.0,1.0,0.0,0.0,0.0,0.0
md58_10,pretest_md58,Avito_Goods_gc-24-05-SP-RoadTrips-T1-C2C,video filename; not an independently verified brief,Avito_Goods_gc-24-05-SP-RoadTrips-T1-C2C.mp4,/Users/asekorneev/Desktop/Creatives_validation/Avito_Goods_gc-24-05-SP-RoadTrips-T1-C2C.mp4,/Users/asekorneev/Desktop/Creatives_validation/Avito_Goods_gc-24-05-SP-RoadTrips-T1-C2C.mp4,True,Avito,10,train,0.19,0.19,0,0,7.0,0.0,0.2215,0.36,/Users/asekorneev/outputs/aipm3_value_context_20260914/sources/promiser_comparison/combo_input.csv,current_saved_target,36.8421052631579,Existing OPM / existing message fraction,False,/Users/asekorneev/outputs/aipm_stability_20260919/human_quality_20260920/targets.csv,/Users/asekorneev/outputs/message_delivery_features_20260819/video_manifest.csv,e8f1e4a5966f4688925f062557287da4677e14c160fa0b8f28fede3fb40cc212,avitogoodsgc2405sproadtripst1c2c,e8f1e4a5966f4688925f062557287da4677e14c160fa0b8f28fede3fb40cc212,e8f1e4a5966f4688925f062557287da4677e14c160fa0b8f28fede3fb40cc212,Goods,SP-SpareParts,md58_10,10,current 10 full runs,3.0,3.0,1.0,3.0,3.0,1.0,3.0,2.933333333333333,0.9666666666666666,2.0,2.0,1.0,2.0,2.0,1.0,1.0,1.1,1.0,3.0,3.0,1.0,1.0,0.9,1.0,4.0,4.0,1.0,1.0,1.0,1.0,0.0,0.0,1.0,0.0,0.0,1.0,1.0,1.0,1.0,1.0,0.5,1.0,1.0,1.0,1.0,2.0,2.0,1.0,1.0,1.0,1.0,3.0,3.0,1.0,1.0,3.0,1.9333333333333331,0.1282051282051282,0.8717948717948718,0.3461538461538461,0.2307692307692307,0.1794871794871795,0.19,3.0,3.0,2.933333333333333,2.0,2.0,1.1,3.0,0.9,4.0,1.0,0.0,0.0,1.0,0.5,1.0,2.0,2.3333333333333335,1.0,3.0,3.0,1.0,3.0,15.0,0.4367397512708788,0.1198000750843006,0.1901732192985374,0.112150644517066,0.0348416070176695,0.0364975392262152,0.1134499724538602,0.2291138344226579,0.1379310344827586,0.0,0.0783542877027354,0.1263391810512803,0.1128477214960057,0.0595013499259948,11.163156509399414,0.04,8.7178955078125,,2.0,0.0,2.0,2.0,2.0,0.0,2,2,0.0,0.0,0.0,2.0,1.0,15.0,2.0,4.0,3.0,2.0,3.0,2.0,25.0,0.0,15.0,4.0,0.0,0.0,0.0,0.0,0.0,1.0,0.0,0.0,0.0,1.0,0.0,0.0,0.0,0.0
md58_10,pretest_md58,Avito_Goods_gc-24-05-SP-RoadTrips-T1-C2C,video filename; not an independently verified brief,Avito_Goods_gc-24-05-SP-RoadTrips-T1-C2C.mp4,/Users/asekorneev/Desktop/Creatives_validation/Avito_Goods_gc-24-05-SP-RoadTrips-T1-C2C.mp4,/Users/asekorneev/Desktop/Creatives_validation/Avito_Goods_gc-24-05-SP-RoadTrips-T1-C2C.mp4,True,Avito,10,train,0.19,0.19,0,0,7.0,0.0,0.2215,0.36,/Users/asekorneev/outputs/aipm3_value_context_20260914/sources/promiser_comparison/combo_input.csv,current_saved_target,36.8421052631579,Existing OPM / existing message fraction,False,/Users/asekorneev/outputs/aipm_stability_20260919/human_quality_20260920/targets.csv,/Users/asekorneev/outputs/message_delivery_features_20260819/video_manifest.csv,e8f1e4a5966f4688925f062557287da4677e14c160fa0b8f28fede3fb40cc212,avitogoodsgc2405sproadtripst1c2c,e8f1e4a5966f4688925f062557287da4677e14c160fa0b8f28fede3fb40cc212,e8f1e4a5966f4688925f062557287da4677e14c160fa0b8f28fede3fb40cc212,Goods,SP-SpareParts,md58_10,10,current 10 full runs,3.0,2.7,1.0,3.0,2.8,1.0,3.0,3.0,1.0,2.0,2.0,1.0,2.0,2.0,1.0,1.0,1.0,1.0,3.0,3.0,1.0,1.0,1.0,1.0,4.0,4.0,1.0,1.0,1.0,1.0,0.0,0.0,1.0,0.0,0.0,1.0,1.0,1.0,1.0,1.0,0.6,1.0,1.0,1.0,1.0,2.0,2.0,1.0,1.0,1.0,1.0,3.0,3.0,1.0,1.0,3.0,1.9333333333333331,0.0512820512820512,0.9487179487179488,0.6538461538461539,0.3974358974358974,0.1538461538461538,0.19,2.7,2.8,3.0,2.0,2.0,1.0,3.0,1.0,4.0,1.0,0.0,0.0,1.0,0.6,1.0,2.0,2.2,1.0,2.7,2.8,1.0,3.0,15.0,0.4367397512708788,0.1198000750843006,0.1901732192985374,0.112150644517066,0.0348416070176695,0.0364975392262152,0.1134499724538602,0.2291138344226579,0.1379310344827586,0.0,0.0783542877027354,0.1263391810512803,0.1128477214960057,0.0595013499259948,11.163156509399414,0.04,8.7178955078125,,2.0,0.0,2.0,2.0,2.0,0.0,3,3,0.0,0.0,0.0,2.0,1.0,15.0,2.0,4.0,3.0,2.0,3.0,2.0,25.0,0.0,15.0,4.0,0.0,0.0,0.0,0.0,0.0,1.0,0.0,0.0,0.0,1.0,0.0,0.0,0.0,0.0
md58_10,pretest_md58,Avito_Goods_gc-24-05-SP-RoadTrips-T1-C2C,video filename; not an independently verified brief,Avito_Goods_gc-24-05-SP-RoadTrips-T1-C2C.mp4,/Users/asekorneev/Desktop/Creatives_validation/Avito_Goods_gc-24-05-SP-RoadTrips-T1-C2C.mp4,/Users/asekorneev/Desktop/Creatives_validation/Avito_Goods_gc-24-05-SP-RoadTrips-T1-C2C.mp4,True,Avito,10,train,0.19,0.19,0,0,7.0,0.0,0.2215,0.36,/Users/asekorneev/outputs/aipm3_value_context_20260914/sources/promiser_comparison/combo_input.csv,current_saved_target,36.8421052631579,Existing OPM / existing message fraction,False,/Users/asekorneev/outputs/aipm_stability_20260919/human_quality_20260920/targets.csv,/Users/asekorneev/outputs/message_delivery_features_20260819/video_manifest.csv,e8f1e4a5966f4688925f062557287da4677e14c160fa0b8f28fede3fb40cc212,avitogoodsgc2405sproadtripst1c2c,e8f1e4a5966f4688925f062557287da4677e14c160fa0b8f28fede3fb40cc212,e8f1e4a5966f4688925f062557287da4677e14c160fa0b8f28fede3fb40cc212,Goods,SP-SpareParts,md58_10,10,current 10 full runs,3.0,2.9,1.0,3.0,2.9,1.0,3.0,3.0,1.0,2.0,1.9333333333333331,0.9333333333333332,2.0,2.0,1.0,1.0,1.0,1.0,3.0,3.0,1.0,1.0,1.0,1.0,4.0,4.0,1.0,1.0,1.0,1.0,0.0,0.1,1.0,0.0,0.0,1.0,1.0,1.0,1.0,1.0,0.5,1.0,1.0,1.0,1.0,2.0,2.0,1.0,1.0,1.0,1.0,3.0,3.0,1.0,1.0,3.0,1.9333333333333331,0.0256410256410256,0.9743589743589745,0.1923076923076923,0.1153846153846154,0.0512820512820512,0.19,2.9,2.9,3.0,1.9333333333333331,2.0,1.0,3.0,1.0,4.0,1.0,0.1,0.0,1.0,0.5,1.0,2.0,2.3,1.0,2.9,2.9,1.0,3.0,15.0,0.4367397512708788,0.1198000750843006,0.1901732192985374,0.112150644517066,0.0348416070176695,0.0364975392262152,0.1134499724538602,0.2291138344226579,0.1379310344827586,0.0,0.0783542877027354,0.1263391810512803,0.1128477214960057,0.0595013499259948,11.163156509399414,0.04,8.7178955078125,,2.0,0.0,2.0,2.0,2.0,0.0,4,4,0.0,0.0,0.0,2.0,1.0,15.0,2.0,4.0,3.0,2.0,3.0,2.0,25.0,0.0,15.0,4.0,0.0,0.0,0.0,0.0,0.0,1.0,0.0,0.0,0.0,1.0,0.0,0.0,0.0,0.0
md58_10,pretest_md58,Avito_Goods_gc-24-05-SP-RoadTrips-T1-C2C,video filename; not an independently verified brief,Avito_Goods_gc-24-05-SP-RoadTrips-T1-C2C.mp4,/Users/asekorneev/Desktop/Creatives_validation/Avito_Goods_gc-24-05-SP-RoadTrips-T1-C2C.mp4,/Users/asekorneev/Desktop/Creatives_validation/Avito_Goods_gc-24-05-SP-RoadTrips-T1-C2C.mp4,True,Avito,10,train,0.19,0.19,0,0,7.0,0.0,0.2215,0.36,/Users/asekorneev/outputs/aipm3_value_context_20260914/sources/promiser_comparison/combo_input.csv,current_saved_target,36.8421052631579,Existing OPM / existing message fraction,False,/Users/asekorneev/outputs/aipm_stability_20260919/human_quality_20260920/targets.csv,/Users/asekorneev/outputs/message_delivery_features_20260819/video_manifest.csv,e8f1e4a5966f4688925f062557287da4677e14c160fa0b8f28fede3fb40cc212,avitogoodsgc2405sproadtripst1c2c,e8f1e4a5966f4688925f062557287da4677e14c160fa0b8f28fede3fb40cc212,e8f1e4a5966f4688925f062557287da4677e14c160fa0b8f28fede3fb40cc212,Goods,SP-SpareParts,md58_10,10,current 10 full runs,3.0,2.9,1.0,3.0,2.9,1.0,3.0,3.0,1.0,2.0,2.0,1.0,2.0,2.0,1.0,1.0,1.0,1.0,3.0,3.0,1.0,1.0,1.0,1.0,4.0,4.0,1.0,1.0,1.0,1.0,0.0,0.0,1.0,0.0,0.0,1.0,1.0,1.0,1.0,1.0,0.5,1.0,1.0,1.0,1.0,2.0,2.0,1.0,1.0,1.0,1.0,3.0,3.0,1.0,1.0,3.0,1.9333333333333331,0.0,1.0,0.6538461538461539,0.3717948717948718,0.0512820512820512,0.19,2.9,2.9,3.0,2.0,2.0,1.0,3.0,1.0,4.0,1.0,0.0,0.0,1.0,0.5,1.0,2.0,2.4,1.0,2.9,2.9,1.0,3.0,15.0,0.4367397512708788,0.1198000750843006,0.1901732192985374,0.112150644517066,0.0348416070176695,0.0364975392262152,0.1134499724538602,0.2291138344226579,0.1379310344827586,0.0,0.0783542877027354,0.1263391810512803,0.1128477214960057,0.0595013499259948,11.163156509399414,0.04,8.7178955078125,,2.0,1.0,2.0,2.0,2.0,0.0,5,5,0.0,0.0,0.0,2.0,1.0,15.0,2.0,4.0,2.0,2.0,3.0,2.0,25.0,0.0,15.0,4.0,0.0,0.0,0.0,0.0,0.0,1.0,0.0,0.0,0.0,1.0,0.0,0.0,0.0,0.0
md58_10,pretest_md58,Avito_Goods_gc-24-05-SP-RoadTrips-T1-C2C,video filename; not an independently verified brief,Avito_Goods_gc-24-05-SP-RoadTrips-T1-C2C.mp4,/Users/asekorneev/Desktop/Creatives_validation/Avito_Goods_gc-24-05-SP-RoadTrips-T1-C2C.mp4,/Users/asekorneev/Desktop/Creatives_validation/Avito_Goods_gc-24-05-SP-RoadTrips-T1-C2C.mp4,True,Avito,10,train,0.19,0.19,0,0,7.0,0.0,0.2215,0.36,/Users/asekorneev/outputs/aipm3_value_context_20260914/sources/promiser_comparison/combo_input.csv,current_saved_target,36.8421052631579,Existing OPM / existing message fraction,False,/Users/asekorneev/outputs/aipm_stability_20260919/human_quality_20260920/targets.csv,/Users/asekorneev/outputs/message_delivery_features_20260819/video_manifest.csv,e8f1e4a5966f4688925f062557287da4677e14c160fa0b8f28fede3fb40cc212,avitogoodsgc2405sproadtripst1c2c,e8f1e4a5966f4688925f062557287da4677e14c160fa0b8f28fede3fb40cc212,e8f1e4a5966f4688925f062557287da4677e14c160fa0b8f28fede3fb40cc212,Goods,SP-SpareParts,md58_10,10,current 10 full runs,3.0,2.7,1.0,3.0,2.8,1.0,3.0,3.0,1.0,2.0,2.0,1.0,2.0,2.0,1.0,1.0,1.0,1.0,3.0,3.0,1.0,1.0,1.0,1.0,4.0,4.0,1.0,1.0,1.0,1.0,0.0,0.2,1.0,0.0,0.0,1.0,1.0,1.0,1.0,1.0,0.9,1.0,1.0,0.9,1.0,2.0,2.0,1.0,1.0,1.0,1.0,3.0,3.0,1.0,1.0,3.0,1.9333333333333331,0.0512820512820512,0.9487179487179488,0.6538461538461539,0.1666666666666666,0.1025641025641025,0.19,2.7,2.8,3.0,2.0,2.0,1.0,3.0,1.0,4.0,1.0,0.2,0.0,1.0,0.9,0.9,2.0,2.2,1.0,2.8,2.8,1.0,3.0,15.0,0.4367397512708788,0.1198000750843006,0.1901732192985374,0.112150644517066,0.0348416070176695,0.0364975392262152,0.1134499724538602,0.2291138344226579,0.1379310344827586,0.0,0.0783542877027354,0.1263391810512803,0.1128477214960057,0.0595013499259948,11.163156509399414,0.04,8.7178955078125,,2.0,1.0,2.0,2.0,2.0,0.0,6,6,0.0,0.0,0.0,2.0,1.0,15.0,2.0,4.0,2.0,2.0,3.0,2.0,25.0,0.0,15.0,4.0,0.0,0.0,0.0,0.0,0.0,1.0,0.0,0.0,0.0,1.0,0.0,0.0,0.0,0.0
md58_10,pretest_md58,Avito_Goods_gc-24-05-SP-RoadTrips-T1-C2C,video filename; not an independently verified brief,Avito_Goods_gc-24-05-SP-RoadTrips-T1-C2C.mp4,/Users/asekorneev/Desktop/Creatives_validation/Avito_Goods_gc-24-05-SP-RoadTrips-T1-C2C.mp4,/Users/asekorneev/Desktop/Creatives_validation/Avito_Goods_gc-24-05-SP-RoadTrips-T1-C2C.mp4,True,Avito,10,train,0.19,0.19,0,0,7.0,0.0,0.2215,0.36,/Users/asekorneev/outputs/aipm3_value_context_20260914/sources/promiser_comparison/combo_input.csv,current_saved_target,36.8421052631579,Existing OPM / existing message fraction,False,/Users/asekorneev/outputs/aipm_stability_20260919/human_quality_20260920/targets.csv,/Users/asekorneev/outputs/message_delivery_features_20260819/video_manifest.csv,e8f1e4a5966f4688925f062557287da4677e14c160fa0b8f28fede3fb40cc212,avitogoodsgc2405sproadtripst1c2c,e8f1e4a5966f4688925f062557287da4677e14c160fa0b8f28fede3fb40cc212,e8f1e4a5966f4688925f062557287da4677e14c160fa0b8f28fede3fb40cc212,Goods,SP-SpareParts,md58_10,10,current 10 full runs,3.0,2.8,1.0,3.0,2.9,1.0,3.0,3.033333333333333,0.9666666666666666,2.0,2.0,1.0,2.0,2.0,1.0,1.0,1.0,1.0,3.0,3.0,1.0,1.0,0.9,1.0,4.0,4.0,1.0,1.0,1.0,1.0,0.0,0.0,1.0,0.0,0.0,1.0,1.0,1.0,1.0,0.0,0.4,1.0,1.0,1.0,1.0,2.0,2.0,1.0,1.0,1.0,1.0,3.0,3.0,1.0,1.0,3.0,1.9333333333333331,0.0256410256410256,0.9743589743589745,0.1923076923076923,0.1025641025641025,0.1282051282051282,0.19,2.8,2.9,3.033333333333333,2.0,2.0,1.0,3.0,0.9,4.0,1.0,0.0,0.0,1.0,0.4,1.0,2.0,2.5,1.0,2.8,2.9,1.0,3.0,15.0,0.4367397512708788,0.1198000750843006,0.1901732192985374,0.112150644517066,0.0348416070176695,0.0364975392262152,0.1134499724538602,0.2291138344226579,0.1379310344827586,0.0,0.0783542877027354,0.1263391810512803,0.1128477214960057,0.0595013499259948,11.163156509399414,0.04,8.7178955078125,,2.0,1.0,2.0,2.0,2.0,0.0,7,7,0.0,0.0,0.0,2.0,1.0,15.0,2.0,4.0,2.0,2.0,3.0,2.0,25.0,0.0,15.0,4.0,0.0,0.0,0.0,0.0,0.0,1.0,0.0,0.0,0.0,1.0,0.0,0.0,0.0,0.0
md58_10,pretest_md58,Avito_Goods_gc-24-05-SP-RoadTrips-T1-C2C,video filename; not an independently verified brief,Avito_Goods_gc-24-05-SP-RoadTrips-T1-C2C.mp4,/Users/asekorneev/Desktop/Creatives_validation/Avito_Goods_gc-24-05-SP-RoadTrips-T1-C2C.mp4,/Users/asekorneev/Desktop/Creatives_validation/Avito_Goods_gc-24-05-SP-RoadTrips-T1-C2C.mp4,True,Avito,10,train,0.19,0.19,0,0,7.0,0.0,0.2215,0.36,/Users/asekorneev/outputs/aipm3_value_context_20260914/sources/promiser_comparison/combo_input.csv,current_saved_target,36.8421052631579,Existing OPM / existing message fraction,False,/Users/asekorneev/outputs/aipm_stability_20260919/human_quality_20260920/targets.csv,/Users/asekorneev/outputs/message_delivery_features_20260819/video_manifest.csv,e8f1e4a5966f4688925f062557287da4677e14c160fa0b8f28fede3fb40cc212,avitogoodsgc2405sproadtripst1c2c,e8f1e4a5966f4688925f062557287da4677e14c160fa0b8f28fede3fb40cc212,e8f1e4a5966f4688925f062557287da4677e14c160fa0b8f28fede3fb40cc212,Goods,SP-SpareParts,md58_10,10,current 10 full runs,3.0,2.9,1.0,3.0,2.9,1.0,3.0,3.0,1.0,2.0,2.0,1.0,2.0,2.0,1.0,1.0,1.0,1.0,3.0,3.0,1.0,1.0,1.0,1.0,4.0,4.0,1.0,1.0,1.0,1.0,0.0,0.0,1.0,0.0,0.0,1.0,1.0,1.0,1.0,1.0,0.6,1.0,1.0,1.0,1.0,2.0,2.0,1.0,1.0,1.0,1.0,3.0,3.0,1.0,1.0,3.0,1.9333333333333331,0.0256410256410256,0.9743589743589745,0.6538461538461539,0.4230769230769231,0.1538461538461538,0.19,2.9,2.9,3.0,2.0,2.0,1.0,3.0,1.0,4.0,1.0,0.0,0.0,1.0,0.6,1.0,2.0,2.2,1.0,2.9,2.9,1.0,3.0,15.0,0.4367397512708788,0.1198000750843006,0.1901732192985374,0.112150644517066,0.0348416070176695,0.0364975392262152,0.1134499724538602,0.2291138344226579,0.1379310344827586,0.0,0.0783542877027354,0.1263391810512803,0.1128477214960057,0.0595013499259948,11.163156509399414,0.04,8.7178955078125,,2.0,0.0,2.0,2.0,2.0,0.0,8,8,0.0,0.0,0.0,2.0,1.0,15.0,2.0,4.0,2.0,2.0,3.0,2.0,25.0,0.0,15.0,4.0,0.0,0.0,0.0,0.0,0.0,1.0,0.0,0.0,0.0,1.0,0.0,0.0,0.0,0.0
md58_10,pretest_md58,Avito_Goods_gc-24-05-SP-RoadTrips-T1-C2C,video filename; not an independently verified brief,Avito_Goods_gc-24-05-SP-RoadTrips-T1-C2C.mp4,/Users/asekorneev/Desktop/Creatives_validation/Avito_Goods_gc-24-05-SP-RoadTrips-T1-C2C.mp4,/Users/asekorneev/Desktop/Creatives_validation/Avito_Goods_gc-24-05-SP-RoadTrips-T1-C2C.mp4,True,Avito,10,train,0.19,0.19,0,0,7.0,0.0,0.2215,0.36,/Users/asekorneev/outputs/aipm3_value_context_20260914/sources/promiser_comparison/combo_input.csv,current_saved_target,36.8421052631579,Existing OPM / existing message fraction,False,/Users/asekorneev/outputs/aipm_stability_20260919/human_quality_20260920/targets.csv,/Users/asekorneev/outputs/message_delivery_features_20260819/video_manifest.csv,e8f1e4a5966f4688925f062557287da4677e14c160fa0b8f28fede3fb40cc212,avitogoodsgc2405sproadtripst1c2c,e8f1e4a5966f4688925f062557287da4677e14c160fa0b8f28fede3fb40cc212,e8f1e4a5966f4688925f062557287da4677e14c160fa0b8f28fede3fb40cc212,Goods,SP-SpareParts,md58_10,10,current 10 full runs,3.0,2.8,1.0,3.0,2.9,1.0,3.0,3.0,1.0,2.0,1.8,1.0,2.0,2.0,1.0,1.0,1.0,1.0,3.0,3.0,1.0,1.0,0.9,1.0,4.0,4.0,1.0,1.0,1.0,1.0,0.0,0.1,1.0,0.0,0.0,1.0,1.0,1.0,1.0,1.0,0.6,1.0,1.0,0.9,1.0,2.0,2.0,1.0,1.0,1.0,1.0,3.0,3.0,1.0,1.0,3.0,1.9333333333333331,0.0512820512820512,0.9487179487179488,0.6538461538461539,0.3974358974358974,0.1538461538461538,0.19,2.8,2.9,3.0,1.8,2.0,1.0,3.0,0.9,4.0,1.0,0.1,0.0,1.0,0.6,0.9,2.0,2.1,1.0,2.8,2.9,1.0,3.0,15.0,0.4367397512708788,0.1198000750843006,0.1901732192985374,0.112150644517066,0.0348416070176695,0.0364975392262152,0.1134499724538602,0.2291138344226579,0.1379310344827586,0.0,0.0783542877027354,0.1263391810512803,0.1128477214960057,0.0595013499259948,11.163156509399414,0.04,8.7178955078125,,2.0,1.0,2.0,2.0,2.0,0.0,9,9,0.0,0.0,0.0,2.0,1.0,15.0,2.0,4.0,2.0,2.0,3.0,2.0,25.0,0.0,15.0,4.0,0.0,0.0,0.0,0.0,0.0,1.0,0.0,0.0,0.0,1.0,0.0,0.0,0.0,0.0
md58_10,pretest_md58,Avito_Goods_gc-24-05-SP-RoadTrips-T1-C2C,video filename; not an independently verified brief,Avito_Goods_gc-24-05-SP-RoadTrips-T1-C2C.mp4,/Users/asekorneev/Desktop/Creatives_validation/Avito_Goods_gc-24-05-SP-RoadTrips-T1-C2C.mp4,/Users/asekorneev/Desktop/Creatives_validation/Avito_Goods_gc-24-05-SP-RoadTrips-T1-C2C.mp4,True,Avito,10,train,0.19,0.19,0,0,7.0,0.0,0.2215,0.36,/Users/asekorneev/outputs/aipm3_value_context_20260914/sources/promiser_comparison/combo_input.csv,current_saved_target,36.8421052631579,Existing OPM / existing message fraction,False,/Users/asekorneev/outputs/aipm_stability_20260919/human_quality_20260920/targets.csv,/Users/asekorneev/outputs/message_delivery_features_20260819/video_manifest.csv,e8f1e4a5966f4688925f062557287da4677e14c160fa0b8f28fede3fb40cc212,avitogoodsgc2405sproadtripst1c2c,e8f1e4a5966f4688925f062557287da4677e14c160fa0b8f28fede3fb40cc212,e8f1e4a5966f4688925f062557287da4677e14c160fa0b8f28fede3fb40cc212,Goods,SP-SpareParts,md58_10,10,current 10 full runs,3.0,2.9,1.0,3.0,3.0,1.0,3.0,3.0,1.0,2.0,2.0,1.0,2.0,2.0,1.0,1.0,1.0,1.0,3.0,3.0,1.0,1.0,0.8,1.0,4.0,4.0,1.0,1.0,1.0,1.0,0.0,0.1,1.0,0.0,0.0,1.0,1.0,1.0,1.0,1.0,0.6,1.0,1.0,1.0,1.0,2.0,2.0,1.0,1.0,1.0,1.0,3.0,3.0,1.0,1.0,3.0,1.9333333333333331,0.1025641025641025,0.8974358974358975,0.5769230769230769,0.358974358974359,0.0769230769230769,0.19,2.9,3.0,3.0,2.0,2.0,1.0,3.0,0.8,4.0,1.0,0.1,0.0,1.0,0.6,1.0,2.0,2.4,1.0,2.9,3.0,1.0,3.0,15.0,0.4367397512708788,0.1198000750843006,0.1901732192985374,0.112150644517066,0.0348416070176695,0.0364975392262152,0.1134499724538602,0.2291138344226579,0.1379310344827586,0.0,0.0783542877027354,0.1263391810512803,0.1128477214960057,0.0595013499259948,11.163156509399414,0.04,8.7178955078125,,2.0,1.0,2.0,2.0,2.0,0.0,10,10,0.0,0.0,0.0,2.0,1.0,15.0,2.0,4.0,3.0,2.0,3.0,2.0,25.0,0.0,15.0,4.0,0.0,0.0,0.0,0.0,0.0,1.0,0.0,0.0,0.0,1.0,0.0,0.0,0.0,0.0
md58_11,pretest_md58,Avito_Goods_gc-24-06-H&L-T1-Construction-SALE,video filename; not an independently verified brief,Avito_Goods_gc-24-06-H&L-T1-Construction-SALE.mp4,/Users/asekorneev/Desktop/Creatives_validation/Avito_Goods_gc-24-06-H&L-T1-Construction-SALE.mp4,/Users/asekorneev/outputs/message_delivery_features_20260819/prepared_media/avitogoodsgc2406hlt1constructionsale.mp4,True,Avito,11,train,0.25,0.25,1,1,9.0,1.0,0.3658,0.34,/Users/asekorneev/outputs/aipm3_value_context_20260914/sources/promiser_comparison/combo_input.csv,current_saved_target,36.0,Existing OPM / existing message fraction,False,/Users/asekorneev/outputs/aipm_stability_20260919/human_quality_20260920/targets.csv,/Users/asekorneev/outputs/message_delivery_features_20260819/video_manifest.csv,806616bfa8374f86aaedf30a8b323d912053edad7db3900a5baf986c02274110,avitogoodsgc2406hlt1constructionsale,806616bfa8374f86aaedf30a8b323d912053edad7db3900a5baf986c02274110,806616bfa8374f86aaedf30a8b323d912053edad7db3900a5baf986c02274110,Goods,HL-Construction,md58_11,11,current 10 full runs,3.0,3.0,1.0,3.0,3.0,1.0,3.0,3.1666666666666665,0.9666666666666666,1.0,1.2,1.0,2.0,2.0,1.0,1.0,0.9,1.0,3.0,3.0,1.0,0.0,0.0,1.0,4.0,4.0,1.0,0.0,0.0,1.0,1.0,1.0,1.0,0.0,0.0,1.0,0.0,0.2,1.0,0.0,0.0,1.0,0.0,0.2,1.0,3.0,2.6,1.0,1.0,1.0,1.0,3.0,3.0,1.0,1.0,3.0,1.9307589880159788,0.1538461538461538,0.8461538461538461,0.2692307692307692,0.1538461538461538,0.0769230769230769,0.25,3.0,3.0,3.1666666666666665,1.2,2.0,0.9,3.0,0.0,4.0,0.0,1.0,0.0,0.2,0.0,0.2,2.6,3.0,0.9,3.0,3.0,1.0,3.0,15.0,0.5302308127572017,0.1530070990556464,0.2233394119033794,0.1752841321713871,0.0359587510112429,0.0471609541636552,0.1047184847118923,0.2110555737109658,0.1379310344827586,0.1034482758620689,0.096735218470104,0.1981191770550073,0.2083826252723311,0.127681091427803,12.792241096496582,0.0066666666666666,5.578229904174805,,2.0,1.0,2.0,2.0,3.0,0.0,1,1,1.0,1.0,0.0,3.0,1.0,15.0,2.0,3.0,1.0,1.0,1.0,0.0,28.0,0.0,15.0,3.0,12.0,1.0,0.0,1.0,0.0,1.0,0.0,0.0,0.0,1.0,1.0,0.0,1.0,0.0
md58_11,pretest_md58,Avito_Goods_gc-24-06-H&L-T1-Construction-SALE,video filename; not an independently verified brief,Avito_Goods_gc-24-06-H&L-T1-Construction-SALE.mp4,/Users/asekorneev/Desktop/Creatives_validation/Avito_Goods_gc-24-06-H&L-T1-Construction-SALE.mp4,/Users/asekorneev/outputs/message_delivery_features_20260819/prepared_media/avitogoodsgc2406hlt1constructionsale.mp4,True,Avito,11,train,0.25,0.25,1,1,9.0,1.0,0.3658,0.34,/Users/asekorneev/outputs/aipm3_value_context_20260914/sources/promiser_comparison/combo_input.csv,current_saved_target,36.0,Existing OPM / existing message fraction,False,/Users/asekorneev/outputs/aipm_stability_20260919/human_quality_20260920/targets.csv,/Users/asekorneev/outputs/message_delivery_features_20260819/video_manifest.csv,806616bfa8374f86aaedf30a8b323d912053edad7db3900a5baf986c02274110,avitogoodsgc2406hlt1constructionsale,806616bfa8374f86aaedf30a8b323d912053edad7db3900a5baf986c02274110,806616bfa8374f86aaedf30a8b323d912053edad7db3900a5baf986c02274110,Goods,HL-Construction,md58_11,11,current 10 full runs,3.0,3.0,1.0,3.0,3.0,1.0,3.0,3.2333333333333334,0.9666666666666666,2.0,1.5666666666666669,0.9666666666666666,2.0,1.9,1.0,1.0,0.8,1.0,3.0,3.0,1.0,0.0,0.0,1.0,4.0,4.0,1.0,0.0,0.0,1.0,1.0,1.2,0.8999999999999998,0.0,0.0,1.0,0.0,0.4666666666666667,0.9666666666666666,0.0,0.0,1.0,1.0,0.5333333333333333,0.9333333333333332,3.0,2.6,0.8999999999999998,1.0,1.0,1.0,3.0,3.0,1.0,1.0,3.0,1.9307589880159788,0.1025641025641025,0.8974358974358975,0.2692307692307692,0.1538461538461538,0.0769230769230769,0.25,3.0,3.0,3.2333333333333334,1.5666666666666669,1.9,0.8,3.0,0.0,4.0,0.0,1.2,0.0,0.4666666666666667,0.0,0.5333333333333333,2.6,3.0,0.9,3.0,3.0,1.0,3.0,15.0,0.5302308127572017,0.1530070990556464,0.2233394119033794,0.1752841321713871,0.0359587510112429,0.0471609541636552,0.1047184847118923,0.2110555737109658,0.1379310344827586,0.1034482758620689,0.096735218470104,0.1981191770550073,0.2083826252723311,0.127681091427803,12.792241096496582,0.0066666666666666,5.578229904174805,,2.0,1.0,2.0,2.0,3.0,0.0,2,2,1.0,1.0,0.0,3.0,1.0,15.0,2.0,3.0,1.0,1.0,1.0,0.0,28.0,0.0,15.0,3.0,12.0,1.0,0.0,1.0,0.0,1.0,0.0,0.0,0.0,1.0,1.0,0.0,1.0,0.0
md58_11,pretest_md58,Avito_Goods_gc-24-06-H&L-T1-Construction-SALE,video filename; not an independently verified brief,Avito_Goods_gc-24-06-H&L-T1-Construction-SALE.mp4,/Users/asekorneev/Desktop/Creatives_validation/Avito_Goods_gc-24-06-H&L-T1-Construction-SALE.mp4,/Users/asekorneev/outputs/message_delivery_features_20260819/prepared_media/avitogoodsgc2406hlt1constructionsale.mp4,True,Avito,11,train,0.25,0.25,1,1,9.0,1.0,0.3658,0.34,/Users/asekorneev/outputs/aipm3_value_context_20260914/sources/promiser_comparison/combo_input.csv,current_saved_target,36.0,Existing OPM / existing message fraction,False,/Users/asekorneev/outputs/aipm_stability_20260919/human_quality_20260920/targets.csv,/Users/asekorneev/outputs/message_delivery_features_20260819/video_manifest.csv,806616bfa8374f86aaedf30a8b323d912053edad7db3900a5baf986c02274110,avitogoodsgc2406hlt1constructionsale,806616bfa8374f86aaedf30a8b323d912053edad7db3900a5baf986c02274110,806616bfa8374f86aaedf30a8b323d912053edad7db3900a5baf986c02274110,Goods,HL-Construction,md58_11,11,current 10 full runs,3.0,3.0,1.0,3.0,2.9,1.0,3.0,3.2,1.0,1.0,1.2,1.0,2.0,2.0,1.0,1.0,0.8,1.0,3.0,3.0,1.0,0.0,0.0,1.0,4.0,3.933333333333333,0.9666666666666666,0.0,0.0,1.0,1.0,1.1333333333333333,0.9666666666666666,0.0,0.0,1.0,0.0,0.3,1.0,0.0,0.0,1.0,0.0,0.2333333333333333,0.9666666666666666,3.0,2.7,1.0,1.0,1.0,1.0,3.0,3.0,1.0,1.0,3.0,1.9307589880159788,0.0769230769230769,0.923076923076923,0.2692307692307692,0.1794871794871795,0.1282051282051282,0.25,3.0,2.9,3.2,1.2,2.0,0.8,3.0,0.0,3.933333333333333,0.0,1.1333333333333333,0.0,0.3,0.0,0.2333333333333333,2.7,3.0,0.9,3.0,3.0,1.0,3.0,15.0,0.5302308127572017,0.1530070990556464,0.2233394119033794,0.1752841321713871,0.0359587510112429,0.0471609541636552,0.1047184847118923,0.2110555737109658,0.1379310344827586,0.1034482758620689,0.096735218470104,0.1981191770550073,0.2083826252723311,0.127681091427803,12.792241096496582,0.0066666666666666,5.578229904174805,,2.0,1.0,2.0,2.0,3.0,0.0,3,3,1.0,1.0,0.0,3.0,1.0,15.0,2.0,3.0,1.0,1.0,1.0,0.0,28.0,0.0,15.0,3.0,12.0,1.0,0.0,1.0,0.0,1.0,0.0,0.0,0.0,1.0,1.0,1.0,1.0,0.0
md58_11,pretest_md58,Avito_Goods_gc-24-06-H&L-T1-Construction-SALE,video filename; not an independently verified brief,Avito_Goods_gc-24-06-H&L-T1-Construction-SALE.mp4,/Users/asekorneev/Desktop/Creatives_validation/Avito_Goods_gc-24-06-H&L-T1-Construction-SALE.mp4,/Users/asekorneev/outputs/message_delivery_features_20260819/prepared_media/avitogoodsgc2406hlt1constructionsale.mp4,True,Avito,11,train,0.25,0.25,1,1,9.0,1.0,0.3658,0.34,/Users/asekorneev/outputs/aipm3_value_context_20260914/sources/promiser_comparison/combo_input.csv,current_saved_target,36.0,Existing OPM / existing message fraction,False,/Users/asekorneev/outputs/aipm_stability_20260919/human_quality_20260920/targets.csv,/Users/asekorneev/outputs/message_delivery_features_20260819/video_manifest.csv,806616bfa8374f86aaedf30a8b323d912053edad7db3900a5baf986c02274110,avitogoodsgc2406hlt1constructionsale,806616bfa8374f86aaedf30a8b323d912053edad7db3900a5baf986c02274110,806616bfa8374f86aaedf30a8b323d912053edad7db3900a5baf986c02274110,Goods,HL-Construction,md58_11,11,current 10 full runs,3.0,3.0,1.0,3.0,3.0,1.0,3.0,3.2,1.0,1.0,1.1,1.0,2.0,2.0,1.0,1.0,0.9,1.0,3.0,3.0,1.0,0.0,0.0,1.0,4.0,4.0,1.0,0.0,0.0,1.0,1.0,1.0,1.0,0.0,0.0,1.0,0.0,0.3,1.0,0.0,0.0,1.0,0.0,0.1,1.0,3.0,2.5,1.0,1.0,1.0,1.0,3.0,3.0,1.0,1.0,3.0,1.9307589880159788,0.1538461538461538,0.8461538461538461,0.2692307692307692,0.1666666666666666,0.1025641025641025,0.25,3.0,3.0,3.2,1.1,2.0,0.9,3.0,0.0,4.0,0.0,1.0,0.0,0.3,0.0,0.1,2.5,3.0,1.0,3.0,3.0,1.0,3.0,15.0,0.5302308127572017,0.1530070990556464,0.2233394119033794,0.1752841321713871,0.0359587510112429,0.0471609541636552,0.1047184847118923,0.2110555737109658,0.1379310344827586,0.1034482758620689,0.096735218470104,0.1981191770550073,0.2083826252723311,0.127681091427803,12.792241096496582,0.0066666666666666,5.578229904174805,,2.0,1.0,2.0,2.0,3.0,0.0,4,4,1.0,1.0,0.0,3.0,1.0,15.0,2.0,3.0,1.0,1.0,1.0,0.0,28.0,0.0,15.0,3.0,12.0,1.0,0.0,1.0,0.0,1.0,0.0,0.0,0.0,1.0,1.0,0.0,1.0,0.0
md58_11,pretest_md58,Avito_Goods_gc-24-06-H&L-T1-Construction-SALE,video filename; not an independently verified brief,Avito_Goods_gc-24-06-H&L-T1-Construction-SALE.mp4,/Users/asekorneev/Desktop/Creatives_validation/Avito_Goods_gc-24-06-H&L-T1-Construction-SALE.mp4,/Users/asekorneev/outputs/message_delivery_features_20260819/prepared_media/avitogoodsgc2406hlt1constructionsale.mp4,True,Avito,11,train,0.25,0.25,1,1,9.0,1.0,0.3658,0.34,/Users/asekorneev/outputs/aipm3_value_context_20260914/sources/promiser_comparison/combo_input.csv,current_saved_target,36.0,Existing OPM / existing message fraction,False,/Users/asekorneev/outputs/aipm_stability_20260919/human_quality_20260920/targets.csv,/Users/asekorneev/outputs/message_delivery_features_20260819/video_manifest.csv,806616bfa8374f86aaedf30a8b323d912053edad7db3900a5baf986c02274110,avitogoodsgc2406hlt1constructionsale,806616bfa8374f86aaedf30a8b323d912053edad7db3900a5baf986c02274110,806616bfa8374f86aaedf30a8b323d912053edad7db3900a5baf986c02274110,Goods,HL-Construction,md58_11,11,current 10 full runs,3.0,3.0,1.0,3.0,3.0,1.0,3.0,3.1,1.0,1.0,1.1,1.0,2.0,2.0,1.0,1.0,0.9,1.0,3.0,3.0,1.0,0.0,0.0,1.0,4.0,4.0,1.0,0.0,0.0,1.0,1.0,1.0,1.0,0.0,0.0,1.0,0.0,0.2,1.0,0.0,0.0,1.0,0.0,0.3,1.0,3.0,2.5,1.0,1.0,1.0,1.0,3.0,3.0,1.0,1.0,3.0,1.9307589880159788,0.1282051282051282,0.8717948717948718,0.2692307692307692,0.1538461538461538,0.0769230769230769,0.25,3.0,3.0,3.1,1.1,2.0,0.9,3.0,0.0,4.0,0.0,1.0,0.0,0.2,0.0,0.3,2.5,3.0,1.0,3.0,3.0,1.0,3.0,15.0,0.5302308127572017,0.1530070990556464,0.2233394119033794,0.1752841321713871,0.0359587510112429,0.0471609541636552,0.1047184847118923,0.2110555737109658,0.1379310344827586,0.1034482758620689,0.096735218470104,0.1981191770550073,0.2083826252723311,0.127681091427803,12.792241096496582,0.0066666666666666,5.578229904174805,,2.0,1.0,2.0,2.0,3.0,0.0,5,5,1.0,1.0,0.0,3.0,1.0,15.0,2.0,3.0,1.0,1.0,1.0,0.0,28.0,0.0,15.0,3.0,12.0,1.0,0.0,1.0,0.0,1.0,0.0,0.0,0.0,1.0,1.0,1.0,1.0,0.0
md58_11,pretest_md58,Avito_Goods_gc-24-06-H&L-T1-Construction-SALE,video filename; not an independently verified brief,Avito_Goods_gc-24-06-H&L-T1-Construction-SALE.mp4,/Users/asekorneev/Desktop/Creatives_validation/Avito_Goods_gc-24-06-H&L-T1-Construction-SALE.mp4,/Users/asekorneev/outputs/message_delivery_features_20260819/prepared_media/avitogoodsgc2406hlt1constructionsale.mp4,True,Avito,11,train,0.25,0.25,1,1,9.0,1.0,0.3658,0.34,/Users/asekorneev/outputs/aipm3_value_context_20260914/sources/promiser_comparison/combo_input.csv,current_saved_target,36.0,Existing OPM / existing message fraction,False,/Users/asekorneev/outputs/aipm_stability_20260919/human_quality_20260920/targets.csv,/Users/asekorneev/outputs/message_delivery_features_20260819/video_manifest.csv,806616bfa8374f86aaedf30a8b323d912053edad7db3900a5baf986c02274110,avitogoodsgc2406hlt1constructionsale,806616bfa8374f86aaedf30a8b323d912053edad7db3900a5baf986c02274110,806616bfa8374f86aaedf30a8b323d912053edad7db3900a5baf986c02274110,Goods,HL-Construction,md58_11,11,current 10 full runs,3.0,3.0,1.0,3.0,3.0,1.0,3.0,3.3,1.0,1.0,1.2,1.0,2.0,2.0,1.0,1.0,0.9,1.0,3.0,3.0,1.0,0.0,0.0,1.0,4.0,4.0,1.0,0.0,0.0,1.0,1.0,1.1,1.0,0.0,0.0,1.0,0.0,0.2,1.0,0.0,0.0,1.0,0.0,0.2,1.0,3.0,2.6,1.0,1.0,1.0,1.0,3.0,3.0,1.0,1.0,3.0,1.9307589880159788,0.1282051282051282,0.8717948717948718,0.2692307692307692,0.1538461538461538,0.0769230769230769,0.25,3.0,3.0,3.3,1.2,2.0,0.9,3.0,0.0,4.0,0.0,1.1,0.0,0.2,0.0,0.2,2.6,3.0,1.0,3.0,3.0,1.0,3.0,15.0,0.5302308127572017,0.1530070990556464,0.2233394119033794,0.1752841321713871,0.0359587510112429,0.0471609541636552,0.1047184847118923,0.2110555737109658,0.1379310344827586,0.1034482758620689,0.096735218470104,0.1981191770550073,0.2083826252723311,0.127681091427803,12.792241096496582,0.0066666666666666,5.578229904174805,,2.0,0.0,2.0,2.0,3.0,0.0,6,6,1.0,1.0,0.0,3.0,1.0,15.0,2.0,3.0,1.0,1.0,1.0,0.0,28.0,0.0,15.0,3.0,12.0,1.0,0.0,1.0,0.0,1.0,0.0,0.0,0.0,1.0,1.0,1.0,1.0,0.0
md58_11,pretest_md58,Avito_Goods_gc-24-06-H&L-T1-Construction-SALE,video filename; not an independently verified brief,Avito_Goods_gc-24-06-H&L-T1-Construction-SALE.mp4,/Users/asekorneev/Desktop/Creatives_validation/Avito_Goods_gc-24-06-H&L-T1-Construction-SALE.mp4,/Users/asekorneev/outputs/message_delivery_features_20260819/prepared_media/avitogoodsgc2406hlt1constructionsale.mp4,True,Avito,11,train,0.25,0.25,1,1,9.0,1.0,0.3658,0.34,/Users/asekorneev/outputs/aipm3_value_context_20260914/sources/promiser_comparison/combo_input.csv,current_saved_target,36.0,Existing OPM / existing message fraction,False,/Users/asekorneev/outputs/aipm_stability_20260919/human_quality_20260920/targets.csv,/Users/asekorneev/outputs/message_delivery_features_20260819/video_manifest.csv,806616bfa8374f86aaedf30a8b323d912053edad7db3900a5baf986c02274110,avitogoodsgc2406hlt1constructionsale,806616bfa8374f86aaedf30a8b323d912053edad7db3900a5baf986c02274110,806616bfa8374f86aaedf30a8b323d912053edad7db3900a5baf986c02274110,Goods,HL-Construction,md58_11,11,current 10 full runs,3.0,3.0,1.0,3.0,3.0,1.0,3.0,3.3,1.0,1.0,1.1,1.0,2.0,2.0,1.0,1.0,0.9,1.0,3.0,3.0,1.0,0.0,0.0,1.0,4.0,4.0,1.0,0.0,0.0,1.0,1.0,1.0333333333333334,0.9666666666666666,0.0,0.0,1.0,0.0,0.1,1.0,0.0,0.0,1.0,0.0,0.2,1.0,3.0,2.5,1.0,1.0,1.0,1.0,3.0,3.0,1.0,1.0,3.0,1.9307589880159788,0.1025641025641025,0.8974358974358975,0.2692307692307692,0.1538461538461538,0.0769230769230769,0.25,3.0,3.0,3.3,1.1,2.0,0.9,3.0,0.0,4.0,0.0,1.0333333333333334,0.0,0.1,0.0,0.2,2.5,3.0,1.0,3.0,3.0,1.0,3.0,15.0,0.5302308127572017,0.1530070990556464,0.2233394119033794,0.1752841321713871,0.0359587510112429,0.0471609541636552,0.1047184847118923,0.2110555737109658,0.1379310344827586,0.1034482758620689,0.096735218470104,0.1981191770550073,0.2083826252723311,0.127681091427803,12.792241096496582,0.0066666666666666,5.578229904174805,,2.0,1.0,2.0,2.0,3.0,0.0,7,7,1.0,1.0,0.0,3.0,1.0,15.0,2.0,3.0,1.0,1.0,1.0,0.0,28.0,0.0,15.0,3.0,12.0,1.0,0.0,1.0,0.0,1.0,0.0,0.0,0.0,1.0,1.0,0.0,1.0,0.0
md58_11,pretest_md58,Avito_Goods_gc-24-06-H&L-T1-Construction-SALE,video filename; not an independently verified brief,Avito_Goods_gc-24-06-H&L-T1-Construction-SALE.mp4,/Users/asekorneev/Desktop/Creatives_validation/Avito_Goods_gc-24-06-H&L-T1-Construction-SALE.mp4,/Users/asekorneev/outputs/message_delivery_features_20260819/prepared_media/avitogoodsgc2406hlt1constructionsale.mp4,True,Avito,11,train,0.25,0.25,1,1,9.0,1.0,0.3658,0.34,/Users/asekorneev/outputs/aipm3_value_context_20260914/sources/promiser_comparison/combo_input.csv,current_saved_target,36.0,Existing OPM / existing message fraction,False,/Users/asekorneev/outputs/aipm_stability_20260919/human_quality_20260920/targets.csv,/Users/asekorneev/outputs/message_delivery_features_20260819/video_manifest.csv,806616bfa8374f86aaedf30a8b323d912053edad7db3900a5baf986c02274110,avitogoodsgc2406hlt1constructionsale,806616bfa8374f86aaedf30a8b323d912053edad7db3900a5baf986c02274110,806616bfa8374f86aaedf30a8b323d912053edad7db3900a5baf986c02274110,Goods,HL-Construction,md58_11,11,current 10 full runs,3.0,3.0,1.0,3.0,3.0,1.0,3.0,3.3333333333333335,0.9666666666666666,1.0,1.2666666666666666,0.9666666666666666,2.0,2.0,1.0,1.0,0.9,1.0,3.0,3.0,1.0,0.0,0.0,1.0,4.0,3.933333333333333,0.9666666666666666,0.0,0.0,1.0,1.0,1.0666666666666669,0.9333333333333332,0.0,0.0,1.0,0.0,0.3666666666666666,0.9666666666666666,0.0,0.0,1.0,0.0,0.2666666666666666,0.9666666666666666,3.0,2.7666666666666666,0.9333333333333332,1.0,1.0,1.0,3.0,3.0,1.0,1.0,3.0,1.9307589880159788,0.1282051282051282,0.8717948717948718,0.2692307692307692,0.1538461538461538,0.0769230769230769,0.25,3.0,3.0,3.3333333333333335,1.2666666666666666,2.0,0.9,3.0,0.0,3.933333333333333,0.0,1.0666666666666669,0.0,0.3666666666666666,0.0,0.2666666666666666,2.7666666666666666,3.033333333333333,1.0,3.0,3.0,1.0,3.0,15.0,0.5302308127572017,0.1530070990556464,0.2233394119033794,0.1752841321713871,0.0359587510112429,0.0471609541636552,0.1047184847118923,0.2110555737109658,0.1379310344827586,0.1034482758620689,0.096735218470104,0.1981191770550073,0.2083826252723311,0.127681091427803,12.792241096496582,0.0066666666666666,5.578229904174805,,2.0,1.0,2.0,2.0,3.0,0.0,8,8,1.0,1.0,0.0,3.0,1.0,15.0,2.0,3.0,1.0,1.0,1.0,0.0,28.0,0.0,15.0,3.0,12.0,1.0,0.0,1.0,0.0,1.0,0.0,0.0,0.0,1.0,1.0,1.0,1.0,0.0
md58_11,pretest_md58,Avito_Goods_gc-24-06-H&L-T1-Construction-SALE,video filename; not an independently verified brief,Avito_Goods_gc-24-06-H&L-T1-Construction-SALE.mp4,/Users/asekorneev/Desktop/Creatives_validation/Avito_Goods_gc-24-06-H&L-T1-Construction-SALE.mp4,/Users/asekorneev/outputs/message_delivery_features_20260819/prepared_media/avitogoodsgc2406hlt1constructionsale.mp4,True,Avito,11,train,0.25,0.25,1,1,9.0,1.0,0.3658,0.34,/Users/asekorneev/outputs/aipm3_value_context_20260914/sources/promiser_comparison/combo_input.csv,current_saved_target,36.0,Existing OPM / existing message fraction,False,/Users/asekorneev/outputs/aipm_stability_20260919/human_quality_20260920/targets.csv,/Users/asekorneev/outputs/message_delivery_features_20260819/video_manifest.csv,806616bfa8374f86aaedf30a8b323d912053edad7db3900a5baf986c02274110,avitogoodsgc2406hlt1constructionsale,806616bfa8374f86aaedf30a8b323d912053edad7db3900a5baf986c02274110,806616bfa8374f86aaedf30a8b323d912053edad7db3900a5baf986c02274110,Goods,HL-Construction,md58_11,11,current 10 full runs,3.0,3.0,1.0,3.0,3.0,1.0,3.0,3.2333333333333334,0.9666666666666666,1.0,1.3,1.0,2.0,1.9,1.0,1.0,0.9,1.0,3.0,3.0,1.0,0.0,0.0,1.0,4.0,4.0,1.0,0.0,0.0,1.0,1.0,1.0333333333333334,0.9666666666666666,0.0,0.0,1.0,0.0,0.3,1.0,0.0,0.0,1.0,0.0,0.3333333333333333,0.9666666666666666,2.0,2.4,1.0,1.0,1.0,1.0,3.0,3.0,1.0,1.0,3.0,1.9307589880159788,0.1025641025641025,0.8974358974358975,0.2692307692307692,0.1923076923076923,0.1538461538461538,0.25,3.0,3.0,3.2333333333333334,1.3,1.9,0.9,3.0,0.0,4.0,0.0,1.0333333333333334,0.0,0.3,0.0,0.3333333333333333,2.4,3.0,1.0,3.0,3.0,1.0,3.0,15.0,0.5302308127572017,0.1530070990556464,0.2233394119033794,0.1752841321713871,0.0359587510112429,0.0471609541636552,0.1047184847118923,0.2110555737109658,0.1379310344827586,0.1034482758620689,0.096735218470104,0.1981191770550073,0.2083826252723311,0.127681091427803,12.792241096496582,0.0066666666666666,5.578229904174805,,2.0,1.0,2.0,2.0,3.0,0.0,9,9,1.0,1.0,0.0,3.0,1.0,15.0,2.0,3.0,1.0,1.0,1.0,0.0,28.0,0.0,15.0,3.0,12.0,1.0,0.0,1.0,0.0,1.0,0.0,0.0,0.0,1.0,1.0,1.0,1.0,0.0
md58_11,pretest_md58,Avito_Goods_gc-24-06-H&L-T1-Construction-SALE,video filename; not an independently verified brief,Avito_Goods_gc-24-06-H&L-T1-Construction-SALE.mp4,/Users/asekorneev/Desktop/Creatives_validation/Avito_Goods_gc-24-06-H&L-T1-Construction-SALE.mp4,/Users/asekorneev/outputs/message_delivery_features_20260819/prepared_media/avitogoodsgc2406hlt1constructionsale.mp4,True,Avito,11,train,0.25,0.25,1,1,9.0,1.0,0.3658,0.34,/Users/asekorneev/outputs/aipm3_value_context_20260914/sources/promiser_comparison/combo_input.csv,current_saved_target,36.0,Existing OPM / existing message fraction,False,/Users/asekorneev/outputs/aipm_stability_20260919/human_quality_20260920/targets.csv,/Users/asekorneev/outputs/message_delivery_features_20260819/video_manifest.csv,806616bfa8374f86aaedf30a8b323d912053edad7db3900a5baf986c02274110,avitogoodsgc2406hlt1constructionsale,806616bfa8374f86aaedf30a8b323d912053edad7db3900a5baf986c02274110,806616bfa8374f86aaedf30a8b323d912053edad7db3900a5baf986c02274110,Goods,HL-Construction,md58_11,11,current 10 full runs,3.0,3.0,1.0,3.0,3.0,1.0,3.0,3.3,1.0,1.0,1.2,1.0,2.0,2.0,1.0,1.0,0.9,1.0,3.0,3.0,1.0,0.0,0.0,1.0,4.0,4.0,1.0,0.0,0.0,1.0,1.0,1.1,0.9333333333333332,0.0,0.0,1.0,0.0,0.3,1.0,0.0,0.0,1.0,0.0,0.3,1.0,3.0,2.5,1.0,1.0,1.0,1.0,3.0,3.0,1.0,1.0,3.0,1.9307589880159788,0.2051282051282051,0.7948717948717948,0.2692307692307692,0.1538461538461538,0.0769230769230769,0.25,3.0,3.0,3.3,1.2,2.0,0.9,3.0,0.0,4.0,0.0,1.1,0.0,0.3,0.0,0.3,2.5,2.9,1.0,3.0,3.0,1.0,3.0,15.0,0.5302308127572017,0.1530070990556464,0.2233394119033794,0.1752841321713871,0.0359587510112429,0.0471609541636552,0.1047184847118923,0.2110555737109658,0.1379310344827586,0.1034482758620689,0.096735218470104,0.1981191770550073,0.2083826252723311,0.127681091427803,12.792241096496582,0.0066666666666666,5.578229904174805,,2.0,1.0,2.0,2.0,3.0,0.0,10,10,1.0,1.0,0.0,3.0,1.0,15.0,2.0,3.0,1.0,1.0,1.0,0.0,28.0,0.0,15.0,3.0,12.0,1.0,0.0,1.0,0.0,1.0,0.0,0.0,0.0,1.0,1.0,0.0,1.0,0.0
md58_12,pretest_md58,Avito_Goods_gc-24-06-СС-SALE-Federal,brief column,Avito_Goods_gc-24-06-СС-SALE-Federal.mp4,/Users/asekorneev/Desktop/Creatives_validation/Avito_Goods_gc-24-06-СС-SALE-Federal.mp4,/Users/asekorneev/outputs/message_delivery_features_20260819/prepared_media/avitogoodsgc2406ссsalefederal.mp4,True,Avito,12,train,0.46,0.46,2,2,17.0,2.0,0.0786,0.23,/Users/asekorneev/outputs/aipm3_value_context_20260914/sources/promiser_comparison/combo_input.csv,current_saved_target,36.95652173913043,Existing OPM / existing message fraction,False,/Users/asekorneev/outputs/aipm_stability_20260919/human_quality_20260920/targets.csv,/Users/asekorneev/outputs/message_delivery_features_20260819/video_manifest.csv,be793b896a17547c23bdce0d6c0f6e83ca5747fde13639f0c0afb556e1fc1d37,avitogoodsgc2406ccsalefederal,be793b896a17547c23bdce0d6c0f6e83ca5747fde13639f0c0afb556e1fc1d37,be793b896a17547c23bdce0d6c0f6e83ca5747fde13639f0c0afb556e1fc1d37,Goods,Sale,md58_12,12,current 10 full runs,2.0,2.466666666666667,0.9666666666666666,3.0,2.7666666666666666,0.9666666666666666,3.0,3.0,1.0,1.0,1.0,1.0,1.0,1.4666666666666666,0.9666666666666666,1.0,1.0,1.0,3.0,2.9,1.0,0.0,0.0,1.0,4.0,3.966666666666667,0.9666666666666666,0.0,0.0,1.0,1.0,1.2666666666666666,0.9666666666666666,1.0,0.8666666666666667,0.9666666666666666,1.0,0.6666666666666666,0.9666666666666666,1.0,1.0,1.0,0.0,0.3666666666666666,0.9666666666666666,3.0,2.9,1.0,0.0,0.0,1.0,3.0,2.966666666666667,0.9666666666666666,0.0,2.966666666666667,1.9307589880159788,0.2564102564102564,0.7435897435897436,0.2692307692307692,0.0769230769230769,0.0256410256410256,0.46,2.466666666666667,2.7666666666666666,3.0,1.0,1.4666666666666666,1.0,2.9,0.0,3.966666666666667,0.0,1.2666666666666666,0.8666666666666667,0.6666666666666666,1.0,0.3666666666666666,2.9,2.966666666666667,1.0,2.8,2.6666666666666665,0.0,2.966666666666667,15.0,0.5146583545146454,0.1309078120938813,0.1665108195692121,0.4288449074074073,0.1422506732935812,0.0353682561629391,0.1286810344827586,0.2147002904865649,0.1379310344827586,0.0,0.1632361262406197,0.1708215294942133,0.3791754720406681,0.2645652294158935,16.567840576171875,0.02,8.662574768066406,,1.0,2.0,2.0,2.0,2.0,0.0,1,1,1.0,1.0,1.0,3.0,0.0,15.0,3.0,2.0,4.0,1.0,1.0,3.0,25.0,0.0,15.0,2.0,0.0,2.0,0.0,1.0,1.0,0.0,0.0,1.0,1.0,1.0,1.0,0.0,0.0,1.0
md58_12,pretest_md58,Avito_Goods_gc-24-06-СС-SALE-Federal,brief column,Avito_Goods_gc-24-06-СС-SALE-Federal.mp4,/Users/asekorneev/Desktop/Creatives_validation/Avito_Goods_gc-24-06-СС-SALE-Federal.mp4,/Users/asekorneev/outputs/message_delivery_features_20260819/prepared_media/avitogoodsgc2406ссsalefederal.mp4,True,Avito,12,train,0.46,0.46,2,2,17.0,2.0,0.0786,0.23,/Users/asekorneev/outputs/aipm3_value_context_20260914/sources/promiser_comparison/combo_input.csv,current_saved_target,36.95652173913043,Existing OPM / existing message fraction,False,/Users/asekorneev/outputs/aipm_stability_20260919/human_quality_20260920/targets.csv,/Users/asekorneev/outputs/message_delivery_features_20260819/video_manifest.csv,be793b896a17547c23bdce0d6c0f6e83ca5747fde13639f0c0afb556e1fc1d37,avitogoodsgc2406ccsalefederal,be793b896a17547c23bdce0d6c0f6e83ca5747fde13639f0c0afb556e1fc1d37,be793b896a17547c23bdce0d6c0f6e83ca5747fde13639f0c0afb556e1fc1d37,Goods,Sale,md58_12,12,current 10 full runs,3.0,2.6,1.0,3.0,2.7,1.0,3.0,3.0,1.0,1.0,1.0,1.0,1.0,1.4,1.0,1.0,1.0,1.0,3.0,3.0,1.0,0.0,0.2,1.0,4.0,4.0,1.0,0.0,0.3,1.0,1.0,1.3,1.0,1.0,0.9,1.0,1.0,0.5,1.0,1.0,0.9,1.0,0.0,0.4,1.0,3.0,3.0,1.0,0.0,0.0,1.0,3.0,2.933333333333333,0.9666666666666666,0.0,2.933333333333333,1.9307589880159788,0.1282051282051282,0.8717948717948718,0.2692307692307692,0.0512820512820512,0.0256410256410256,0.46,2.6,2.7,3.0,1.0,1.4,1.0,3.0,0.2,4.0,0.3,1.3,0.9,0.5,0.9,0.4,3.0,2.9,1.0,3.0,2.8,0.0,2.933333333333333,15.0,0.5146583545146454,0.1309078120938813,0.1665108195692121,0.4288449074074073,0.1422506732935812,0.0353682561629391,0.1286810344827586,0.2147002904865649,0.1379310344827586,0.0,0.1632361262406197,0.1708215294942133,0.3791754720406681,0.2645652294158935,16.567840576171875,0.02,8.662574768066406,,1.0,2.0,2.0,2.0,2.0,0.0,2,2,1.0,1.0,0.0,3.0,0.0,15.0,3.0,2.0,4.0,1.0,1.0,3.0,25.0,0.0,15.0,2.0,0.0,2.0,0.0,1.0,1.0,0.0,0.0,1.0,1.0,1.0,1.0,0.0,0.0,1.0
md58_12,pretest_md58,Avito_Goods_gc-24-06-СС-SALE-Federal,brief column,Avito_Goods_gc-24-06-СС-SALE-Federal.mp4,/Users/asekorneev/Desktop/Creatives_validation/Avito_Goods_gc-24-06-СС-SALE-Federal.mp4,/Users/asekorneev/outputs/message_delivery_features_20260819/prepared_media/avitogoodsgc2406ссsalefederal.mp4,True,Avito,12,train,0.46,0.46,2,2,17.0,2.0,0.0786,0.23,/Users/asekorneev/outputs/aipm3_value_context_20260914/sources/promiser_comparison/combo_input.csv,current_saved_target,36.95652173913043,Existing OPM / existing message fraction,False,/Users/asekorneev/outputs/aipm_stability_20260919/human_quality_20260920/targets.csv,/Users/asekorneev/outputs/message_delivery_features_20260819/video_manifest.csv,be793b896a17547c23bdce0d6c0f6e83ca5747fde13639f0c0afb556e1fc1d37,avitogoodsgc2406ccsalefederal,be793b896a17547c23bdce0d6c0f6e83ca5747fde13639f0c0afb556e1fc1d37,be793b896a17547c23bdce0d6c0f6e83ca5747fde13639f0c0afb556e1fc1d37,Goods,Sale,md58_12,12,current 10 full runs,3.0,2.5,1.0,3.0,2.5,1.0,3.0,3.0,1.0,1.0,1.0,1.0,2.0,1.5,1.0,1.0,1.0,1.0,3.0,3.0,1.0,0.0,0.3,1.0,4.0,3.933333333333333,0.9666666666666666,0.0,0.0,1.0,1.0,1.4666666666666666,0.9666666666666666,1.0,0.8,1.0,1.0,0.6,1.0,1.0,0.9,1.0,1.0,0.5666666666666667,0.9666666666666666,3.0,2.9,1.0,0.0,0.0,1.0,3.0,2.933333333333333,0.9666666666666666,0.0,2.933333333333333,1.9307589880159788,0.1794871794871795,0.8205128205128205,0.2692307692307692,0.0384615384615384,0.0,0.46,2.5,2.5,3.0,1.0,1.5,1.0,3.0,0.3,3.933333333333333,0.0,1.4666666666666666,0.8,0.6,0.9,0.5666666666666667,2.9,2.9,1.0,2.9,2.7,0.0,2.933333333333333,15.0,0.5146583545146454,0.1309078120938813,0.1665108195692121,0.4288449074074073,0.1422506732935812,0.0353682561629391,0.1286810344827586,0.2147002904865649,0.1379310344827586,0.0,0.1632361262406197,0.1708215294942133,0.3791754720406681,0.2645652294158935,16.567840576171875,0.02,8.662574768066406,,1.0,2.0,2.0,2.0,2.0,0.0,3,3,1.0,1.0,0.0,3.0,0.0,15.0,3.0,2.0,4.0,1.0,1.0,3.0,25.0,0.0,15.0,2.0,0.0,2.0,0.0,1.0,1.0,0.0,0.0,1.0,1.0,1.0,1.0,0.0,0.0,1.0
md58_12,pretest_md58,Avito_Goods_gc-24-06-СС-SALE-Federal,brief column,Avito_Goods_gc-24-06-СС-SALE-Federal.mp4,/Users/asekorneev/Desktop/Creatives_validation/Avito_Goods_gc-24-06-СС-SALE-Federal.mp4,/Users/asekorneev/outputs/message_delivery_features_20260819/prepared_media/avitogoodsgc2406ссsalefederal.mp4,True,Avito,12,train,0.46,0.46,2,2,17.0,2.0,0.0786,0.23,/Users/asekorneev/outputs/aipm3_value_context_20260914/sources/promiser_comparison/combo_input.csv,current_saved_target,36.95652173913043,Existing OPM / existing message fraction,False,/Users/asekorneev/outputs/aipm_stability_20260919/human_quality_20260920/targets.csv,/Users/asekorneev/outputs/message_delivery_features_20260819/video_manifest.csv,be793b896a17547c23bdce0d6c0f6e83ca5747fde13639f0c0afb556e1fc1d37,avitogoodsgc2406ccsalefederal,be793b896a17547c23bdce0d6c0f6e83ca5747fde13639f0c0afb556e1fc1d37,be793b896a17547c23bdce0d6c0f6e83ca5747fde13639f0c0afb556e1fc1d37,Goods,Sale,md58_12,12,current 10 full runs,3.0,2.6,1.0,3.0,2.6,1.0,3.0,3.0,1.0,1.0,1.0,1.0,1.0,1.2,1.0,1.0,1.0,1.0,3.0,2.9,1.0,0.0,0.1,1.0,4.0,3.933333333333333,0.9666666666666666,0.0,0.2,1.0,1.0,1.2,1.0,1.0,0.9,1.0,0.0,0.2,1.0,1.0,1.0,1.0,0.0,0.2,1.0,3.0,2.8,1.0,0.0,0.0,1.0,3.0,2.933333333333333,0.9666666666666666,0.0,2.933333333333333,1.9307589880159788,0.1794871794871795,0.8205128205128205,0.2692307692307692,0.0512820512820512,0.0256410256410256,0.46,2.6,2.6,3.0,1.0,1.2,1.0,2.9,0.1,3.933333333333333,0.2,1.2,0.9,0.2,1.0,0.2,2.8,2.9,1.0,2.9,2.6,0.0,2.933333333333333,15.0,0.5146583545146454,0.1309078120938813,0.1665108195692121,0.4288449074074073,0.1422506732935812,0.0353682561629391,0.1286810344827586,0.2147002904865649,0.1379310344827586,0.0,0.1632361262406197,0.1708215294942133,0.3791754720406681,0.2645652294158935,16.567840576171875,0.02,8.662574768066406,,1.0,2.0,2.0,2.0,2.0,0.0,4,4,1.0,1.0,0.0,3.0,0.0,15.0,3.0,2.0,4.0,1.0,1.0,3.0,25.0,0.0,15.0,2.0,0.0,2.0,0.0,1.0,1.0,0.0,0.0,1.0,1.0,1.0,1.0,0.0,0.0,1.0
md58_12,pretest_md58,Avito_Goods_gc-24-06-СС-SALE-Federal,brief column,Avito_Goods_gc-24-06-СС-SALE-Federal.mp4,/Users/asekorneev/Desktop/Creatives_validation/Avito_Goods_gc-24-06-СС-SALE-Federal.mp4,/Users/asekorneev/outputs/message_delivery_features_20260819/prepared_media/avitogoodsgc2406ссsalefederal.mp4,True,Avito,12,train,0.46,0.46,2,2,17.0,2.0,0.0786,0.23,/Users/asekorneev/outputs/aipm3_value_context_20260914/sources/promiser_comparison/combo_input.csv,current_saved_target,36.95652173913043,Existing OPM / existing message fraction,False,/Users/asekorneev/outputs/aipm_stability_20260919/human_quality_20260920/targets.csv,/Users/asekorneev/outputs/message_delivery_features_20260819/video_manifest.csv,be793b896a17547c23bdce0d6c0f6e83ca5747fde13639f0c0afb556e1fc1d37,avitogoodsgc2406ccsalefederal,be793b896a17547c23bdce0d6c0f6e83ca5747fde13639f0c0afb556e1fc1d37,be793b896a17547c23bdce0d6c0f6e83ca5747fde13639f0c0afb556e1fc1d37,Goods,Sale,md58_12,12,current 10 full runs,2.0,2.4,1.0,3.0,2.7,1.0,3.0,3.0,1.0,1.0,1.0,1.0,1.0,1.3,1.0,1.0,1.0,1.0,3.0,2.9,1.0,0.0,0.1,1.0,4.0,4.0,1.0,0.0,0.0,1.0,1.0,1.1,1.0,1.0,0.9,1.0,1.0,0.6,1.0,1.0,1.0,1.0,0.0,0.3,1.0,3.0,2.8,1.0,0.0,0.0,1.0,3.0,2.9,1.0,0.0,2.9,1.9307589880159788,0.282051282051282,0.717948717948718,0.2692307692307692,0.0769230769230769,0.0769230769230769,0.46,2.4,2.7,3.0,1.0,1.3,1.0,2.9,0.1,4.0,0.0,1.1,0.9,0.6,1.0,0.3,2.8,2.8,1.0,2.7,2.7,0.0,2.9,15.0,0.5146583545146454,0.1309078120938813,0.1665108195692121,0.4288449074074073,0.1422506732935812,0.0353682561629391,0.1286810344827586,0.2147002904865649,0.1379310344827586,0.0,0.1632361262406197,0.1708215294942133,0.3791754720406681,0.2645652294158935,16.567840576171875,0.02,8.662574768066406,,1.0,2.0,2.0,2.0,2.0,0.0,5,5,1.0,1.0,0.0,3.0,0.0,15.0,3.0,2.0,4.0,1.0,1.0,3.0,25.0,0.0,15.0,2.0,0.0,2.0,0.0,1.0,1.0,0.0,0.0,1.0,1.0,1.0,1.0,0.0,0.0,1.0
md58_12,pretest_md58,Avito_Goods_gc-24-06-СС-SALE-Federal,brief column,Avito_Goods_gc-24-06-СС-SALE-Federal.mp4,/Users/asekorneev/Desktop/Creatives_validation/Avito_Goods_gc-24-06-СС-SALE-Federal.mp4,/Users/asekorneev/outputs/message_delivery_features_20260819/prepared_media/avitogoodsgc2406ссsalefederal.mp4,True,Avito,12,train,0.46,0.46,2,2,17.0,2.0,0.0786,0.23,/Users/asekorneev/outputs/aipm3_value_context_20260914/sources/promiser_comparison/combo_input.csv,current_saved_target,36.95652173913043,Existing OPM / existing message fraction,False,/Users/asekorneev/outputs/aipm_stability_20260919/human_quality_20260920/targets.csv,/Users/asekorneev/outputs/message_delivery_features_20260819/video_manifest.csv,be793b896a17547c23bdce0d6c0f6e83ca5747fde13639f0c0afb556e1fc1d37,avitogoodsgc2406ccsalefederal,be793b896a17547c23bdce0d6c0f6e83ca5747fde13639f0c0afb556e1fc1d37,be793b896a17547c23bdce0d6c0f6e83ca5747fde13639f0c0afb556e1fc1d37,Goods,Sale,md58_12,12,current 10 full runs,3.0,2.7,1.0,3.0,2.9,1.0,3.0,3.0,1.0,1.0,1.0,1.0,1.0,1.2333333333333334,0.9666666666666666,1.0,1.0,1.0,3.0,3.0,1.0,0.0,0.0,1.0,4.0,4.0,1.0,0.0,0.1,1.0,1.0,1.2,1.0,1.0,0.8,1.0,0.0,0.3,1.0,1.0,1.0,1.0,0.0,0.3,1.0,3.0,3.0,1.0,0.0,0.0,1.0,3.0,3.0,1.0,0.0,3.0,1.9307589880159788,0.2564102564102564,0.7435897435897436,0.2692307692307692,0.0897435897435897,0.1025641025641025,0.46,2.7,2.9,3.0,1.0,1.2333333333333334,1.0,3.0,0.0,4.0,0.1,1.2,0.8,0.3,1.0,0.3,3.0,2.9,1.0,3.0,2.9,0.0,3.0,15.0,0.5146583545146454,0.1309078120938813,0.1665108195692121,0.4288449074074073,0.1422506732935812,0.0353682561629391,0.1286810344827586,0.2147002904865649,0.1379310344827586,0.0,0.1632361262406197,0.1708215294942133,0.3791754720406681,0.2645652294158935,16.567840576171875,0.02,8.662574768066406,,1.0,2.0,2.0,2.0,2.0,0.0,6,6,1.0,1.0,1.0,3.0,0.0,15.0,3.0,2.0,4.0,1.0,1.0,3.0,25.0,0.0,15.0,2.0,0.0,2.0,0.0,1.0,1.0,0.0,0.0,1.0,1.0,1.0,1.0,0.0,0.0,1.0
md58_12,pretest_md58,Avito_Goods_gc-24-06-СС-SALE-Federal,brief column,Avito_Goods_gc-24-06-СС-SALE-Federal.mp4,/Users/asekorneev/Desktop/Creatives_validation/Avito_Goods_gc-24-06-СС-SALE-Federal.mp4,/Users/asekorneev/outputs/message_delivery_features_20260819/prepared_media/avitogoodsgc2406ссsalefederal.mp4,True,Avito,12,train,0.46,0.46,2,2,17.0,2.0,0.0786,0.23,/Users/asekorneev/outputs/aipm3_value_context_20260914/sources/promiser_comparison/combo_input.csv,current_saved_target,36.95652173913043,Existing OPM / existing message fraction,False,/Users/asekorneev/outputs/aipm_stability_20260919/human_quality_20260920/targets.csv,/Users/asekorneev/outputs/message_delivery_features_20260819/video_manifest.csv,be793b896a17547c23bdce0d6c0f6e83ca5747fde13639f0c0afb556e1fc1d37,avitogoodsgc2406ccsalefederal,be793b896a17547c23bdce0d6c0f6e83ca5747fde13639f0c0afb556e1fc1d37,be793b896a17547c23bdce0d6c0f6e83ca5747fde13639f0c0afb556e1fc1d37,Goods,Sale,md58_12,12,current 10 full runs,2.0,2.3,1.0,3.0,2.6,1.0,3.0,3.0,1.0,1.0,1.0,1.0,1.0,1.3,1.0,1.0,1.0,1.0,3.0,3.0,1.0,0.0,0.0,1.0,4.0,4.0,1.0,0.0,0.0,1.0,1.0,1.2,1.0,1.0,0.9,1.0,1.0,0.6,1.0,1.0,1.0,1.0,0.0,0.2,1.0,3.0,2.9,1.0,0.0,0.0,1.0,3.0,2.9,1.0,0.0,2.9,1.9307589880159788,0.2564102564102564,0.7435897435897436,0.2692307692307692,0.0384615384615384,0.0,0.46,2.3,2.6,3.0,1.0,1.3,1.0,3.0,0.0,4.0,0.0,1.2,0.9,0.6,1.0,0.2,2.9,3.0,1.0,2.9,2.7,0.0,2.9,15.0,0.5146583545146454,0.1309078120938813,0.1665108195692121,0.4288449074074073,0.1422506732935812,0.0353682561629391,0.1286810344827586,0.2147002904865649,0.1379310344827586,0.0,0.1632361262406197,0.1708215294942133,0.3791754720406681,0.2645652294158935,16.567840576171875,0.02,8.662574768066406,,1.0,2.0,2.0,2.0,2.0,0.0,7,7,1.0,1.0,0.0,3.0,0.0,15.0,3.0,2.0,4.0,1.0,1.0,3.0,25.0,0.0,15.0,2.0,0.0,2.0,0.0,1.0,1.0,0.0,0.0,1.0,1.0,1.0,1.0,0.0,0.0,1.0
md58_12,pretest_md58,Avito_Goods_gc-24-06-СС-SALE-Federal,brief column,Avito_Goods_gc-24-06-СС-SALE-Federal.mp4,/Users/asekorneev/Desktop/Creatives_validation/Avito_Goods_gc-24-06-СС-SALE-Federal.mp4,/Users/asekorneev/outputs/message_delivery_features_20260819/prepared_media/avitogoodsgc2406ссsalefederal.mp4,True,Avito,12,train,0.46,0.46,2,2,17.0,2.0,0.0786,0.23,/Users/asekorneev/outputs/aipm3_value_context_20260914/sources/promiser_comparison/combo_input.csv,current_saved_target,36.95652173913043,Existing OPM / existing message fraction,False,/Users/asekorneev/outputs/aipm_stability_20260919/human_quality_20260920/targets.csv,/Users/asekorneev/outputs/message_delivery_features_20260819/video_manifest.csv,be793b896a17547c23bdce0d6c0f6e83ca5747fde13639f0c0afb556e1fc1d37,avitogoodsgc2406ccsalefederal,be793b896a17547c23bdce0d6c0f6e83ca5747fde13639f0c0afb556e1fc1d37,be793b896a17547c23bdce0d6c0f6e83ca5747fde13639f0c0afb556e1fc1d37,Goods,Sale,md58_12,12,current 10 full runs,2.0,2.3,1.0,2.0,2.4,1.0,3.0,2.9,1.0,1.0,1.0,1.0,1.0,1.2,1.0,1.0,1.0,1.0,3.0,3.0,1.0,0.0,0.1,1.0,4.0,3.9,0.9333333333333332,0.0,0.1,1.0,1.0,1.0,1.0,1.0,0.9,1.0,1.0,0.5,1.0,1.0,1.0,1.0,0.0,0.2333333333333333,0.9666666666666666,3.0,2.8,1.0,0.0,0.0,1.0,3.0,2.9,0.9333333333333332,0.0,2.9,1.9307589880159788,0.3333333333333333,0.6666666666666667,0.2692307692307692,0.0512820512820512,0.0256410256410256,0.46,2.3,2.4,2.9,1.0,1.2,1.0,3.0,0.1,3.9,0.1,1.0,0.9,0.5,1.0,0.2333333333333333,2.8,2.7,1.0,2.8,2.7,0.0,2.9,15.0,0.5146583545146454,0.1309078120938813,0.1665108195692121,0.4288449074074073,0.1422506732935812,0.0353682561629391,0.1286810344827586,0.2147002904865649,0.1379310344827586,0.0,0.1632361262406197,0.1708215294942133,0.3791754720406681,0.2645652294158935,16.567840576171875,0.02,8.662574768066406,,1.0,2.0,2.0,2.0,2.0,0.0,8,8,1.0,1.0,1.0,3.0,0.0,15.0,3.0,2.0,4.0,1.0,1.0,3.0,25.0,0.0,15.0,2.0,0.0,2.0,0.0,1.0,1.0,0.0,0.0,1.0,1.0,1.0,1.0,0.0,0.0,1.0
md58_12,pretest_md58,Avito_Goods_gc-24-06-СС-SALE-Federal,brief column,Avito_Goods_gc-24-06-СС-SALE-Federal.mp4,/Users/asekorneev/Desktop/Creatives_validation/Avito_Goods_gc-24-06-СС-SALE-Federal.mp4,/Users/asekorneev/outputs/message_delivery_features_20260819/prepared_media/avitogoodsgc2406ссsalefederal.mp4,True,Avito,12,train,0.46,0.46,2,2,17.0,2.0,0.0786,0.23,/Users/asekorneev/outputs/aipm3_value_context_20260914/sources/promiser_comparison/combo_input.csv,current_saved_target,36.95652173913043,Existing OPM / existing message fraction,False,/Users/asekorneev/outputs/aipm_stability_20260919/human_quality_20260920/targets.csv,/Users/asekorneev/outputs/message_delivery_features_20260819/video_manifest.csv,be793b896a17547c23bdce0d6c0f6e83ca5747fde13639f0c0afb556e1fc1d37,avitogoodsgc2406ccsalefederal,be793b896a17547c23bdce0d6c0f6e83ca5747fde13639f0c0afb556e1fc1d37,be793b896a17547c23bdce0d6c0f6e83ca5747fde13639f0c0afb556e1fc1d37,Goods,Sale,md58_12,12,current 10 full runs,3.0,2.7,1.0,3.0,2.7,1.0,3.0,3.0,1.0,1.0,0.9,1.0,2.0,1.5,1.0,1.0,1.0,1.0,3.0,3.0,1.0,0.0,0.1,1.0,4.0,4.0,1.0,0.0,0.1,1.0,1.0,1.1666666666666667,0.9666666666666666,1.0,0.9,1.0,1.0,0.6666666666666666,0.9666666666666666,1.0,0.9,1.0,0.0,0.3666666666666666,0.9666666666666666,3.0,3.0,1.0,0.0,0.0,1.0,3.0,3.0,1.0,0.0,3.0,1.9307589880159788,0.1794871794871795,0.8205128205128205,0.1923076923076923,0.0384615384615384,0.0,0.46,2.7,2.7,3.0,0.9,1.5,1.0,3.0,0.1,4.0,0.1,1.1666666666666667,0.9,0.6666666666666666,0.9,0.3666666666666666,3.0,3.0,1.0,2.8,2.7,0.0,3.0,15.0,0.5146583545146454,0.1309078120938813,0.1665108195692121,0.4288449074074073,0.1422506732935812,0.0353682561629391,0.1286810344827586,0.2147002904865649,0.1379310344827586,0.0,0.1632361262406197,0.1708215294942133,0.3791754720406681,0.2645652294158935,16.567840576171875,0.02,8.662574768066406,,1.0,2.0,2.0,2.0,2.0,0.0,9,9,1.0,1.0,0.0,3.0,0.0,15.0,3.0,2.0,4.0,1.0,1.0,3.0,25.0,0.0,15.0,2.0,0.0,2.0,0.0,1.0,1.0,0.0,0.0,1.0,1.0,1.0,1.0,0.0,0.0,1.0
md58_12,pretest_md58,Avito_Goods_gc-24-06-СС-SALE-Federal,brief column,Avito_Goods_gc-24-06-СС-SALE-Federal.mp4,/Users/asekorneev/Desktop/Creatives_validation/Avito_Goods_gc-24-06-СС-SALE-Federal.mp4,/Users/asekorneev/outputs/message_delivery_features_20260819/prepared_media/avitogoodsgc2406ссsalefederal.mp4,True,Avito,12,train,0.46,0.46,2,2,17.0,2.0,0.0786,0.23,/Users/asekorneev/outputs/aipm3_value_context_20260914/sources/promiser_comparison/combo_input.csv,current_saved_target,36.95652173913043,Existing OPM / existing message fraction,False,/Users/asekorneev/outputs/aipm_stability_20260919/human_quality_20260920/targets.csv,/Users/asekorneev/outputs/message_delivery_features_20260819/video_manifest.csv,be793b896a17547c23bdce0d6c0f6e83ca5747fde13639f0c0afb556e1fc1d37,avitogoodsgc2406ccsalefederal,be793b896a17547c23bdce0d6c0f6e83ca5747fde13639f0c0afb556e1fc1d37,be793b896a17547c23bdce0d6c0f6e83ca5747fde13639f0c0afb556e1fc1d37,Goods,Sale,md58_12,12,current 10 full runs,3.0,2.6,1.0,3.0,2.8666666666666667,0.9666666666666666,3.0,2.9,1.0,1.0,1.0,1.0,1.0,1.3666666666666667,0.9666666666666666,1.0,1.0,1.0,3.0,3.0,1.0,0.0,0.0,1.0,4.0,3.966666666666667,0.9666666666666666,0.0,0.1,1.0,1.0,1.1,1.0,1.0,0.9,1.0,0.0,0.4333333333333333,0.9666666666666666,1.0,1.0,1.0,1.0,0.5,1.0,3.0,2.966666666666667,0.9666666666666666,0.0,0.0,1.0,3.0,2.966666666666667,0.9666666666666666,0.0,2.966666666666667,1.9307589880159788,0.2051282051282051,0.7948717948717948,0.2692307692307692,0.0384615384615384,0.0,0.46,2.6,2.8666666666666667,2.9,1.0,1.3666666666666667,1.0,3.0,0.0,3.966666666666667,0.1,1.1,0.9,0.4333333333333333,1.0,0.5,2.966666666666667,2.9,1.0,2.966666666666667,2.966666666666667,0.0,2.966666666666667,15.0,0.5146583545146454,0.1309078120938813,0.1665108195692121,0.4288449074074073,0.1422506732935812,0.0353682561629391,0.1286810344827586,0.2147002904865649,0.1379310344827586,0.0,0.1632361262406197,0.1708215294942133,0.3791754720406681,0.2645652294158935,16.567840576171875,0.02,8.662574768066406,,1.0,2.0,2.0,2.0,2.0,0.0,10,10,1.0,1.0,1.0,3.0,0.0,15.0,3.0,2.0,4.0,1.0,1.0,3.0,25.0,0.0,15.0,2.0,0.0,2.0,0.0,1.0,1.0,0.0,0.0,1.0,1.0,1.0,1.0,0.0,0.0,1.0
md58_13,pretest_md58,Avito_Goods_gc-24-07-SP-Garage-win-a-car-SP-T1-2C,brief column,Avito_Goods_gc-24-07-SP-Garage-win-a-car-SP-T1-2C.mp4,/Users/asekorneev/Desktop/Creatives_validation/Avito_Goods_gc-24-07-SP-Garage-win-a-car-SP-T1-2C.mp4,/Users/asekorneev/outputs/message_delivery_features_20260819/prepared_media/avitogoodsgc2407spgaragewinacarspt12c.mp4,True,Avito,13,train,0.21,0.21,1,1,7.0,0.0,0.2538,0.33,/Users/asekorneev/outputs/aipm3_value_context_20260914/sources/promiser_comparison/combo_input.csv,current_saved_target,33.333333333333336,Existing OPM / existing message fraction,False,/Users/asekorneev/outputs/aipm_stability_20260919/human_quality_20260920/targets.csv,/Users/asekorneev/outputs/message_delivery_features_20260819/video_manifest.csv,87a56232a0a373c47ded3df8153cea3f893b5de94a50e6e786dd42c66656ea6f,avitogoodsgc2407spgaragewinacarspt12c,87a56232a0a373c47ded3df8153cea3f893b5de94a50e6e786dd42c66656ea6f,garage_2024_2025,Goods,SP-SpareParts,md58_13,13,current 10 full runs,3.0,2.9,1.0,3.0,3.0,1.0,3.0,2.9,0.9333333333333332,2.0,2.0,1.0,2.0,2.1,0.9333333333333332,1.0,1.0333333333333334,0.9666666666666666,3.0,3.0,1.0,1.0,1.0333333333333334,0.9666666666666666,4.0,4.1,0.9333333333333332,2.0,1.8333333333333333,0.9666666666666666,1.0,1.0333333333333334,0.9666666666666666,1.0,1.0,1.0,1.0,1.0333333333333334,0.9666666666666666,1.0,1.0,1.0,1.0,1.0,1.0,2.0,2.0,1.0,1.0,1.0,1.0,3.0,3.0,1.0,1.0,3.0,1.8,0.0769230769230769,0.9230769230769232,0.4230769230769231,0.2564102564102564,0.1282051282051282,0.21,2.9,3.0,2.9,2.0,2.1,1.0333333333333334,3.0,1.0333333333333334,4.1,1.8333333333333333,1.0333333333333334,1.0,1.0333333333333334,1.0,1.0,2.0,2.9,1.0,2.9,3.0,1.0,3.0,25.0,0.458093607480029,0.1050313774155059,0.2206083014815104,0.1410864814814814,0.0284832187862806,0.0375005243021027,0.1412204826374994,0.2736594589687727,0.3469387755102041,0.1428571428571428,0.1615168845315904,0.2001460959027464,0.1610940904139433,0.0662207379937172,9.503898620605469,0.024,5.3496479988098145,,2.0,1.0,2.0,1.0,3.0,1.0,1,1,1.0,1.0,1.0,2.0,0.0,25.0,3.0,2.0,4.0,3.0,5.0,5.0,45.0,0.0,25.0,2.0,8.0,2.0,0.0,0.0,0.0,1.0,1.0,1.0,0.0,0.0,0.0,1.0,1.0,0.0
md58_13,pretest_md58,Avito_Goods_gc-24-07-SP-Garage-win-a-car-SP-T1-2C,brief column,Avito_Goods_gc-24-07-SP-Garage-win-a-car-SP-T1-2C.mp4,/Users/asekorneev/Desktop/Creatives_validation/Avito_Goods_gc-24-07-SP-Garage-win-a-car-SP-T1-2C.mp4,/Users/asekorneev/outputs/message_delivery_features_20260819/prepared_media/avitogoodsgc2407spgaragewinacarspt12c.mp4,True,Avito,13,train,0.21,0.21,1,1,7.0,0.0,0.2538,0.33,/Users/asekorneev/outputs/aipm3_value_context_20260914/sources/promiser_comparison/combo_input.csv,current_saved_target,33.333333333333336,Existing OPM / existing message fraction,False,/Users/asekorneev/outputs/aipm_stability_20260919/human_quality_20260920/targets.csv,/Users/asekorneev/outputs/message_delivery_features_20260819/video_manifest.csv,87a56232a0a373c47ded3df8153cea3f893b5de94a50e6e786dd42c66656ea6f,avitogoodsgc2407spgaragewinacarspt12c,87a56232a0a373c47ded3df8153cea3f893b5de94a50e6e786dd42c66656ea6f,garage_2024_2025,Goods,SP-SpareParts,md58_13,13,current 10 full runs,3.0,2.9,1.0,3.0,3.0,1.0,3.0,2.8666666666666667,0.9666666666666666,2.0,2.0,1.0,2.0,2.066666666666667,0.9333333333333332,1.0,1.1333333333333333,0.9666666666666666,3.0,3.0,1.0,1.0,1.0666666666666669,0.9666666666666666,4.0,4.066666666666666,0.9333333333333332,2.0,1.9,1.0,1.0,1.0333333333333334,0.9666666666666666,1.0,1.0,1.0,1.0,1.0666666666666669,0.9333333333333332,1.0,1.0,1.0,1.0,1.0,1.0,2.0,2.0,1.0,1.0,1.0,1.0,3.0,3.0,1.0,1.0,3.0,1.8,0.0256410256410256,0.9743589743589745,0.2692307692307692,0.1153846153846153,0.0,0.21,2.9,3.0,2.8666666666666667,2.0,2.066666666666667,1.1333333333333333,3.0,1.0666666666666669,4.066666666666666,1.9,1.0333333333333334,1.0,1.0666666666666669,1.0,1.0,2.0,3.033333333333333,1.0,2.9,3.0,1.0,3.0,25.0,0.458093607480029,0.1050313774155059,0.2206083014815104,0.1410864814814814,0.0284832187862806,0.0375005243021027,0.1412204826374994,0.2736594589687727,0.3469387755102041,0.1428571428571428,0.1615168845315904,0.2001460959027464,0.1610940904139433,0.0662207379937172,9.503898620605469,0.024,5.3496479988098145,,2.0,1.0,2.0,1.0,3.0,1.0,2,2,1.0,1.0,1.0,2.0,0.0,25.0,3.0,2.0,4.0,2.0,4.0,5.0,45.0,0.0,25.0,2.0,9.0,1.0,0.0,0.0,0.0,1.0,1.0,1.0,0.0,0.0,0.0,1.0,1.0,0.0
md58_13,pretest_md58,Avito_Goods_gc-24-07-SP-Garage-win-a-car-SP-T1-2C,brief column,Avito_Goods_gc-24-07-SP-Garage-win-a-car-SP-T1-2C.mp4,/Users/asekorneev/Desktop/Creatives_validation/Avito_Goods_gc-24-07-SP-Garage-win-a-car-SP-T1-2C.mp4,/Users/asekorneev/outputs/message_delivery_features_20260819/prepared_media/avitogoodsgc2407spgaragewinacarspt12c.mp4,True,Avito,13,train,0.21,0.21,1,1,7.0,0.0,0.2538,0.33,/Users/asekorneev/outputs/aipm3_value_context_20260914/sources/promiser_comparison/combo_input.csv,current_saved_target,33.333333333333336,Existing OPM / existing message fraction,False,/Users/asekorneev/outputs/aipm_stability_20260919/human_quality_20260920/targets.csv,/Users/asekorneev/outputs/message_delivery_features_20260819/video_manifest.csv,87a56232a0a373c47ded3df8153cea3f893b5de94a50e6e786dd42c66656ea6f,avitogoodsgc2407spgaragewinacarspt12c,87a56232a0a373c47ded3df8153cea3f893b5de94a50e6e786dd42c66656ea6f,garage_2024_2025,Goods,SP-SpareParts,md58_13,13,current 10 full runs,3.0,2.9,0.9333333333333332,3.0,3.0,1.0,3.0,2.9,0.9333333333333332,2.0,1.9666666666666663,0.9666666666666666,2.0,2.066666666666667,0.9333333333333332,1.0,1.0666666666666669,0.9666666666666666,3.0,3.0,1.0,1.0,1.0333333333333334,0.9666666666666666,4.0,4.033333333333333,0.9,2.0,1.9666666666666663,0.9666666666666666,1.0,1.0,0.9333333333333332,1.0,1.0333333333333334,0.9666666666666666,1.0,1.0333333333333334,0.9666666666666666,1.0,1.0,1.0,1.0,1.0,1.0,2.0,2.0,1.0,1.0,1.0,1.0,3.0,3.0,1.0,1.0,3.0,1.8,0.0256410256410256,0.9743589743589745,0.5,0.4358974358974359,0.1282051282051282,0.21,2.9,3.0,2.9,1.9666666666666663,2.066666666666667,1.0666666666666669,3.0,1.0333333333333334,4.033333333333333,1.9666666666666663,1.0,1.0333333333333334,1.0333333333333334,1.0,1.0,2.0,2.9,1.0,2.9,3.0,1.0,3.0,25.0,0.458093607480029,0.1050313774155059,0.2206083014815104,0.1410864814814814,0.0284832187862806,0.0375005243021027,0.1412204826374994,0.2736594589687727,0.3469387755102041,0.1428571428571428,0.1615168845315904,0.2001460959027464,0.1610940904139433,0.0662207379937172,9.503898620605469,0.024,5.3496479988098145,,2.0,1.0,2.0,1.0,3.0,1.0,3,3,1.0,1.0,1.0,2.0,0.0,25.0,4.0,2.0,3.0,3.0,5.0,10.0,45.0,0.0,25.0,2.0,10.0,1.0,0.0,0.0,0.0,1.0,1.0,1.0,0.0,0.0,0.0,1.0,1.0,0.0
md58_13,pretest_md58,Avito_Goods_gc-24-07-SP-Garage-win-a-car-SP-T1-2C,brief column,Avito_Goods_gc-24-07-SP-Garage-win-a-car-SP-T1-2C.mp4,/Users/asekorneev/Desktop/Creatives_validation/Avito_Goods_gc-24-07-SP-Garage-win-a-car-SP-T1-2C.mp4,/Users/asekorneev/outputs/message_delivery_features_20260819/prepared_media/avitogoodsgc2407spgaragewinacarspt12c.mp4,True,Avito,13,train,0.21,0.21,1,1,7.0,0.0,0.2538,0.33,/Users/asekorneev/outputs/aipm3_value_context_20260914/sources/promiser_comparison/combo_input.csv,current_saved_target,33.333333333333336,Existing OPM / existing message fraction,False,/Users/asekorneev/outputs/aipm_stability_20260919/human_quality_20260920/targets.csv,/Users/asekorneev/outputs/message_delivery_features_20260819/video_manifest.csv,87a56232a0a373c47ded3df8153cea3f893b5de94a50e6e786dd42c66656ea6f,avitogoodsgc2407spgaragewinacarspt12c,87a56232a0a373c47ded3df8153cea3f893b5de94a50e6e786dd42c66656ea6f,garage_2024_2025,Goods,SP-SpareParts,md58_13,13,current 10 full runs,3.0,2.7,1.0,3.0,3.0,1.0,3.0,2.9,1.0,2.0,2.0,1.0,2.0,2.066666666666667,0.9333333333333332,1.0,1.0,1.0,3.0,3.0,1.0,1.0,1.0,1.0,4.0,4.033333333333333,0.9666666666666666,2.0,2.0,1.0,1.0,1.0,1.0,1.0,1.0,1.0,1.0,1.0333333333333334,0.9666666666666666,1.0,1.0,1.0,1.0,1.0,1.0,2.0,2.0,1.0,1.0,1.0,1.0,3.0,3.0,1.0,1.0,3.0,1.8,0.0769230769230769,0.9230769230769232,0.5,0.3846153846153846,0.1794871794871795,0.21,2.7,3.0,2.9,2.0,2.066666666666667,1.0,3.0,1.0,4.033333333333333,2.0,1.0,1.0,1.0333333333333334,1.0,1.0,2.0,2.933333333333333,1.0,2.7,3.0,1.0,3.0,25.0,0.458093607480029,0.1050313774155059,0.2206083014815104,0.1410864814814814,0.0284832187862806,0.0375005243021027,0.1412204826374994,0.2736594589687727,0.3469387755102041,0.1428571428571428,0.1615168845315904,0.2001460959027464,0.1610940904139433,0.0662207379937172,9.503898620605469,0.024,5.3496479988098145,,2.0,1.0,2.0,1.0,3.0,1.0,4,4,1.0,1.0,1.0,2.0,0.0,25.0,4.0,2.0,3.0,3.0,5.0,8.0,45.0,0.0,25.0,2.0,9.0,2.0,0.0,0.0,0.0,1.0,1.0,1.0,0.0,0.0,0.0,1.0,1.0,0.0
md58_13,pretest_md58,Avito_Goods_gc-24-07-SP-Garage-win-a-car-SP-T1-2C,brief column,Avito_Goods_gc-24-07-SP-Garage-win-a-car-SP-T1-2C.mp4,/Users/asekorneev/Desktop/Creatives_validation/Avito_Goods_gc-24-07-SP-Garage-win-a-car-SP-T1-2C.mp4,/Users/asekorneev/outputs/message_delivery_features_20260819/prepared_media/avitogoodsgc2407spgaragewinacarspt12c.mp4,True,Avito,13,train,0.21,0.21,1,1,7.0,0.0,0.2538,0.33,/Users/asekorneev/outputs/aipm3_value_context_20260914/sources/promiser_comparison/combo_input.csv,current_saved_target,33.333333333333336,Existing OPM / existing message fraction,False,/Users/asekorneev/outputs/aipm_stability_20260919/human_quality_20260920/targets.csv,/Users/asekorneev/outputs/message_delivery_features_20260819/video_manifest.csv,87a56232a0a373c47ded3df8153cea3f893b5de94a50e6e786dd42c66656ea6f,avitogoodsgc2407spgaragewinacarspt12c,87a56232a0a373c47ded3df8153cea3f893b5de94a50e6e786dd42c66656ea6f,garage_2024_2025,Goods,SP-SpareParts,md58_13,13,current 10 full runs,3.0,3.0,1.0,3.0,3.0,1.0,3.0,2.9,0.9333333333333332,2.0,1.9666666666666663,0.9666666666666666,2.0,2.1,0.9333333333333332,1.0,1.0333333333333334,0.9666666666666666,3.0,3.0,1.0,1.0,1.0333333333333334,0.9666666666666666,4.0,4.066666666666666,0.9,2.0,1.9,0.9333333333333332,1.0,1.0,0.9333333333333332,1.0,1.0,1.0,1.0,1.0333333333333334,0.9666666666666666,1.0,1.0,1.0,1.0,1.0,1.0,2.0,2.0,1.0,1.0,1.0,1.0,3.0,3.0,1.0,1.0,3.0,1.8,0.1538461538461538,0.8461538461538461,0.3461538461538461,0.1282051282051282,0.0256410256410256,0.21,3.0,3.0,2.9,1.9666666666666663,2.1,1.0333333333333334,3.0,1.0333333333333334,4.066666666666666,1.9,1.0,1.0,1.0333333333333334,1.0,1.0,2.0,2.9,1.0,3.0,3.0,1.0,3.0,25.0,0.458093607480029,0.1050313774155059,0.2206083014815104,0.1410864814814814,0.0284832187862806,0.0375005243021027,0.1412204826374994,0.2736594589687727,0.3469387755102041,0.1428571428571428,0.1615168845315904,0.2001460959027464,0.1610940904139433,0.0662207379937172,9.503898620605469,0.024,5.3496479988098145,,2.0,1.0,2.0,1.0,3.0,1.0,5,5,1.0,1.0,1.0,2.0,0.0,25.0,4.0,2.0,4.0,3.0,5.0,8.0,45.0,0.0,25.0,2.0,9.0,1.0,0.0,0.0,0.0,1.0,1.0,1.0,0.0,0.0,0.0,1.0,1.0,0.0
md58_13,pretest_md58,Avito_Goods_gc-24-07-SP-Garage-win-a-car-SP-T1-2C,brief column,Avito_Goods_gc-24-07-SP-Garage-win-a-car-SP-T1-2C.mp4,/Users/asekorneev/Desktop/Creatives_validation/Avito_Goods_gc-24-07-SP-Garage-win-a-car-SP-T1-2C.mp4,/Users/asekorneev/outputs/message_delivery_features_20260819/prepared_media/avitogoodsgc2407spgaragewinacarspt12c.mp4,True,Avito,13,train,0.21,0.21,1,1,7.0,0.0,0.2538,0.33,/Users/asekorneev/outputs/aipm3_value_context_20260914/sources/promiser_comparison/combo_input.csv,current_saved_target,33.333333333333336,Existing OPM / existing message fraction,False,/Users/asekorneev/outputs/aipm_stability_20260919/human_quality_20260920/targets.csv,/Users/asekorneev/outputs/message_delivery_features_20260819/video_manifest.csv,87a56232a0a373c47ded3df8153cea3f893b5de94a50e6e786dd42c66656ea6f,avitogoodsgc2407spgaragewinacarspt12c,87a56232a0a373c47ded3df8153cea3f893b5de94a50e6e786dd42c66656ea6f,garage_2024_2025,Goods,SP-SpareParts,md58_13,13,current 10 full runs,3.0,2.8,1.0,3.0,2.9,1.0,3.0,2.8333333333333335,0.9666666666666666,2.0,1.9666666666666663,0.9666666666666666,2.0,2.033333333333333,0.9666666666666666,1.0,1.0,1.0,3.0,3.0,1.0,1.0,1.0,1.0,4.0,4.033333333333333,0.9666666666666666,2.0,1.9333333333333331,0.9666666666666666,1.0,1.0,1.0,1.0,1.0,1.0,1.0,1.0,1.0,1.0,1.0,1.0,1.0,1.0,1.0,2.0,2.0,1.0,1.0,1.0,1.0,3.0,3.0,1.0,1.0,3.0,1.8,0.1025641025641025,0.8974358974358975,0.3461538461538461,0.2435897435897436,0.1538461538461538,0.21,2.8,2.9,2.8333333333333335,1.9666666666666663,2.033333333333333,1.0,3.0,1.0,4.033333333333333,1.9333333333333331,1.0,1.0,1.0,1.0,1.0,2.0,2.8333333333333335,1.0,2.8,2.9,1.0,3.0,25.0,0.458093607480029,0.1050313774155059,0.2206083014815104,0.1410864814814814,0.0284832187862806,0.0375005243021027,0.1412204826374994,0.2736594589687727,0.3469387755102041,0.1428571428571428,0.1615168845315904,0.2001460959027464,0.1610940904139433,0.0662207379937172,9.503898620605469,0.024,5.3496479988098145,,2.0,1.0,2.0,1.0,3.0,1.0,6,6,1.0,1.0,1.0,2.0,0.0,25.0,4.0,2.0,4.0,3.0,5.0,8.0,45.0,0.0,25.0,2.0,10.0,1.0,0.0,0.0,0.0,1.0,1.0,1.0,0.0,0.0,0.0,1.0,1.0,0.0
md58_13,pretest_md58,Avito_Goods_gc-24-07-SP-Garage-win-a-car-SP-T1-2C,brief column,Avito_Goods_gc-24-07-SP-Garage-win-a-car-SP-T1-2C.mp4,/Users/asekorneev/Desktop/Creatives_validation/Avito_Goods_gc-24-07-SP-Garage-win-a-car-SP-T1-2C.mp4,/Users/asekorneev/outputs/message_delivery_features_20260819/prepared_media/avitogoodsgc2407spgaragewinacarspt12c.mp4,True,Avito,13,train,0.21,0.21,1,1,7.0,0.0,0.2538,0.33,/Users/asekorneev/outputs/aipm3_value_context_20260914/sources/promiser_comparison/combo_input.csv,current_saved_target,33.333333333333336,Existing OPM / existing message fraction,False,/Users/asekorneev/outputs/aipm_stability_20260919/human_quality_20260920/targets.csv,/Users/asekorneev/outputs/message_delivery_features_20260819/video_manifest.csv,87a56232a0a373c47ded3df8153cea3f893b5de94a50e6e786dd42c66656ea6f,avitogoodsgc2407spgaragewinacarspt12c,87a56232a0a373c47ded3df8153cea3f893b5de94a50e6e786dd42c66656ea6f,garage_2024_2025,Goods,SP-SpareParts,md58_13,13,current 10 full runs,3.0,2.7,1.0,3.0,3.0,1.0,3.0,2.8333333333333335,0.9666666666666666,2.0,2.0,1.0,2.0,2.1333333333333333,0.9,1.0,1.0333333333333334,0.9666666666666666,3.0,3.0,1.0,1.0,1.0333333333333334,0.9666666666666666,4.0,4.133333333333334,0.9,2.0,1.9333333333333331,0.9666666666666666,1.0,1.0333333333333334,0.9666666666666666,1.0,1.0333333333333334,0.9666666666666666,1.0,1.0333333333333334,0.9666666666666666,1.0,1.0,1.0,1.0,1.0333333333333334,0.9666666666666666,2.0,2.0,1.0,1.0,1.0,1.0,3.0,3.0,1.0,1.0,3.0,1.8,0.0769230769230769,0.9230769230769232,0.3461538461538461,0.1153846153846153,0.0512820512820512,0.21,2.7,3.0,2.8333333333333335,2.0,2.1333333333333333,1.0333333333333334,3.0,1.0333333333333334,4.133333333333334,1.9333333333333331,1.0333333333333334,1.0333333333333334,1.0333333333333334,1.0,1.0333333333333334,2.0,2.9,1.0,2.7,3.0,1.0,3.0,25.0,0.458093607480029,0.1050313774155059,0.2206083014815104,0.1410864814814814,0.0284832187862806,0.0375005243021027,0.1412204826374994,0.2736594589687727,0.3469387755102041,0.1428571428571428,0.1615168845315904,0.2001460959027464,0.1610940904139433,0.0662207379937172,9.503898620605469,0.024,5.3496479988098145,,2.0,1.0,2.0,1.0,3.0,1.0,7,7,1.0,1.0,1.0,2.0,0.0,25.0,4.0,2.0,4.0,3.0,5.0,8.0,45.0,0.0,25.0,2.0,9.0,1.0,0.0,0.0,0.0,1.0,1.0,1.0,0.0,0.0,0.0,1.0,1.0,0.0
md58_13,pretest_md58,Avito_Goods_gc-24-07-SP-Garage-win-a-car-SP-T1-2C,brief column,Avito_Goods_gc-24-07-SP-Garage-win-a-car-SP-T1-2C.mp4,/Users/asekorneev/Desktop/Creatives_validation/Avito_Goods_gc-24-07-SP-Garage-win-a-car-SP-T1-2C.mp4,/Users/asekorneev/outputs/message_delivery_features_20260819/prepared_media/avitogoodsgc2407spgaragewinacarspt12c.mp4,True,Avito,13,train,0.21,0.21,1,1,7.0,0.0,0.2538,0.33,/Users/asekorneev/outputs/aipm3_value_context_20260914/sources/promiser_comparison/combo_input.csv,current_saved_target,33.333333333333336,Existing OPM / existing message fraction,False,/Users/asekorneev/outputs/aipm_stability_20260919/human_quality_20260920/targets.csv,/Users/asekorneev/outputs/message_delivery_features_20260819/video_manifest.csv,87a56232a0a373c47ded3df8153cea3f893b5de94a50e6e786dd42c66656ea6f,avitogoodsgc2407spgaragewinacarspt12c,87a56232a0a373c47ded3df8153cea3f893b5de94a50e6e786dd42c66656ea6f,garage_2024_2025,Goods,SP-SpareParts,md58_13,13,current 10 full runs,3.0,2.7333333333333334,0.9666666666666666,3.0,3.0,1.0,3.0,2.7666666666666666,0.9333333333333332,2.0,1.8666666666666667,0.9,2.0,2.033333333333333,0.9666666666666666,1.0,1.0,1.0,3.0,3.0,1.0,1.0,1.0333333333333334,0.9666666666666666,4.0,4.066666666666666,0.9333333333333332,2.0,1.9333333333333331,0.9666666666666666,1.0,0.9666666666666668,0.9666666666666666,1.0,1.0,1.0,1.0,1.0,1.0,1.0,1.0,1.0,1.0,1.0,1.0,2.0,2.0,1.0,1.0,1.0,1.0,3.0,3.0,1.0,1.0,3.0,1.8,0.1282051282051281,0.8717948717948718,0.4230769230769231,0.1153846153846153,0.0512820512820512,0.21,2.7333333333333334,3.0,2.7666666666666666,1.8666666666666667,2.033333333333333,1.0,3.0,1.0333333333333334,4.066666666666666,1.9333333333333331,0.9666666666666668,1.0,1.0,1.0,1.0,2.0,2.8666666666666667,1.0,2.8333333333333335,3.0,1.0,3.0,25.0,0.458093607480029,0.1050313774155059,0.2206083014815104,0.1410864814814814,0.0284832187862806,0.0375005243021027,0.1412204826374994,0.2736594589687727,0.3469387755102041,0.1428571428571428,0.1615168845315904,0.2001460959027464,0.1610940904139433,0.0662207379937172,9.503898620605469,0.024,5.3496479988098145,,2.0,1.0,2.0,1.0,3.0,1.0,8,8,1.0,1.0,1.0,2.0,0.0,25.0,4.0,2.0,4.0,3.0,5.0,8.0,45.0,0.0,25.0,2.0,9.0,1.0,0.0,0.0,0.0,1.0,1.0,1.0,0.0,0.0,0.0,1.0,1.0,0.0
md58_13,pretest_md58,Avito_Goods_gc-24-07-SP-Garage-win-a-car-SP-T1-2C,brief column,Avito_Goods_gc-24-07-SP-Garage-win-a-car-SP-T1-2C.mp4,/Users/asekorneev/Desktop/Creatives_validation/Avito_Goods_gc-24-07-SP-Garage-win-a-car-SP-T1-2C.mp4,/Users/asekorneev/outputs/message_delivery_features_20260819/prepared_media/avitogoodsgc2407spgaragewinacarspt12c.mp4,True,Avito,13,train,0.21,0.21,1,1,7.0,0.0,0.2538,0.33,/Users/asekorneev/outputs/aipm3_value_context_20260914/sources/promiser_comparison/combo_input.csv,current_saved_target,33.333333333333336,Existing OPM / existing message fraction,False,/Users/asekorneev/outputs/aipm_stability_20260919/human_quality_20260920/targets.csv,/Users/asekorneev/outputs/message_delivery_features_20260819/video_manifest.csv,87a56232a0a373c47ded3df8153cea3f893b5de94a50e6e786dd42c66656ea6f,avitogoodsgc2407spgaragewinacarspt12c,87a56232a0a373c47ded3df8153cea3f893b5de94a50e6e786dd42c66656ea6f,garage_2024_2025,Goods,SP-SpareParts,md58_13,13,current 10 full runs,3.0,2.8,1.0,3.0,2.9,1.0,3.0,2.8666666666666667,0.9333333333333332,2.0,1.9666666666666663,0.9666666666666666,2.0,2.033333333333333,0.9666666666666666,1.0,1.1,1.0,3.0,3.0,1.0,1.0,1.0333333333333334,0.9666666666666666,4.0,4.066666666666666,0.9333333333333332,2.0,2.0,1.0,1.0,1.0666666666666669,0.9333333333333332,1.0,1.0,1.0,1.0,1.0333333333333334,0.9666666666666666,1.0,1.0,1.0,1.0,1.0,1.0,2.0,2.0,1.0,1.0,1.0,1.0,3.0,3.0,1.0,1.0,3.0,1.8,0.1282051282051281,0.8717948717948718,0.3461538461538461,0.141025641025641,0.0,0.21,2.8,2.9,2.8666666666666667,1.9666666666666663,2.033333333333333,1.1,3.0,1.0333333333333334,4.066666666666666,2.0,1.0666666666666669,1.0,1.0333333333333334,1.0,1.0,2.0,2.8666666666666667,1.0,2.8,2.9,1.0,3.0,25.0,0.458093607480029,0.1050313774155059,0.2206083014815104,0.1410864814814814,0.0284832187862806,0.0375005243021027,0.1412204826374994,0.2736594589687727,0.3469387755102041,0.1428571428571428,0.1615168845315904,0.2001460959027464,0.1610940904139433,0.0662207379937172,9.503898620605469,0.024,5.3496479988098145,,2.0,1.0,2.0,1.0,3.0,1.0,9,9,1.0,1.0,1.0,2.0,0.0,25.0,4.0,2.0,3.0,3.0,5.0,10.0,45.0,0.0,25.0,2.0,10.0,1.0,0.0,0.0,0.0,1.0,1.0,1.0,0.0,0.0,0.0,1.0,1.0,0.0
md58_13,pretest_md58,Avito_Goods_gc-24-07-SP-Garage-win-a-car-SP-T1-2C,brief column,Avito_Goods_gc-24-07-SP-Garage-win-a-car-SP-T1-2C.mp4,/Users/asekorneev/Desktop/Creatives_validation/Avito_Goods_gc-24-07-SP-Garage-win-a-car-SP-T1-2C.mp4,/Users/asekorneev/outputs/message_delivery_features_20260819/prepared_media/avitogoodsgc2407spgaragewinacarspt12c.mp4,True,Avito,13,train,0.21,0.21,1,1,7.0,0.0,0.2538,0.33,/Users/asekorneev/outputs/aipm3_value_context_20260914/sources/promiser_comparison/combo_input.csv,current_saved_target,33.333333333333336,Existing OPM / existing message fraction,False,/Users/asekorneev/outputs/aipm_stability_20260919/human_quality_20260920/targets.csv,/Users/asekorneev/outputs/message_delivery_features_20260819/video_manifest.csv,87a56232a0a373c47ded3df8153cea3f893b5de94a50e6e786dd42c66656ea6f,avitogoodsgc2407spgaragewinacarspt12c,87a56232a0a373c47ded3df8153cea3f893b5de94a50e6e786dd42c66656ea6f,garage_2024_2025,Goods,SP-SpareParts,md58_13,13,current 10 full runs,3.0,2.9,1.0,3.0,3.0,1.0,3.0,2.966666666666667,0.9666666666666666,2.0,1.9666666666666663,0.9666666666666666,2.0,2.066666666666667,0.9333333333333332,1.0,1.0333333333333334,0.9666666666666666,3.0,3.0,1.0,1.0,1.0333333333333334,0.9666666666666666,4.0,4.033333333333333,0.9666666666666666,2.0,1.9,1.0,1.0,1.0333333333333334,0.9666666666666666,1.0,1.0,1.0,1.0,1.0333333333333334,0.9666666666666666,1.0,1.0,1.0,1.0,1.0,1.0,2.0,2.0,1.0,1.0,1.0,1.0,3.0,3.0,1.0,1.0,3.0,1.8,0.0769230769230769,0.9230769230769232,0.4230769230769231,0.282051282051282,0.2307692307692307,0.21,2.9,3.0,2.966666666666667,1.9666666666666663,2.066666666666667,1.0333333333333334,3.0,1.0333333333333334,4.033333333333333,1.9,1.0333333333333334,1.0,1.0333333333333334,1.0,1.0,2.0,3.033333333333333,1.0,2.9,3.0,1.0,3.0,25.0,0.458093607480029,0.1050313774155059,0.2206083014815104,0.1410864814814814,0.0284832187862806,0.0375005243021027,0.1412204826374994,0.2736594589687727,0.3469387755102041,0.1428571428571428,0.1615168845315904,0.2001460959027464,0.1610940904139433,0.0662207379937172,9.503898620605469,0.024,5.3496479988098145,,2.0,1.0,2.0,1.0,3.0,1.0,10,10,1.0,1.0,1.0,2.0,0.0,25.0,4.0,2.0,4.0,3.0,5.0,8.0,45.0,0.0,25.0,2.0,9.0,1.0,0.0,0.0,0.0,1.0,1.0,1.0,0.0,0.0,0.0,1.0,1.0,0.0
md58_14,pretest_md58,Avito_Goods_gc-24-08-EL-Re-com-T1-C2C,video filename; not an independently verified brief,Avito_Goods_gc-24-08-EL-Re-com-T1-C2C.mp4,/Users/asekorneev/Desktop/Creatives_validation/Avito_Goods_gc-24-08-EL-Re-com-T1-C2C.mp4,/Users/asekorneev/outputs/message_delivery_features_20260819/prepared_media/avitogoodsgc2408elrecomt1c2c.mp4,True,Avito,14,train,0.26,0.26,1,1,9.0,1.0,,,/Users/asekorneev/outputs/aipm3_value_context_20260914/sources/promiser_comparison/combo_input.csv,current_saved_target,34.61538461538461,Existing OPM / existing message fraction,False,/Users/asekorneev/outputs/aipm_stability_20260919/human_quality_20260920/targets.csv,/Users/asekorneev/outputs/message_delivery_features_20260819/video_manifest.csv,ea57e2c751dbba0622cece5b2168785832d4c1d77629c85d2d876aaf9a9ad010,avitogoodsgc2408elrecomt1c2c,,ea57e2c751dbba0622cece5b2168785832d4c1d77629c85d2d876aaf9a9ad010,Goods,Goods,md58_14,14,saved historical same-protocol Pro extraction,3.0,2.5,1.0,3.0,2.9,1.0,2.0,2.0,1.0,1.0,1.0,1.0,2.0,2.0,1.0,2.0,2.0,1.0,3.0,3.0,1.0,1.0,1.0,1.0,4.0,4.0,1.0,2.0,1.7,1.0,1.0,1.0,1.0,1.0,1.0,1.0,0.0,0.2,1.0,2.0,2.0,1.0,0.0,0.0,1.0,2.0,2.4,1.0,1.0,1.0,1.0,3.0,3.0,1.0,1.0,3.0,1.3493253373313343,0.1025641025641025,0.8974358974358975,,,,0.26,2.5,2.9,2.0,1.0,2.0,2.0,3.0,1.0,4.0,1.7,1.0,1.0,0.2,2.0,0.0,2.4,2.0,1.0,2.8,3.0,1.0,3.0,20.0,0.3234393563907045,0.1614412041355752,0.226732913448532,0.0621540100762527,0.0290794182519,0.035203925018072,0.1492652970969964,0.2737648874364561,0.282051282051282,0.0,0.0728606874848704,0.1985888272279829,0.0353722766884531,0.040302038192749,22.02138328552246,0.17,24.10236358642578,,3.0,0.0,2.0,2.0,3.0,0.0,1,1,1.0,0.0,1.0,2.0,2.0,12.0,3.0,2.0,5.0,1.0,2.0,5.0,28.0,8.0,15.0,2.0,4.0,1.0,0.0,0.0,0.0,1.0,0.0,1.0,0.0,1.0,1.0,1.0,1.0,0.0
md58_15,pretest_md58,Avito_Goods_gc-24-09-AvitoMall+T&S-T1,brief column,Avito_Goods_gc-24-09-AvitoMall+T&S-T1.mp4,/Users/asekorneev/Desktop/Creatives_validation/Avito_Goods_gc-24-09-AvitoMall+T&S-T1.mp4,/Users/asekorneev/outputs/message_delivery_features_20260819/prepared_media/avitogoodsgc2409avitomalltst1.mp4,True,Avito,15,train,0.27,0.27,2,2,5.0,0.0,0.0619,0.26,/Users/asekorneev/outputs/aipm3_value_context_20260914/sources/promiser_comparison/combo_input.csv,current_saved_target,18.51851851851852,Existing OPM / existing message fraction,False,/Users/asekorneev/outputs/aipm_stability_20260919/human_quality_20260920/targets.csv,/Users/asekorneev/outputs/message_delivery_features_20260819/video_manifest.csv,cde2b0db629676325b683a51456d04a62381e8957b92bb19c35a469d3bd4ab87,avitogoodsgc2409avitomalltst1,cde2b0db629676325b683a51456d04a62381e8957b92bb19c35a469d3bd4ab87,cde2b0db629676325b683a51456d04a62381e8957b92bb19c35a469d3bd4ab87,Goods,Goods,md58_15,15,current 10 full runs,3.0,3.0,1.0,3.0,3.0,1.0,4.0,4.0,1.0,1.0,1.4333333333333331,0.9666666666666666,3.0,3.066666666666667,0.9333333333333332,0.0,0.0,1.0,3.0,3.0,1.0,0.0,0.0,1.0,4.0,4.066666666666666,0.9333333333333332,1.0,0.9,1.0,2.0,1.9,0.9333333333333332,1.0,1.0,1.0,1.0,0.7666666666666667,0.9666666666666666,0.0,0.0,1.0,1.0,1.2333333333333334,0.9333333333333332,2.0,2.0,1.0,1.0,1.0,1.0,3.0,3.0,1.0,1.0,3.0,2.048975512243878,0.0512820512820512,0.9487179487179488,0.2692307692307692,0.0384615384615384,0.0,0.27,3.0,3.0,4.0,1.4333333333333331,3.066666666666667,0.0,3.0,0.0,4.066666666666666,0.9,1.9,1.0,0.7666666666666667,0.0,1.2333333333333334,2.0,3.1666666666666665,1.0,3.0,3.0,1.0,3.0,20.0,0.632880535130719,0.0685490857443042,0.1704973822419362,0.1731696010348584,0.0361936782733936,0.0313515546878716,0.0945434519486807,0.202122621641249,0.1282051282051282,0.2307692307692307,0.1901943687969014,0.2036246838889341,0.1921764705882352,0.0758775249123573,7.844808578491211,0.005,4.1144022941589355,,1.0,0.0,3.0,1.0,2.0,0.0,1,1,0.0,0.0,0.0,2.0,1.0,20.0,4.0,4.0,2.0,2.0,4.0,0.0,35.0,0.0,20.0,4.0,15.0,0.0,0.0,0.0,0.0,1.0,1.0,0.0,0.0,1.0,0.0,0.0,0.0,1.0
md58_16,pretest_md58,Avito_Goods_gc-24-10-HL-Furniture-Feature-C2C,video filename; not an independently verified brief,Avito_Goods_gc-24-10-HL-Furniture-Feature-C2C.mp4,/Users/asekorneev/Desktop/Creatives_validation/Avito_Goods_gc-24-10-HL-Furniture-Feature-C2C.mp4,/Users/asekorneev/outputs/message_delivery_features_20260819/prepared_media/avitogoodsgc2410hlfurniturefeaturec2c.mp4,True,Avito,16,train,0.2,0.2,0,0,7.0,0.0,0.1487,0.29,/Users/asekorneev/outputs/aipm3_value_context_20260914/sources/promiser_comparison/combo_input.csv,current_saved_target,35.0,Existing OPM / existing message fraction,False,/Users/asekorneev/outputs/aipm_stability_20260919/human_quality_20260920/targets.csv,/Users/asekorneev/outputs/message_delivery_features_20260819/video_manifest.csv,e6607baf2f27fa4b25307bb86cc3e0e9605fb0cc1418a9fcb5216e412f104ee2,avitogoodsgc2410hlfurniturefeaturec2c,e6607baf2f27fa4b25307bb86cc3e0e9605fb0cc1418a9fcb5216e412f104ee2,e6607baf2f27fa4b25307bb86cc3e0e9605fb0cc1418a9fcb5216e412f104ee2,Goods,HL-Furniture,md58_16,16,current 10 full runs,2.0,2.0,1.0,3.0,2.9,1.0,2.0,1.7666666666666666,0.9666666666666666,2.0,1.9666666666666663,0.9666666666666666,2.0,2.2,1.0,2.0,2.3,0.9333333333333332,3.0,3.0,1.0,2.0,2.0,1.0,4.0,4.0,1.0,1.0,1.0,1.0,1.0,1.0,1.0,1.0,1.0,1.0,1.0,1.0,1.0,2.0,2.1,1.0,1.0,1.0,1.0,2.0,2.0,1.0,1.0,1.0,1.0,3.0,3.0,1.0,1.0,3.0,1.299350324837581,0.1025641025641025,0.8974358974358975,0.2692307692307692,0.1666666666666666,0.1025641025641025,0.2,2.0,2.9,1.7666666666666666,1.9666666666666663,2.2,2.3,3.0,2.0,4.0,1.0,1.0,1.0,1.0,2.1,1.0,2.0,1.9,1.0333333333333334,2.1,2.9,1.0,3.0,20.0,0.3157742170479303,0.1798240808313396,0.2258569686650339,0.0513479847494553,0.0231301436488281,0.0308253804102763,0.1100751633986928,0.2188955882352943,0.1282051282051282,0.1025641025641025,0.1000644970951343,0.1939115586251402,0.0612375181554103,0.2497761845588684,5.6918134689331055,0.0,2.5636510848999023,,3.0,1.0,2.0,2.0,3.0,0.0,1,1,0.0,0.0,1.0,2.0,1.0,20.0,2.0,5.0,4.0,3.0,5.0,3.0,25.0,2.0,15.0,5.0,5.0,1.0,0.0,0.0,1.0,1.0,0.0,0.0,0.0,1.0,0.0,1.0,0.0,0.0
md58_16,pretest_md58,Avito_Goods_gc-24-10-HL-Furniture-Feature-C2C,video filename; not an independently verified brief,Avito_Goods_gc-24-10-HL-Furniture-Feature-C2C.mp4,/Users/asekorneev/Desktop/Creatives_validation/Avito_Goods_gc-24-10-HL-Furniture-Feature-C2C.mp4,/Users/asekorneev/outputs/message_delivery_features_20260819/prepared_media/avitogoodsgc2410hlfurniturefeaturec2c.mp4,True,Avito,16,train,0.2,0.2,0,0,7.0,0.0,0.1487,0.29,/Users/asekorneev/outputs/aipm3_value_context_20260914/sources/promiser_comparison/combo_input.csv,current_saved_target,35.0,Existing OPM / existing message fraction,False,/Users/asekorneev/outputs/aipm_stability_20260919/human_quality_20260920/targets.csv,/Users/asekorneev/outputs/message_delivery_features_20260819/video_manifest.csv,e6607baf2f27fa4b25307bb86cc3e0e9605fb0cc1418a9fcb5216e412f104ee2,avitogoodsgc2410hlfurniturefeaturec2c,e6607baf2f27fa4b25307bb86cc3e0e9605fb0cc1418a9fcb5216e412f104ee2,e6607baf2f27fa4b25307bb86cc3e0e9605fb0cc1418a9fcb5216e412f104ee2,Goods,HL-Furniture,md58_16,16,current 10 full runs,2.0,2.0,1.0,3.0,3.0,1.0,2.0,1.6333333333333333,0.9666666666666666,2.0,2.0,1.0,2.0,2.1,1.0,2.0,2.3666666666666667,0.9666666666666666,3.0,3.0,1.0,2.0,2.0,1.0,4.0,4.0,1.0,1.0,1.0,1.0,1.0,1.0,1.0,1.0,1.0,1.0,1.0,1.0,1.0,2.0,2.3,1.0,1.0,1.0,1.0,2.0,2.0,1.0,1.0,1.0,1.0,3.0,3.0,1.0,1.0,3.0,1.299350324837581,0.0256410256410256,0.9743589743589745,0.4230769230769231,0.1794871794871795,0.1794871794871795,0.2,2.0,3.0,1.6333333333333333,2.0,2.1,2.3666666666666667,3.0,2.0,4.0,1.0,1.0,1.0,1.0,2.3,1.0,2.0,1.8,1.0,2.1,3.0,1.0,3.0,20.0,0.3157742170479303,0.1798240808313396,0.2258569686650339,0.0513479847494553,0.0231301436488281,0.0308253804102763,0.1100751633986928,0.2188955882352943,0.1282051282051282,0.1025641025641025,0.1000644970951343,0.1939115586251402,0.0612375181554103,0.2497761845588684,5.6918134689331055,0.0,2.5636510848999023,,3.0,1.0,2.0,2.0,3.0,0.0,2,2,0.0,0.0,1.0,2.0,1.0,20.0,2.0,5.0,4.0,3.0,5.0,3.0,25.0,2.0,15.0,5.0,5.0,1.0,0.0,0.0,0.0,1.0,0.0,0.0,0.0,1.0,0.0,1.0,0.0,0.0
md58_16,pretest_md58,Avito_Goods_gc-24-10-HL-Furniture-Feature-C2C,video filename; not an independently verified brief,Avito_Goods_gc-24-10-HL-Furniture-Feature-C2C.mp4,/Users/asekorneev/Desktop/Creatives_validation/Avito_Goods_gc-24-10-HL-Furniture-Feature-C2C.mp4,/Users/asekorneev/outputs/message_delivery_features_20260819/prepared_media/avitogoodsgc2410hlfurniturefeaturec2c.mp4,True,Avito,16,train,0.2,0.2,0,0,7.0,0.0,0.1487,0.29,/Users/asekorneev/outputs/aipm3_value_context_20260914/sources/promiser_comparison/combo_input.csv,current_saved_target,35.0,Existing OPM / existing message fraction,False,/Users/asekorneev/outputs/aipm_stability_20260919/human_quality_20260920/targets.csv,/Users/asekorneev/outputs/message_delivery_features_20260819/video_manifest.csv,e6607baf2f27fa4b25307bb86cc3e0e9605fb0cc1418a9fcb5216e412f104ee2,avitogoodsgc2410hlfurniturefeaturec2c,e6607baf2f27fa4b25307bb86cc3e0e9605fb0cc1418a9fcb5216e412f104ee2,e6607baf2f27fa4b25307bb86cc3e0e9605fb0cc1418a9fcb5216e412f104ee2,Goods,HL-Furniture,md58_16,16,current 10 full runs,2.0,2.0,1.0,3.0,3.0,1.0,2.0,1.6,1.0,2.0,2.0,1.0,2.0,2.3,1.0,2.0,2.4,1.0,3.0,3.0,1.0,2.0,2.0,1.0,4.0,4.0,1.0,1.0,1.0,1.0,1.0,1.0,1.0,1.0,1.0,1.0,1.0,1.0,1.0,2.0,2.0,1.0,1.0,1.0,1.0,2.0,2.0,1.0,1.0,1.0,1.0,3.0,3.0,1.0,1.0,3.0,1.299350324837581,0.0256410256410256,0.9743589743589745,0.5,0.2307692307692307,0.1794871794871795,0.2,2.0,3.0,1.6,2.0,2.3,2.4,3.0,2.0,4.0,1.0,1.0,1.0,1.0,2.0,1.0,2.0,1.9,1.0,2.0,3.0,1.0,3.0,20.0,0.3157742170479303,0.1798240808313396,0.2258569686650339,0.0513479847494553,0.0231301436488281,0.0308253804102763,0.1100751633986928,0.2188955882352943,0.1282051282051282,0.1025641025641025,0.1000644970951343,0.1939115586251402,0.0612375181554103,0.2497761845588684,5.6918134689331055,0.0,2.5636510848999023,,3.0,1.0,2.0,2.0,3.0,0.0,3,3,0.0,0.0,1.0,2.0,1.0,20.0,2.0,5.0,4.0,3.0,5.0,3.0,25.0,0.0,15.0,5.0,5.0,1.0,0.0,0.0,1.0,1.0,0.0,0.0,0.0,1.0,0.0,1.0,0.0,0.0
md58_16,pretest_md58,Avito_Goods_gc-24-10-HL-Furniture-Feature-C2C,video filename; not an independently verified brief,Avito_Goods_gc-24-10-HL-Furniture-Feature-C2C.mp4,/Users/asekorneev/Desktop/Creatives_validation/Avito_Goods_gc-24-10-HL-Furniture-Feature-C2C.mp4,/Users/asekorneev/outputs/message_delivery_features_20260819/prepared_media/avitogoodsgc2410hlfurniturefeaturec2c.mp4,True,Avito,16,train,0.2,0.2,0,0,7.0,0.0,0.1487,0.29,/Users/asekorneev/outputs/aipm3_value_context_20260914/sources/promiser_comparison/combo_input.csv,current_saved_target,35.0,Existing OPM / existing message fraction,False,/Users/asekorneev/outputs/aipm_stability_20260919/human_quality_20260920/targets.csv,/Users/asekorneev/outputs/message_delivery_features_20260819/video_manifest.csv,e6607baf2f27fa4b25307bb86cc3e0e9605fb0cc1418a9fcb5216e412f104ee2,avitogoodsgc2410hlfurniturefeaturec2c,e6607baf2f27fa4b25307bb86cc3e0e9605fb0cc1418a9fcb5216e412f104ee2,e6607baf2f27fa4b25307bb86cc3e0e9605fb0cc1418a9fcb5216e412f104ee2,Goods,HL-Furniture,md58_16,16,current 10 full runs,2.0,2.0,1.0,3.0,2.9,1.0,2.0,1.7,1.0,2.0,1.9,1.0,2.0,2.1,1.0,2.0,2.3,1.0,3.0,3.0,1.0,2.0,2.0,1.0,4.0,4.0,1.0,1.0,1.0,1.0,1.0,1.0,1.0,1.0,1.0,1.0,1.0,1.0,1.0,2.0,2.1,1.0,1.0,1.0,1.0,2.0,2.0,1.0,1.0,1.0,1.0,3.0,3.0,1.0,1.0,3.0,1.299350324837581,0.0256410256410256,0.9743589743589745,0.2692307692307692,0.0384615384615384,0.0,0.2,2.0,2.9,1.7,1.9,2.1,2.3,3.0,2.0,4.0,1.0,1.0,1.0,1.0,2.1,1.0,2.0,1.9,1.0,2.3,2.9,1.0,3.0,20.0,0.3157742170479303,0.1798240808313396,0.2258569686650339,0.0513479847494553,0.0231301436488281,0.0308253804102763,0.1100751633986928,0.2188955882352943,0.1282051282051282,0.1025641025641025,0.1000644970951343,0.1939115586251402,0.0612375181554103,0.2497761845588684,5.6918134689331055,0.0,2.5636510848999023,,3.0,1.0,2.0,2.0,3.0,0.0,4,4,0.0,0.0,1.0,2.0,1.0,20.0,2.0,5.0,4.0,3.0,5.0,3.0,25.0,3.0,15.0,5.0,5.0,1.0,0.0,0.0,0.0,1.0,0.0,0.0,0.0,1.0,0.0,1.0,0.0,0.0
md58_16,pretest_md58,Avito_Goods_gc-24-10-HL-Furniture-Feature-C2C,video filename; not an independently verified brief,Avito_Goods_gc-24-10-HL-Furniture-Feature-C2C.mp4,/Users/asekorneev/Desktop/Creatives_validation/Avito_Goods_gc-24-10-HL-Furniture-Feature-C2C.mp4,/Users/asekorneev/outputs/message_delivery_features_20260819/prepared_media/avitogoodsgc2410hlfurniturefeaturec2c.mp4,True,Avito,16,train,0.2,0.2,0,0,7.0,0.0,0.1487,0.29,/Users/asekorneev/outputs/aipm3_value_context_20260914/sources/promiser_comparison/combo_input.csv,current_saved_target,35.0,Existing OPM / existing message fraction,False,/Users/asekorneev/outputs/aipm_stability_20260919/human_quality_20260920/targets.csv,/Users/asekorneev/outputs/message_delivery_features_20260819/video_manifest.csv,e6607baf2f27fa4b25307bb86cc3e0e9605fb0cc1418a9fcb5216e412f104ee2,avitogoodsgc2410hlfurniturefeaturec2c,e6607baf2f27fa4b25307bb86cc3e0e9605fb0cc1418a9fcb5216e412f104ee2,e6607baf2f27fa4b25307bb86cc3e0e9605fb0cc1418a9fcb5216e412f104ee2,Goods,HL-Furniture,md58_16,16,current 10 full runs,2.0,2.0,1.0,3.0,2.9,1.0,2.0,1.8,1.0,2.0,2.0,1.0,2.0,2.3,1.0,2.0,2.2,1.0,3.0,3.0,1.0,2.0,2.0,1.0,4.0,4.0,1.0,1.0,1.0,1.0,1.0,1.0,1.0,1.0,1.0,1.0,1.0,1.0,1.0,2.0,2.1,1.0,1.0,1.0,1.0,2.0,2.0,1.0,1.0,1.0,1.0,3.0,3.0,1.0,1.0,3.0,1.299350324837581,0.0769230769230769,0.9230769230769232,0.4230769230769231,0.1794871794871795,0.1794871794871795,0.2,2.0,2.9,1.8,2.0,2.3,2.2,3.0,2.0,4.0,1.0,1.0,1.0,1.0,2.1,1.0,2.0,1.9,1.0,2.1,2.9,1.0,3.0,20.0,0.3157742170479303,0.1798240808313396,0.2258569686650339,0.0513479847494553,0.0231301436488281,0.0308253804102763,0.1100751633986928,0.2188955882352943,0.1282051282051282,0.1025641025641025,0.1000644970951343,0.1939115586251402,0.0612375181554103,0.2497761845588684,5.6918134689331055,0.0,2.5636510848999023,,3.0,1.0,2.0,2.0,3.0,0.0,5,5,0.0,0.0,1.0,2.0,1.0,20.0,2.0,5.0,4.0,3.0,5.0,3.0,25.0,0.0,15.0,5.0,5.0,1.0,0.0,0.0,1.0,1.0,0.0,0.0,0.0,1.0,0.0,1.0,0.0,0.0
md58_16,pretest_md58,Avito_Goods_gc-24-10-HL-Furniture-Feature-C2C,video filename; not an independently verified brief,Avito_Goods_gc-24-10-HL-Furniture-Feature-C2C.mp4,/Users/asekorneev/Desktop/Creatives_validation/Avito_Goods_gc-24-10-HL-Furniture-Feature-C2C.mp4,/Users/asekorneev/outputs/message_delivery_features_20260819/prepared_media/avitogoodsgc2410hlfurniturefeaturec2c.mp4,True,Avito,16,train,0.2,0.2,0,0,7.0,0.0,0.1487,0.29,/Users/asekorneev/outputs/aipm3_value_context_20260914/sources/promiser_comparison/combo_input.csv,current_saved_target,35.0,Existing OPM / existing message fraction,False,/Users/asekorneev/outputs/aipm_stability_20260919/human_quality_20260920/targets.csv,/Users/asekorneev/outputs/message_delivery_features_20260819/video_manifest.csv,e6607baf2f27fa4b25307bb86cc3e0e9605fb0cc1418a9fcb5216e412f104ee2,avitogoodsgc2410hlfurniturefeaturec2c,e6607baf2f27fa4b25307bb86cc3e0e9605fb0cc1418a9fcb5216e412f104ee2,e6607baf2f27fa4b25307bb86cc3e0e9605fb0cc1418a9fcb5216e412f104ee2,Goods,HL-Furniture,md58_16,16,current 10 full runs,2.0,2.0,1.0,3.0,3.0,1.0,2.0,1.7,1.0,2.0,2.0,1.0,2.0,2.2666666666666666,0.9666666666666666,2.0,2.3,1.0,3.0,3.0,1.0,2.0,2.0,1.0,4.0,4.0,1.0,1.0,1.0,1.0,1.0,1.0,1.0,1.0,1.0,1.0,1.0,1.0,1.0,2.0,2.1,1.0,1.0,1.0,1.0,2.0,2.0,1.0,1.0,1.0,1.0,3.0,3.0,1.0,1.0,3.0,1.299350324837581,0.0769230769230769,0.9230769230769232,0.4230769230769231,0.1794871794871795,0.1794871794871795,0.2,2.0,3.0,1.7,2.0,2.2666666666666666,2.3,3.0,2.0,4.0,1.0,1.0,1.0,1.0,2.1,1.0,2.0,1.9,1.0,2.2,3.0,1.0,3.0,20.0,0.3157742170479303,0.1798240808313396,0.2258569686650339,0.0513479847494553,0.0231301436488281,0.0308253804102763,0.1100751633986928,0.2188955882352943,0.1282051282051282,0.1025641025641025,0.1000644970951343,0.1939115586251402,0.0612375181554103,0.2497761845588684,5.6918134689331055,0.0,2.5636510848999023,,3.0,1.0,2.0,2.0,3.0,0.0,6,6,0.0,0.0,1.0,2.0,1.0,20.0,2.0,5.0,4.0,3.0,5.0,3.0,25.0,2.0,15.0,5.0,5.0,1.0,0.0,0.0,0.0,1.0,0.0,0.0,0.0,1.0,0.0,1.0,0.0,0.0
md58_16,pretest_md58,Avito_Goods_gc-24-10-HL-Furniture-Feature-C2C,video filename; not an independently verified brief,Avito_Goods_gc-24-10-HL-Furniture-Feature-C2C.mp4,/Users/asekorneev/Desktop/Creatives_validation/Avito_Goods_gc-24-10-HL-Furniture-Feature-C2C.mp4,/Users/asekorneev/outputs/message_delivery_features_20260819/prepared_media/avitogoodsgc2410hlfurniturefeaturec2c.mp4,True,Avito,16,train,0.2,0.2,0,0,7.0,0.0,0.1487,0.29,/Users/asekorneev/outputs/aipm3_value_context_20260914/sources/promiser_comparison/combo_input.csv,current_saved_target,35.0,Existing OPM / existing message fraction,False,/Users/asekorneev/outputs/aipm_stability_20260919/human_quality_20260920/targets.csv,/Users/asekorneev/outputs/message_delivery_features_20260819/video_manifest.csv,e6607baf2f27fa4b25307bb86cc3e0e9605fb0cc1418a9fcb5216e412f104ee2,avitogoodsgc2410hlfurniturefeaturec2c,e6607baf2f27fa4b25307bb86cc3e0e9605fb0cc1418a9fcb5216e412f104ee2,e6607baf2f27fa4b25307bb86cc3e0e9605fb0cc1418a9fcb5216e412f104ee2,Goods,HL-Furniture,md58_16,16,current 10 full runs,2.0,2.0,1.0,3.0,2.9,1.0,2.0,1.8,1.0,2.0,2.0,1.0,2.0,2.2,1.0,2.0,2.2,1.0,3.0,3.0,1.0,2.0,2.0,1.0,4.0,4.0,1.0,1.0,1.0,1.0,1.0,1.0,1.0,1.0,1.0,1.0,1.0,1.0,1.0,2.0,2.1,1.0,1.0,1.0,1.0,2.0,2.0,1.0,1.0,1.0,1.0,3.0,3.0,1.0,1.0,3.0,1.299350324837581,0.0512820512820512,0.9487179487179488,0.5,0.2564102564102564,0.1282051282051282,0.2,2.0,2.9,1.8,2.0,2.2,2.2,3.0,2.0,4.0,1.0,1.0,1.0,1.0,2.1,1.0,2.0,1.9,1.0,2.2,2.9,1.0,3.0,20.0,0.3157742170479303,0.1798240808313396,0.2258569686650339,0.0513479847494553,0.0231301436488281,0.0308253804102763,0.1100751633986928,0.2188955882352943,0.1282051282051282,0.1025641025641025,0.1000644970951343,0.1939115586251402,0.0612375181554103,0.2497761845588684,5.6918134689331055,0.0,2.5636510848999023,,3.0,1.0,2.0,2.0,3.0,0.0,7,7,0.0,0.0,1.0,2.0,1.0,20.0,2.0,5.0,4.0,3.0,4.0,3.0,25.0,1.0,15.0,5.0,5.0,1.0,0.0,0.0,1.0,1.0,0.0,0.0,0.0,1.0,0.0,1.0,0.0,0.0
md58_16,pretest_md58,Avito_Goods_gc-24-10-HL-Furniture-Feature-C2C,video filename; not an independently verified brief,Avito_Goods_gc-24-10-HL-Furniture-Feature-C2C.mp4,/Users/asekorneev/Desktop/Creatives_validation/Avito_Goods_gc-24-10-HL-Furniture-Feature-C2C.mp4,/Users/asekorneev/outputs/message_delivery_features_20260819/prepared_media/avitogoodsgc2410hlfurniturefeaturec2c.mp4,True,Avito,16,train,0.2,0.2,0,0,7.0,0.0,0.1487,0.29,/Users/asekorneev/outputs/aipm3_value_context_20260914/sources/promiser_comparison/combo_input.csv,current_saved_target,35.0,Existing OPM / existing message fraction,False,/Users/asekorneev/outputs/aipm_stability_20260919/human_quality_20260920/targets.csv,/Users/asekorneev/outputs/message_delivery_features_20260819/video_manifest.csv,e6607baf2f27fa4b25307bb86cc3e0e9605fb0cc1418a9fcb5216e412f104ee2,avitogoodsgc2410hlfurniturefeaturec2c,e6607baf2f27fa4b25307bb86cc3e0e9605fb0cc1418a9fcb5216e412f104ee2,e6607baf2f27fa4b25307bb86cc3e0e9605fb0cc1418a9fcb5216e412f104ee2,Goods,HL-Furniture,md58_16,16,current 10 full runs,2.0,2.033333333333333,0.9666666666666666,3.0,2.8666666666666667,0.9666666666666666,2.0,1.6666666666666667,0.9666666666666666,2.0,1.9666666666666663,0.9666666666666666,2.0,2.2333333333333334,0.9666666666666666,2.0,2.3333333333333335,0.9666666666666666,3.0,3.0,1.0,2.0,2.033333333333333,0.9666666666666666,4.0,3.966666666666667,0.9666666666666666,1.0,1.0,1.0,1.0,1.0,1.0,1.0,0.9666666666666668,0.9666666666666666,1.0,1.0333333333333334,0.9666666666666666,2.0,2.1,1.0,1.0,0.9666666666666668,0.9666666666666666,2.0,1.9666666666666663,0.9666666666666666,1.0,1.0,1.0,3.0,3.0,1.0,1.0,3.0,1.299350324837581,0.0512820512820512,0.9487179487179488,0.4230769230769231,0.1666666666666666,0.1538461538461538,0.2,2.033333333333333,2.8666666666666667,1.6666666666666667,1.9666666666666663,2.2333333333333334,2.3333333333333335,3.0,2.033333333333333,3.966666666666667,1.0,1.0,0.9666666666666668,1.0333333333333334,2.1,0.9666666666666668,1.9666666666666663,1.8333333333333333,1.0333333333333334,2.2333333333333334,2.8666666666666667,1.0,3.0,20.0,0.3157742170479303,0.1798240808313396,0.2258569686650339,0.0513479847494553,0.0231301436488281,0.0308253804102763,0.1100751633986928,0.2188955882352943,0.1282051282051282,0.1025641025641025,0.1000644970951343,0.1939115586251402,0.0612375181554103,0.2497761845588684,5.6918134689331055,0.0,2.5636510848999023,,3.0,1.0,2.0,2.0,3.0,0.0,8,8,0.0,0.0,1.0,2.0,1.0,20.0,2.0,5.0,4.0,3.0,5.0,3.0,25.0,0.0,15.0,5.0,5.0,1.0,0.0,0.0,1.0,1.0,0.0,0.0,0.0,1.0,0.0,1.0,0.0,0.0
md58_16,pretest_md58,Avito_Goods_gc-24-10-HL-Furniture-Feature-C2C,video filename; not an independently verified brief,Avito_Goods_gc-24-10-HL-Furniture-Feature-C2C.mp4,/Users/asekorneev/Desktop/Creatives_validation/Avito_Goods_gc-24-10-HL-Furniture-Feature-C2C.mp4,/Users/asekorneev/outputs/message_delivery_features_20260819/prepared_media/avitogoodsgc2410hlfurniturefeaturec2c.mp4,True,Avito,16,train,0.2,0.2,0,0,7.0,0.0,0.1487,0.29,/Users/asekorneev/outputs/aipm3_value_context_20260914/sources/promiser_comparison/combo_input.csv,current_saved_target,35.0,Existing OPM / existing message fraction,False,/Users/asekorneev/outputs/aipm_stability_20260919/human_quality_20260920/targets.csv,/Users/asekorneev/outputs/message_delivery_features_20260819/video_manifest.csv,e6607baf2f27fa4b25307bb86cc3e0e9605fb0cc1418a9fcb5216e412f104ee2,avitogoodsgc2410hlfurniturefeaturec2c,e6607baf2f27fa4b25307bb86cc3e0e9605fb0cc1418a9fcb5216e412f104ee2,e6607baf2f27fa4b25307bb86cc3e0e9605fb0cc1418a9fcb5216e412f104ee2,Goods,HL-Furniture,md58_16,16,current 10 full runs,2.0,2.0,1.0,3.0,3.0,1.0,2.0,1.5,1.0,2.0,2.0,1.0,2.0,2.2,1.0,3.0,2.5,1.0,3.0,3.0,1.0,2.0,2.0,1.0,4.0,4.0,1.0,1.0,1.0,1.0,1.0,1.0,1.0,1.0,1.0,1.0,1.0,1.0,1.0,2.0,2.1,1.0,1.0,1.0,1.0,2.0,2.0,1.0,1.0,1.0,1.0,3.0,3.0,1.0,1.0,3.0,1.299350324837581,0.0512820512820512,0.9487179487179488,0.2692307692307692,0.1538461538461538,0.1794871794871795,0.2,2.0,3.0,1.5,2.0,2.2,2.5,3.0,2.0,4.0,1.0,1.0,1.0,1.0,2.1,1.0,2.0,1.9,1.0,2.3,3.0,1.0,3.0,20.0,0.3157742170479303,0.1798240808313396,0.2258569686650339,0.0513479847494553,0.0231301436488281,0.0308253804102763,0.1100751633986928,0.2188955882352943,0.1282051282051282,0.1025641025641025,0.1000644970951343,0.1939115586251402,0.0612375181554103,0.2497761845588684,5.6918134689331055,0.0,2.5636510848999023,,3.0,1.0,2.0,2.0,3.0,0.0,9,9,0.0,0.0,1.0,2.0,1.0,20.0,2.0,5.0,4.0,3.0,4.0,3.0,25.0,1.0,15.0,5.0,5.0,1.0,0.0,0.0,1.0,1.0,0.0,0.0,0.0,1.0,0.0,1.0,1.0,0.0
md58_16,pretest_md58,Avito_Goods_gc-24-10-HL-Furniture-Feature-C2C,video filename; not an independently verified brief,Avito_Goods_gc-24-10-HL-Furniture-Feature-C2C.mp4,/Users/asekorneev/Desktop/Creatives_validation/Avito_Goods_gc-24-10-HL-Furniture-Feature-C2C.mp4,/Users/asekorneev/outputs/message_delivery_features_20260819/prepared_media/avitogoodsgc2410hlfurniturefeaturec2c.mp4,True,Avito,16,train,0.2,0.2,0,0,7.0,0.0,0.1487,0.29,/Users/asekorneev/outputs/aipm3_value_context_20260914/sources/promiser_comparison/combo_input.csv,current_saved_target,35.0,Existing OPM / existing message fraction,False,/Users/asekorneev/outputs/aipm_stability_20260919/human_quality_20260920/targets.csv,/Users/asekorneev/outputs/message_delivery_features_20260819/video_manifest.csv,e6607baf2f27fa4b25307bb86cc3e0e9605fb0cc1418a9fcb5216e412f104ee2,avitogoodsgc2410hlfurniturefeaturec2c,e6607baf2f27fa4b25307bb86cc3e0e9605fb0cc1418a9fcb5216e412f104ee2,e6607baf2f27fa4b25307bb86cc3e0e9605fb0cc1418a9fcb5216e412f104ee2,Goods,HL-Furniture,md58_16,16,current 10 full runs,2.0,2.0,1.0,3.0,2.9,1.0,2.0,1.8,1.0,2.0,2.0,1.0,2.0,2.1,1.0,2.0,2.2,1.0,3.0,3.0,1.0,2.0,2.0,1.0,4.0,4.0,1.0,1.0,1.0,1.0,1.0,1.0,1.0,1.0,1.0,1.0,1.0,1.0,1.0,2.0,2.2,1.0,1.0,1.0,1.0,2.0,2.0,1.0,1.0,1.0,1.0,3.0,3.0,1.0,1.0,3.0,1.299350324837581,0.0769230769230769,0.9230769230769232,0.4230769230769231,0.1666666666666666,0.2051282051282051,0.2,2.0,2.9,1.8,2.0,2.1,2.2,3.0,2.0,4.0,1.0,1.0,1.0,1.0,2.2,1.0,2.0,1.9,1.0,2.2,2.9,1.0,3.0,20.0,0.3157742170479303,0.1798240808313396,0.2258569686650339,0.0513479847494553,0.0231301436488281,0.0308253804102763,0.1100751633986928,0.2188955882352943,0.1282051282051282,0.1025641025641025,0.1000644970951343,0.1939115586251402,0.0612375181554103,0.2497761845588684,5.6918134689331055,0.0,2.5636510848999023,,3.0,1.0,2.0,2.0,3.0,0.0,10,10,0.0,0.0,1.0,2.0,1.0,20.0,2.0,5.0,4.0,3.0,4.0,3.0,25.0,2.0,15.0,5.0,5.0,1.0,0.0,0.0,0.0,1.0,0.0,0.0,0.0,1.0,0.0,1.0,1.0,0.0
md58_17,pretest_md58,Avito_Goods_gc-24-10-SP-WinterTires-T1-2C,brief column,Avito_Goods_gc-24-10-SP-WinterTires-T1-2C.mp4,/Users/asekorneev/Desktop/Creatives_validation/Avito_Goods_gc-24-10-SP-WinterTires-T1-2C.mp4,/Users/asekorneev/outputs/message_delivery_features_20260819/prepared_media/avitogoodsgc2410spwintertirest12c.mp4,True,Avito,17,train,0.21,0.21,1,1,8.0,0.0,0.3923,0.51,/Users/asekorneev/outputs/aipm3_value_context_20260914/sources/promiser_comparison/combo_input.csv,current_saved_target,38.095238095238095,Existing OPM / existing message fraction,False,/Users/asekorneev/outputs/aipm_stability_20260919/human_quality_20260920/targets.csv,/Users/asekorneev/outputs/message_delivery_features_20260819/video_manifest.csv,20101d0aa6466cb934c69b83906e245d1f4bcd9a27855f0b7ef8397c0ee7b89a,avitogoodsgc2410spwintertirest12c,20101d0aa6466cb934c69b83906e245d1f4bcd9a27855f0b7ef8397c0ee7b89a,20101d0aa6466cb934c69b83906e245d1f4bcd9a27855f0b7ef8397c0ee7b89a,Goods,SP-Tires,md58_17,17,current 10 full runs,3.0,3.0,1.0,3.0,3.0,1.0,2.0,2.0,1.0,1.0,1.1,1.0,1.0,1.2,1.0,2.0,2.0,1.0,3.0,3.0,1.0,2.0,2.0,1.0,3.0,3.0,1.0,1.0,1.0,1.0,0.0,0.0,1.0,0.0,0.0,1.0,0.0,0.0,1.0,2.0,2.0,1.0,0.0,0.0,1.0,2.0,2.0,1.0,1.0,1.0,1.0,3.0,3.0,1.0,1.0,3.0,1.249375312343828,0.0256410256410256,0.9743589743589745,0.2692307692307692,0.0897435897435897,0.0512820512820512,0.21,3.0,3.0,2.0,1.1,1.2,2.0,3.0,2.0,3.0,1.0,0.0,0.0,0.0,2.0,0.0,2.0,2.0,1.0,3.0,3.0,1.0,3.0,20.0,0.4216474037763254,0.1033685076231202,0.2247512886885048,0.0731871936274509,0.0157459239758732,0.0436783376191507,0.1293919241010744,0.2159719680464779,0.2307692307692307,0.0769230769230769,0.1600052801984991,0.1869976706688567,0.0832406953522149,0.168816477060318,15.164466857910156,0.01,6.584327220916748,,2.0,0.0,1.0,1.0,3.0,0.0,1,1,1.0,0.0,1.0,2.0,1.0,20.0,2.0,3.0,2.0,1.0,6.0,2.0,20.0,5.0,10.0,3.0,5.0,1.0,0.0,0.0,0.0,1.0,0.0,0.0,0.0,1.0,0.0,1.0,1.0,0.0
md58_17,pretest_md58,Avito_Goods_gc-24-10-SP-WinterTires-T1-2C,brief column,Avito_Goods_gc-24-10-SP-WinterTires-T1-2C.mp4,/Users/asekorneev/Desktop/Creatives_validation/Avito_Goods_gc-24-10-SP-WinterTires-T1-2C.mp4,/Users/asekorneev/outputs/message_delivery_features_20260819/prepared_media/avitogoodsgc2410spwintertirest12c.mp4,True,Avito,17,train,0.21,0.21,1,1,8.0,0.0,0.3923,0.51,/Users/asekorneev/outputs/aipm3_value_context_20260914/sources/promiser_comparison/combo_input.csv,current_saved_target,38.095238095238095,Existing OPM / existing message fraction,False,/Users/asekorneev/outputs/aipm_stability_20260919/human_quality_20260920/targets.csv,/Users/asekorneev/outputs/message_delivery_features_20260819/video_manifest.csv,20101d0aa6466cb934c69b83906e245d1f4bcd9a27855f0b7ef8397c0ee7b89a,avitogoodsgc2410spwintertirest12c,20101d0aa6466cb934c69b83906e245d1f4bcd9a27855f0b7ef8397c0ee7b89a,20101d0aa6466cb934c69b83906e245d1f4bcd9a27855f0b7ef8397c0ee7b89a,Goods,SP-Tires,md58_17,17,current 10 full runs,3.0,3.0,1.0,3.0,3.0,1.0,2.0,2.0,1.0,1.0,1.0,1.0,1.0,1.1,0.9333333333333332,2.0,2.0,1.0,3.0,3.0,1.0,2.0,2.0,1.0,3.0,3.066666666666667,0.9666666666666666,1.0,1.0,1.0,0.0,0.0,1.0,0.0,0.0,1.0,0.0,0.0,1.0,2.0,2.0,1.0,0.0,0.0,1.0,2.0,2.0,1.0,1.0,1.0,1.0,3.0,3.0,1.0,1.0,3.0,1.249375312343828,0.0512820512820512,0.9487179487179488,0.2692307692307692,0.1025641025641025,0.0256410256410256,0.21,3.0,3.0,2.0,1.0,1.1,2.0,3.0,2.0,3.066666666666667,1.0,0.0,0.0,0.0,2.0,0.0,2.0,2.0,1.0,3.0,3.0,1.0,3.0,20.0,0.4216474037763254,0.1033685076231202,0.2247512886885048,0.0731871936274509,0.0157459239758732,0.0436783376191507,0.1293919241010744,0.2159719680464779,0.2307692307692307,0.0769230769230769,0.1600052801984991,0.1869976706688567,0.0832406953522149,0.168816477060318,15.164466857910156,0.01,6.584327220916748,,2.0,1.0,1.0,1.0,3.0,0.0,2,2,1.0,0.0,1.0,3.0,1.0,20.0,2.0,3.0,1.0,1.0,5.0,2.0,20.0,5.0,10.0,3.0,5.0,1.0,0.0,0.0,0.0,1.0,0.0,0.0,0.0,1.0,0.0,1.0,1.0,0.0
md58_17,pretest_md58,Avito_Goods_gc-24-10-SP-WinterTires-T1-2C,brief column,Avito_Goods_gc-24-10-SP-WinterTires-T1-2C.mp4,/Users/asekorneev/Desktop/Creatives_validation/Avito_Goods_gc-24-10-SP-WinterTires-T1-2C.mp4,/Users/asekorneev/outputs/message_delivery_features_20260819/prepared_media/avitogoodsgc2410spwintertirest12c.mp4,True,Avito,17,train,0.21,0.21,1,1,8.0,0.0,0.3923,0.51,/Users/asekorneev/outputs/aipm3_value_context_20260914/sources/promiser_comparison/combo_input.csv,current_saved_target,38.095238095238095,Existing OPM / existing message fraction,False,/Users/asekorneev/outputs/aipm_stability_20260919/human_quality_20260920/targets.csv,/Users/asekorneev/outputs/message_delivery_features_20260819/video_manifest.csv,20101d0aa6466cb934c69b83906e245d1f4bcd9a27855f0b7ef8397c0ee7b89a,avitogoodsgc2410spwintertirest12c,20101d0aa6466cb934c69b83906e245d1f4bcd9a27855f0b7ef8397c0ee7b89a,20101d0aa6466cb934c69b83906e245d1f4bcd9a27855f0b7ef8397c0ee7b89a,Goods,SP-Tires,md58_17,17,current 10 full runs,3.0,3.0,1.0,3.0,3.0,1.0,2.0,2.0,1.0,1.0,1.1666666666666667,0.9666666666666666,1.0,1.1666666666666667,0.9666666666666666,2.0,2.0,1.0,3.0,3.0,1.0,2.0,2.0,1.0,3.0,3.3,1.0,1.0,1.0,1.0,0.0,0.0,1.0,0.0,0.0,1.0,0.0,0.0,1.0,2.0,2.0,1.0,0.0,0.0,1.0,2.0,2.0,1.0,1.0,1.0,1.0,3.0,3.0,1.0,1.0,3.0,1.249375312343828,0.0256410256410256,0.9743589743589745,0.2692307692307692,0.0897435897435897,0.0512820512820512,0.21,3.0,3.0,2.0,1.1666666666666667,1.1666666666666667,2.0,3.0,2.0,3.3,1.0,0.0,0.0,0.0,2.0,0.0,2.0,2.0,1.0,3.0,3.0,1.0,3.0,20.0,0.4216474037763254,0.1033685076231202,0.2247512886885048,0.0731871936274509,0.0157459239758732,0.0436783376191507,0.1293919241010744,0.2159719680464779,0.2307692307692307,0.0769230769230769,0.1600052801984991,0.1869976706688567,0.0832406953522149,0.168816477060318,15.164466857910156,0.01,6.584327220916748,,2.0,0.0,1.0,1.0,3.0,0.0,3,3,1.0,0.0,1.0,3.0,1.0,20.0,2.0,3.0,1.0,1.0,5.0,2.0,20.0,5.0,10.0,3.0,5.0,1.0,0.0,0.0,0.0,1.0,0.0,0.0,0.0,1.0,0.0,1.0,1.0,0.0
md58_17,pretest_md58,Avito_Goods_gc-24-10-SP-WinterTires-T1-2C,brief column,Avito_Goods_gc-24-10-SP-WinterTires-T1-2C.mp4,/Users/asekorneev/Desktop/Creatives_validation/Avito_Goods_gc-24-10-SP-WinterTires-T1-2C.mp4,/Users/asekorneev/outputs/message_delivery_features_20260819/prepared_media/avitogoodsgc2410spwintertirest12c.mp4,True,Avito,17,train,0.21,0.21,1,1,8.0,0.0,0.3923,0.51,/Users/asekorneev/outputs/aipm3_value_context_20260914/sources/promiser_comparison/combo_input.csv,current_saved_target,38.095238095238095,Existing OPM / existing message fraction,False,/Users/asekorneev/outputs/aipm_stability_20260919/human_quality_20260920/targets.csv,/Users/asekorneev/outputs/message_delivery_features_20260819/video_manifest.csv,20101d0aa6466cb934c69b83906e245d1f4bcd9a27855f0b7ef8397c0ee7b89a,avitogoodsgc2410spwintertirest12c,20101d0aa6466cb934c69b83906e245d1f4bcd9a27855f0b7ef8397c0ee7b89a,20101d0aa6466cb934c69b83906e245d1f4bcd9a27855f0b7ef8397c0ee7b89a,Goods,SP-Tires,md58_17,17,current 10 full runs,3.0,3.0,1.0,3.0,3.0,1.0,2.0,2.0,1.0,1.0,1.1,1.0,1.0,1.2,1.0,2.0,2.0,1.0,3.0,3.0,1.0,2.0,2.0,1.0,3.0,3.1,1.0,1.0,1.0,1.0,0.0,0.0,1.0,0.0,0.0,1.0,0.0,0.2,1.0,2.0,2.0,1.0,0.0,0.0,1.0,2.0,2.0,1.0,1.0,1.0,1.0,3.0,3.0,1.0,1.0,3.0,1.249375312343828,0.0256410256410256,0.9743589743589745,0.2692307692307692,0.1153846153846153,0.0512820512820512,0.21,3.0,3.0,2.0,1.1,1.2,2.0,3.0,2.0,3.1,1.0,0.0,0.0,0.2,2.0,0.0,2.0,2.0,1.0,3.0,3.0,1.0,3.0,20.0,0.4216474037763254,0.1033685076231202,0.2247512886885048,0.0731871936274509,0.0157459239758732,0.0436783376191507,0.1293919241010744,0.2159719680464779,0.2307692307692307,0.0769230769230769,0.1600052801984991,0.1869976706688567,0.0832406953522149,0.168816477060318,15.164466857910156,0.01,6.584327220916748,,2.0,0.0,1.0,1.0,3.0,0.0,4,4,1.0,0.0,1.0,3.0,1.0,20.0,2.0,3.0,2.0,1.0,6.0,2.0,20.0,5.0,10.0,3.0,5.0,0.0,0.0,0.0,0.0,1.0,0.0,0.0,0.0,1.0,0.0,1.0,1.0,0.0
md58_17,pretest_md58,Avito_Goods_gc-24-10-SP-WinterTires-T1-2C,brief column,Avito_Goods_gc-24-10-SP-WinterTires-T1-2C.mp4,/Users/asekorneev/Desktop/Creatives_validation/Avito_Goods_gc-24-10-SP-WinterTires-T1-2C.mp4,/Users/asekorneev/outputs/message_delivery_features_20260819/prepared_media/avitogoodsgc2410spwintertirest12c.mp4,True,Avito,17,train,0.21,0.21,1,1,8.0,0.0,0.3923,0.51,/Users/asekorneev/outputs/aipm3_value_context_20260914/sources/promiser_comparison/combo_input.csv,current_saved_target,38.095238095238095,Existing OPM / existing message fraction,False,/Users/asekorneev/outputs/aipm_stability_20260919/human_quality_20260920/targets.csv,/Users/asekorneev/outputs/message_delivery_features_20260819/video_manifest.csv,20101d0aa6466cb934c69b83906e245d1f4bcd9a27855f0b7ef8397c0ee7b89a,avitogoodsgc2410spwintertirest12c,20101d0aa6466cb934c69b83906e245d1f4bcd9a27855f0b7ef8397c0ee7b89a,20101d0aa6466cb934c69b83906e245d1f4bcd9a27855f0b7ef8397c0ee7b89a,Goods,SP-Tires,md58_17,17,current 10 full runs,3.0,3.0,1.0,3.0,3.0,1.0,2.0,2.0,1.0,1.0,1.0,1.0,1.0,1.1,1.0,2.0,2.0,1.0,3.0,3.0,1.0,2.0,2.0,1.0,3.0,3.1,1.0,1.0,1.0,1.0,0.0,0.0,1.0,0.0,0.0,1.0,0.0,0.0,1.0,2.0,2.0,1.0,0.0,0.0,1.0,2.0,2.0,1.0,1.0,1.0,1.0,3.0,3.0,1.0,1.0,3.0,1.249375312343828,0.0512820512820512,0.9487179487179488,0.2692307692307692,0.1153846153846153,0.0512820512820512,0.21,3.0,3.0,2.0,1.0,1.1,2.0,3.0,2.0,3.1,1.0,0.0,0.0,0.0,2.0,0.0,2.0,2.0,1.0,3.0,3.0,1.0,3.0,20.0,0.4216474037763254,0.1033685076231202,0.2247512886885048,0.0731871936274509,0.0157459239758732,0.0436783376191507,0.1293919241010744,0.2159719680464779,0.2307692307692307,0.0769230769230769,0.1600052801984991,0.1869976706688567,0.0832406953522149,0.168816477060318,15.164466857910156,0.01,6.584327220916748,,2.0,0.0,1.0,1.0,3.0,0.0,5,5,1.0,0.0,1.0,3.0,1.0,20.0,2.0,3.0,1.0,1.0,5.0,2.0,20.0,5.0,10.0,3.0,5.0,1.0,0.0,0.0,0.0,1.0,0.0,0.0,0.0,1.0,0.0,1.0,1.0,0.0
md58_17,pretest_md58,Avito_Goods_gc-24-10-SP-WinterTires-T1-2C,brief column,Avito_Goods_gc-24-10-SP-WinterTires-T1-2C.mp4,/Users/asekorneev/Desktop/Creatives_validation/Avito_Goods_gc-24-10-SP-WinterTires-T1-2C.mp4,/Users/asekorneev/outputs/message_delivery_features_20260819/prepared_media/avitogoodsgc2410spwintertirest12c.mp4,True,Avito,17,train,0.21,0.21,1,1,8.0,0.0,0.3923,0.51,/Users/asekorneev/outputs/aipm3_value_context_20260914/sources/promiser_comparison/combo_input.csv,current_saved_target,38.095238095238095,Existing OPM / existing message fraction,False,/Users/asekorneev/outputs/aipm_stability_20260919/human_quality_20260920/targets.csv,/Users/asekorneev/outputs/message_delivery_features_20260819/video_manifest.csv,20101d0aa6466cb934c69b83906e245d1f4bcd9a27855f0b7ef8397c0ee7b89a,avitogoodsgc2410spwintertirest12c,20101d0aa6466cb934c69b83906e245d1f4bcd9a27855f0b7ef8397c0ee7b89a,20101d0aa6466cb934c69b83906e245d1f4bcd9a27855f0b7ef8397c0ee7b89a,Goods,SP-Tires,md58_17,17,current 10 full runs,3.0,3.0,1.0,3.0,3.0,1.0,2.0,2.0,1.0,1.0,1.0,1.0,1.0,1.3,1.0,2.0,2.0,1.0,3.0,3.0,1.0,2.0,2.0,1.0,3.0,3.2,1.0,1.0,1.0,1.0,0.0,0.0,1.0,0.0,0.0,1.0,0.0,0.0,1.0,2.0,2.0,1.0,0.0,0.0,1.0,2.0,2.0,1.0,1.0,1.0,1.0,3.0,3.0,1.0,1.0,3.0,1.249375312343828,0.0256410256410256,0.9743589743589745,0.2692307692307692,0.1153846153846153,0.0512820512820512,0.21,3.0,3.0,2.0,1.0,1.3,2.0,3.0,2.0,3.2,1.0,0.0,0.0,0.0,2.0,0.0,2.0,2.0,1.0,3.0,3.0,1.0,3.0,20.0,0.4216474037763254,0.1033685076231202,0.2247512886885048,0.0731871936274509,0.0157459239758732,0.0436783376191507,0.1293919241010744,0.2159719680464779,0.2307692307692307,0.0769230769230769,0.1600052801984991,0.1869976706688567,0.0832406953522149,0.168816477060318,15.164466857910156,0.01,6.584327220916748,,3.0,0.0,1.0,1.0,3.0,0.0,6,6,1.0,0.0,1.0,2.0,1.0,20.0,2.0,3.0,2.0,1.0,5.0,2.0,20.0,5.0,15.0,3.0,5.0,1.0,0.0,1.0,0.0,1.0,0.0,0.0,0.0,1.0,0.0,1.0,1.0,0.0
md58_17,pretest_md58,Avito_Goods_gc-24-10-SP-WinterTires-T1-2C,brief column,Avito_Goods_gc-24-10-SP-WinterTires-T1-2C.mp4,/Users/asekorneev/Desktop/Creatives_validation/Avito_Goods_gc-24-10-SP-WinterTires-T1-2C.mp4,/Users/asekorneev/outputs/message_delivery_features_20260819/prepared_media/avitogoodsgc2410spwintertirest12c.mp4,True,Avito,17,train,0.21,0.21,1,1,8.0,0.0,0.3923,0.51,/Users/asekorneev/outputs/aipm3_value_context_20260914/sources/promiser_comparison/combo_input.csv,current_saved_target,38.095238095238095,Existing OPM / existing message fraction,False,/Users/asekorneev/outputs/aipm_stability_20260919/human_quality_20260920/targets.csv,/Users/asekorneev/outputs/message_delivery_features_20260819/video_manifest.csv,20101d0aa6466cb934c69b83906e245d1f4bcd9a27855f0b7ef8397c0ee7b89a,avitogoodsgc2410spwintertirest12c,20101d0aa6466cb934c69b83906e245d1f4bcd9a27855f0b7ef8397c0ee7b89a,20101d0aa6466cb934c69b83906e245d1f4bcd9a27855f0b7ef8397c0ee7b89a,Goods,SP-Tires,md58_17,17,current 10 full runs,3.0,3.0,1.0,3.0,3.0,1.0,2.0,2.0,1.0,1.0,1.2,1.0,1.0,1.4,1.0,2.0,2.0,1.0,3.0,3.0,1.0,2.0,2.0,1.0,3.0,3.3,1.0,1.0,1.0,1.0,0.0,0.0,1.0,0.0,0.0,1.0,0.0,0.2,1.0,2.0,2.0,1.0,0.0,0.0,1.0,2.0,2.0,1.0,1.0,1.0,1.0,3.0,3.0,1.0,1.0,3.0,1.249375312343828,0.0,1.0,0.2692307692307692,0.1153846153846153,0.0512820512820512,0.21,3.0,3.0,2.0,1.2,1.4,2.0,3.0,2.0,3.3,1.0,0.0,0.0,0.2,2.0,0.0,2.0,2.0,1.0,3.0,3.0,1.0,3.0,20.0,0.4216474037763254,0.1033685076231202,0.2247512886885048,0.0731871936274509,0.0157459239758732,0.0436783376191507,0.1293919241010744,0.2159719680464779,0.2307692307692307,0.0769230769230769,0.1600052801984991,0.1869976706688567,0.0832406953522149,0.168816477060318,15.164466857910156,0.01,6.584327220916748,,3.0,0.0,1.0,1.0,3.0,0.0,7,7,1.0,0.0,1.0,2.0,1.0,20.0,2.0,3.0,2.0,1.0,5.0,2.0,20.0,5.0,10.0,3.0,5.0,0.0,0.0,0.0,0.0,1.0,0.0,0.0,0.0,1.0,0.0,1.0,1.0,0.0
md58_17,pretest_md58,Avito_Goods_gc-24-10-SP-WinterTires-T1-2C,brief column,Avito_Goods_gc-24-10-SP-WinterTires-T1-2C.mp4,/Users/asekorneev/Desktop/Creatives_validation/Avito_Goods_gc-24-10-SP-WinterTires-T1-2C.mp4,/Users/asekorneev/outputs/message_delivery_features_20260819/prepared_media/avitogoodsgc2410spwintertirest12c.mp4,True,Avito,17,train,0.21,0.21,1,1,8.0,0.0,0.3923,0.51,/Users/asekorneev/outputs/aipm3_value_context_20260914/sources/promiser_comparison/combo_input.csv,current_saved_target,38.095238095238095,Existing OPM / existing message fraction,False,/Users/asekorneev/outputs/aipm_stability_20260919/human_quality_20260920/targets.csv,/Users/asekorneev/outputs/message_delivery_features_20260819/video_manifest.csv,20101d0aa6466cb934c69b83906e245d1f4bcd9a27855f0b7ef8397c0ee7b89a,avitogoodsgc2410spwintertirest12c,20101d0aa6466cb934c69b83906e245d1f4bcd9a27855f0b7ef8397c0ee7b89a,20101d0aa6466cb934c69b83906e245d1f4bcd9a27855f0b7ef8397c0ee7b89a,Goods,SP-Tires,md58_17,17,current 10 full runs,3.0,3.0,1.0,3.0,3.0,1.0,2.0,2.0,1.0,1.0,1.1,1.0,1.0,1.2,1.0,2.0,2.0,1.0,3.0,3.0,1.0,2.0,2.0,1.0,3.0,3.1,1.0,1.0,1.0,1.0,0.0,0.1,1.0,0.0,0.0,1.0,0.0,0.1,1.0,2.0,2.0,1.0,0.0,0.0,1.0,2.0,2.0,1.0,1.0,1.0,1.0,3.0,3.0,1.0,1.0,3.0,1.249375312343828,0.0256410256410256,0.9743589743589745,0.2692307692307692,0.1025641025641025,0.0769230769230769,0.21,3.0,3.0,2.0,1.1,1.2,2.0,3.0,2.0,3.1,1.0,0.1,0.0,0.1,2.0,0.0,2.0,2.0,1.0,3.0,3.0,1.0,3.0,20.0,0.4216474037763254,0.1033685076231202,0.2247512886885048,0.0731871936274509,0.0157459239758732,0.0436783376191507,0.1293919241010744,0.2159719680464779,0.2307692307692307,0.0769230769230769,0.1600052801984991,0.1869976706688567,0.0832406953522149,0.168816477060318,15.164466857910156,0.01,6.584327220916748,,2.0,1.0,1.0,1.0,3.0,0.0,8,8,1.0,0.0,1.0,3.0,1.0,20.0,2.0,3.0,1.0,1.0,6.0,2.0,20.0,5.0,10.0,3.0,5.0,1.0,0.0,0.0,0.0,1.0,0.0,0.0,0.0,1.0,0.0,1.0,1.0,0.0
md58_17,pretest_md58,Avito_Goods_gc-24-10-SP-WinterTires-T1-2C,brief column,Avito_Goods_gc-24-10-SP-WinterTires-T1-2C.mp4,/Users/asekorneev/Desktop/Creatives_validation/Avito_Goods_gc-24-10-SP-WinterTires-T1-2C.mp4,/Users/asekorneev/outputs/message_delivery_features_20260819/prepared_media/avitogoodsgc2410spwintertirest12c.mp4,True,Avito,17,train,0.21,0.21,1,1,8.0,0.0,0.3923,0.51,/Users/asekorneev/outputs/aipm3_value_context_20260914/sources/promiser_comparison/combo_input.csv,current_saved_target,38.095238095238095,Existing OPM / existing message fraction,False,/Users/asekorneev/outputs/aipm_stability_20260919/human_quality_20260920/targets.csv,/Users/asekorneev/outputs/message_delivery_features_20260819/video_manifest.csv,20101d0aa6466cb934c69b83906e245d1f4bcd9a27855f0b7ef8397c0ee7b89a,avitogoodsgc2410spwintertirest12c,20101d0aa6466cb934c69b83906e245d1f4bcd9a27855f0b7ef8397c0ee7b89a,20101d0aa6466cb934c69b83906e245d1f4bcd9a27855f0b7ef8397c0ee7b89a,Goods,SP-Tires,md58_17,17,current 10 full runs,3.0,3.0,1.0,3.0,3.0,1.0,2.0,2.0,1.0,1.0,1.1,1.0,1.0,1.2333333333333334,0.9666666666666666,2.0,2.0,1.0,3.0,3.0,1.0,2.0,2.0,1.0,3.0,3.2,1.0,1.0,1.0,1.0,0.0,0.1,1.0,0.0,0.0,1.0,0.0,0.2666666666666666,0.9666666666666666,2.0,2.0,1.0,0.0,0.0,1.0,2.0,2.0,1.0,1.0,1.0,1.0,3.0,3.0,1.0,1.0,3.0,1.249375312343828,0.0769230769230769,0.9230769230769232,0.2692307692307692,0.0897435897435897,0.0512820512820512,0.21,3.0,3.0,2.0,1.1,1.2333333333333334,2.0,3.0,2.0,3.2,1.0,0.1,0.0,0.2666666666666666,2.0,0.0,2.0,2.0,1.0,3.0,3.0,1.0,3.0,20.0,0.4216474037763254,0.1033685076231202,0.2247512886885048,0.0731871936274509,0.0157459239758732,0.0436783376191507,0.1293919241010744,0.2159719680464779,0.2307692307692307,0.0769230769230769,0.1600052801984991,0.1869976706688567,0.0832406953522149,0.168816477060318,15.164466857910156,0.01,6.584327220916748,,2.0,0.0,1.0,1.0,3.0,0.0,9,9,1.0,0.0,1.0,3.0,1.0,20.0,2.0,3.0,1.0,1.0,6.0,2.0,20.0,5.0,10.0,3.0,5.0,1.0,0.0,0.0,0.0,1.0,0.0,0.0,0.0,1.0,0.0,1.0,1.0,0.0
md58_17,pretest_md58,Avito_Goods_gc-24-10-SP-WinterTires-T1-2C,brief column,Avito_Goods_gc-24-10-SP-WinterTires-T1-2C.mp4,/Users/asekorneev/Desktop/Creatives_validation/Avito_Goods_gc-24-10-SP-WinterTires-T1-2C.mp4,/Users/asekorneev/outputs/message_delivery_features_20260819/prepared_media/avitogoodsgc2410spwintertirest12c.mp4,True,Avito,17,train,0.21,0.21,1,1,8.0,0.0,0.3923,0.51,/Users/asekorneev/outputs/aipm3_value_context_20260914/sources/promiser_comparison/combo_input.csv,current_saved_target,38.095238095238095,Existing OPM / existing message fraction,False,/Users/asekorneev/outputs/aipm_stability_20260919/human_quality_20260920/targets.csv,/Users/asekorneev/outputs/message_delivery_features_20260819/video_manifest.csv,20101d0aa6466cb934c69b83906e245d1f4bcd9a27855f0b7ef8397c0ee7b89a,avitogoodsgc2410spwintertirest12c,20101d0aa6466cb934c69b83906e245d1f4bcd9a27855f0b7ef8397c0ee7b89a,20101d0aa6466cb934c69b83906e245d1f4bcd9a27855f0b7ef8397c0ee7b89a,Goods,SP-Tires,md58_17,17,current 10 full runs,3.0,3.0,1.0,3.0,3.0,1.0,2.0,2.0,1.0,1.0,1.0,1.0,1.0,1.3,1.0,2.0,2.0,1.0,3.0,3.0,1.0,2.0,2.0,1.0,3.0,3.4,1.0,1.0,1.0,1.0,0.0,0.0,1.0,0.0,0.0,1.0,0.0,0.1,1.0,2.0,2.0,1.0,0.0,0.0,1.0,2.0,2.0,1.0,1.0,1.0,1.0,3.0,3.0,1.0,1.0,3.0,1.249375312343828,0.0512820512820512,0.9487179487179488,0.2692307692307692,0.0897435897435897,0.0512820512820512,0.21,3.0,3.0,2.0,1.0,1.3,2.0,3.0,2.0,3.4,1.0,0.0,0.0,0.1,2.0,0.0,2.0,2.0,1.0,3.0,3.0,1.0,3.0,20.0,0.4216474037763254,0.1033685076231202,0.2247512886885048,0.0731871936274509,0.0157459239758732,0.0436783376191507,0.1293919241010744,0.2159719680464779,0.2307692307692307,0.0769230769230769,0.1600052801984991,0.1869976706688567,0.0832406953522149,0.168816477060318,15.164466857910156,0.01,6.584327220916748,,2.0,1.0,1.0,1.0,3.0,0.0,10,10,1.0,0.0,1.0,3.0,1.0,20.0,2.0,3.0,2.0,1.0,5.0,2.0,20.0,5.0,10.0,3.0,5.0,1.0,0.0,0.0,0.0,1.0,0.0,0.0,0.0,1.0,0.0,1.0,1.0,0.0
md58_18,pretest_md58,Avito_Goods_gc-24-11-СС-November-BIG-SALE-T1,video filename; not an independently verified brief,Avito_Goods_gc-24-11-СС-November-BIG-SALE-T1.mp4,/Users/asekorneev/Desktop/Creatives_validation/Avito_Goods_gc-24-11-СС-November-BIG-SALE-T1.mp4,/Users/asekorneev/outputs/message_delivery_features_20260819/prepared_media/avitogoodsgc2411ссnovemberbigsalet1.mp4,True,Avito,18,train,0.26,0.26,1,1,7.0,0.0,0.0527,0.36,/Users/asekorneev/outputs/aipm3_value_context_20260914/sources/promiser_comparison/combo_input.csv,current_saved_target,26.923076923076923,Existing OPM / existing message fraction,False,/Users/asekorneev/outputs/aipm_stability_20260919/human_quality_20260920/targets.csv,/Users/asekorneev/outputs/message_delivery_features_20260819/video_manifest.csv,a18415ab8e21671b0ba1daf43b34897d54863bf971eaa7d23eefac70f1df8e69,avitogoodsgc2411ccnovemberbigsalet1,a18415ab8e21671b0ba1daf43b34897d54863bf971eaa7d23eefac70f1df8e69,a18415ab8e21671b0ba1daf43b34897d54863bf971eaa7d23eefac70f1df8e69,Goods,Sale,md58_18,18,current 10 full runs,3.0,2.8666666666666667,0.9333333333333332,3.0,2.8666666666666667,0.9333333333333332,4.0,3.6666666666666665,0.8333333333333333,2.0,2.0,0.9333333333333332,3.0,2.7,0.8333333333333333,1.0,1.0,1.0,3.0,3.0,1.0,1.0,1.0,1.0,4.0,3.7,0.8333333333333333,2.0,1.5333333333333334,0.8666666666666666,1.0,1.0333333333333334,0.9666666666666666,1.0,0.9,1.0,1.0,1.0666666666666669,0.8666666666666666,1.0,0.9,1.0,1.0,1.3,0.8333333333333333,2.0,2.0,1.0,0.0,0.0,1.0,3.0,2.8666666666666667,0.9333333333333332,0.0,2.8666666666666667,1.699150424787606,0.1025641025641025,0.8974358974358975,0.2692307692307692,0.2179487179487179,0.1025641025641025,0.26,2.8666666666666667,2.8666666666666667,3.6666666666666665,2.0,2.7,1.0,3.0,1.0,3.7,1.5333333333333334,1.0333333333333334,0.9,1.0666666666666669,0.9,1.3,2.0,2.8666666666666667,1.0,2.8666666666666667,2.7666666666666666,0.0,2.8666666666666667,20.0,0.4204872140522875,0.0852120581074227,0.2298085786052665,0.1287268110021786,0.0256833886115925,0.0440850142676045,0.1467287046347503,0.2333332970225127,0.2051282051282051,0.0,0.2012286068748487,0.2607866206628869,0.1114680918663761,0.160928726196289,14.305113792419434,0.01,6.06831169128418,,1.0,1.0,2.0,1.0,2.0,1.0,1,1,0.0,1.0,1.0,2.0,0.0,20.0,2.0,4.0,6.0,1.0,15.0,0.0,45.0,0.0,20.0,4.0,0.0,1.0,0.0,1.0,1.0,0.0,0.0,0.0,0.0,1.0,1.0,0.0,0.0,0.0
md58_18,pretest_md58,Avito_Goods_gc-24-11-СС-November-BIG-SALE-T1,video filename; not an independently verified brief,Avito_Goods_gc-24-11-СС-November-BIG-SALE-T1.mp4,/Users/asekorneev/Desktop/Creatives_validation/Avito_Goods_gc-24-11-СС-November-BIG-SALE-T1.mp4,/Users/asekorneev/outputs/message_delivery_features_20260819/prepared_media/avitogoodsgc2411ссnovemberbigsalet1.mp4,True,Avito,18,train,0.26,0.26,1,1,7.0,0.0,0.0527,0.36,/Users/asekorneev/outputs/aipm3_value_context_20260914/sources/promiser_comparison/combo_input.csv,current_saved_target,26.923076923076923,Existing OPM / existing message fraction,False,/Users/asekorneev/outputs/aipm_stability_20260919/human_quality_20260920/targets.csv,/Users/asekorneev/outputs/message_delivery_features_20260819/video_manifest.csv,a18415ab8e21671b0ba1daf43b34897d54863bf971eaa7d23eefac70f1df8e69,avitogoodsgc2411ccnovemberbigsalet1,a18415ab8e21671b0ba1daf43b34897d54863bf971eaa7d23eefac70f1df8e69,a18415ab8e21671b0ba1daf43b34897d54863bf971eaa7d23eefac70f1df8e69,Goods,Sale,md58_18,18,current 10 full runs,3.0,3.0,1.0,3.0,3.0,1.0,4.0,3.6666666666666665,0.9333333333333332,2.0,2.0,1.0,3.0,2.8333333333333335,0.8999999999999998,1.0,1.0,1.0,3.0,3.0,1.0,1.0,1.0,1.0,4.0,3.8333333333333335,0.8999999999999998,1.0,0.5333333333333333,0.9666666666666666,1.0,1.0,1.0,1.0,0.5,1.0,1.0,1.0666666666666669,0.9333333333333332,1.0,1.0,1.0,1.0,1.4666666666666666,0.9333333333333332,2.0,2.0,1.0,0.0,0.0,1.0,3.0,3.0,1.0,0.0,3.0,1.699150424787606,0.0769230769230769,0.9230769230769232,0.1923076923076923,0.0512820512820512,0.0256410256410256,0.26,3.0,3.0,3.6666666666666665,2.0,2.8333333333333335,1.0,3.0,1.0,3.8333333333333335,0.5333333333333333,1.0,0.5,1.0666666666666669,1.0,1.4666666666666666,2.0,2.966666666666667,1.0,3.0,3.0,0.0,3.0,20.0,0.4204872140522875,0.0852120581074227,0.2298085786052665,0.1287268110021786,0.0256833886115925,0.0440850142676045,0.1467287046347503,0.2333332970225127,0.2051282051282051,0.0,0.2012286068748487,0.2607866206628869,0.1114680918663761,0.160928726196289,14.305113792419434,0.01,6.06831169128418,,1.0,1.0,2.0,1.0,2.0,1.0,2,2,0.0,1.0,1.0,2.0,0.0,20.0,2.0,4.0,6.0,1.0,15.0,0.0,45.0,0.0,20.0,4.0,0.0,1.0,0.0,1.0,1.0,0.0,0.0,0.0,0.0,1.0,1.0,0.0,0.0,0.0
md58_18,pretest_md58,Avito_Goods_gc-24-11-СС-November-BIG-SALE-T1,video filename; not an independently verified brief,Avito_Goods_gc-24-11-СС-November-BIG-SALE-T1.mp4,/Users/asekorneev/Desktop/Creatives_validation/Avito_Goods_gc-24-11-СС-November-BIG-SALE-T1.mp4,/Users/asekorneev/outputs/message_delivery_features_20260819/prepared_media/avitogoodsgc2411ссnovemberbigsalet1.mp4,True,Avito,18,train,0.26,0.26,1,1,7.0,0.0,0.0527,0.36,/Users/asekorneev/outputs/aipm3_value_context_20260914/sources/promiser_comparison/combo_input.csv,current_saved_target,26.923076923076923,Existing OPM / existing message fraction,False,/Users/asekorneev/outputs/aipm_stability_20260919/human_quality_20260920/targets.csv,/Users/asekorneev/outputs/message_delivery_features_20260819/video_manifest.csv,a18415ab8e21671b0ba1daf43b34897d54863bf971eaa7d23eefac70f1df8e69,avitogoodsgc2411ccnovemberbigsalet1,a18415ab8e21671b0ba1daf43b34897d54863bf971eaa7d23eefac70f1df8e69,a18415ab8e21671b0ba1daf43b34897d54863bf971eaa7d23eefac70f1df8e69,Goods,Sale,md58_18,18,current 10 full runs,3.0,2.933333333333333,0.9666666666666666,3.0,2.933333333333333,0.9666666666666666,4.0,3.6666666666666665,0.8666666666666666,2.0,2.0,0.9333333333333332,3.0,2.7333333333333334,0.8666666666666666,1.0,1.0,1.0,3.0,3.0,1.0,1.0,0.9666666666666668,0.9666666666666666,4.0,3.7333333333333334,0.8666666666666666,2.0,1.5666666666666669,0.8666666666666666,1.0,1.0,0.9333333333333332,1.0,0.7333333333333333,0.9333333333333332,1.0,1.1333333333333333,0.8666666666666666,1.0,0.9,1.0,1.0,1.4333333333333331,0.8666666666666666,2.0,2.0,1.0,0.0,0.0,1.0,3.0,2.9,0.9333333333333332,0.0,2.9,1.699150424787606,0.0769230769230769,0.923076923076923,0.2692307692307692,0.1666666666666666,0.1025641025641025,0.26,2.933333333333333,2.933333333333333,3.6666666666666665,2.0,2.7333333333333334,1.0,3.0,0.9666666666666668,3.7333333333333334,1.5666666666666669,1.0,0.7333333333333333,1.1333333333333333,0.9,1.4333333333333331,2.0,2.7666666666666666,0.9666666666666668,2.933333333333333,2.9,0.0,2.9,20.0,0.4204872140522875,0.0852120581074227,0.2298085786052665,0.1287268110021786,0.0256833886115925,0.0440850142676045,0.1467287046347503,0.2333332970225127,0.2051282051282051,0.0,0.2012286068748487,0.2607866206628869,0.1114680918663761,0.160928726196289,14.305113792419434,0.01,6.06831169128418,,1.0,1.0,2.0,1.0,2.0,1.0,3,3,0.0,1.0,1.0,2.0,0.0,20.0,2.0,4.0,6.0,1.0,15.0,0.0,45.0,0.0,20.0,4.0,0.0,1.0,0.0,1.0,1.0,0.0,0.0,0.0,0.0,1.0,1.0,0.0,0.0,0.0
md58_18,pretest_md58,Avito_Goods_gc-24-11-СС-November-BIG-SALE-T1,video filename; not an independently verified brief,Avito_Goods_gc-24-11-СС-November-BIG-SALE-T1.mp4,/Users/asekorneev/Desktop/Creatives_validation/Avito_Goods_gc-24-11-СС-November-BIG-SALE-T1.mp4,/Users/asekorneev/outputs/message_delivery_features_20260819/prepared_media/avitogoodsgc2411ссnovemberbigsalet1.mp4,True,Avito,18,train,0.26,0.26,1,1,7.0,0.0,0.0527,0.36,/Users/asekorneev/outputs/aipm3_value_context_20260914/sources/promiser_comparison/combo_input.csv,current_saved_target,26.923076923076923,Existing OPM / existing message fraction,False,/Users/asekorneev/outputs/aipm_stability_20260919/human_quality_20260920/targets.csv,/Users/asekorneev/outputs/message_delivery_features_20260819/video_manifest.csv,a18415ab8e21671b0ba1daf43b34897d54863bf971eaa7d23eefac70f1df8e69,avitogoodsgc2411ccnovemberbigsalet1,a18415ab8e21671b0ba1daf43b34897d54863bf971eaa7d23eefac70f1df8e69,a18415ab8e21671b0ba1daf43b34897d54863bf971eaa7d23eefac70f1df8e69,Goods,Sale,md58_18,18,current 10 full runs,3.0,3.0,1.0,3.0,3.0,1.0,4.0,3.7,0.8333333333333333,2.0,2.066666666666667,0.9333333333333332,3.0,2.9,0.9,1.0,1.0,1.0,3.0,3.0,1.0,1.0,1.0333333333333334,0.9666666666666666,4.0,3.933333333333333,0.8333333333333333,2.0,1.9,0.9,1.0,1.0666666666666669,0.9333333333333332,1.0,0.7,1.0,1.0,1.0666666666666669,0.9333333333333332,1.0,1.0,1.0,1.0,1.3333333333333333,0.8666666666666666,2.0,2.0,1.0,0.0,0.0,1.0,3.0,3.0,1.0,0.0,3.0,1.699150424787606,0.0,1.0,0.2692307692307692,0.2307692307692307,0.1282051282051282,0.26,3.0,3.0,3.7,2.066666666666667,2.9,1.0,3.0,1.0333333333333334,3.933333333333333,1.9,1.0666666666666669,0.7,1.0666666666666669,1.0,1.3333333333333333,2.0,3.1,1.0,3.0,2.966666666666667,0.0,3.0,20.0,0.4204872140522875,0.0852120581074227,0.2298085786052665,0.1287268110021786,0.0256833886115925,0.0440850142676045,0.1467287046347503,0.2333332970225127,0.2051282051282051,0.0,0.2012286068748487,0.2607866206628869,0.1114680918663761,0.160928726196289,14.305113792419434,0.01,6.06831169128418,,1.0,1.0,2.0,1.0,2.0,1.0,4,4,0.0,1.0,1.0,2.0,0.0,20.0,2.0,4.0,6.0,1.0,15.0,0.0,45.0,0.0,20.0,4.0,0.0,1.0,0.0,1.0,1.0,0.0,0.0,0.0,0.0,1.0,1.0,0.0,0.0,0.0
md58_18,pretest_md58,Avito_Goods_gc-24-11-СС-November-BIG-SALE-T1,video filename; not an independently verified brief,Avito_Goods_gc-24-11-СС-November-BIG-SALE-T1.mp4,/Users/asekorneev/Desktop/Creatives_validation/Avito_Goods_gc-24-11-СС-November-BIG-SALE-T1.mp4,/Users/asekorneev/outputs/message_delivery_features_20260819/prepared_media/avitogoodsgc2411ссnovemberbigsalet1.mp4,True,Avito,18,train,0.26,0.26,1,1,7.0,0.0,0.0527,0.36,/Users/asekorneev/outputs/aipm3_value_context_20260914/sources/promiser_comparison/combo_input.csv,current_saved_target,26.923076923076923,Existing OPM / existing message fraction,False,/Users/asekorneev/outputs/aipm_stability_20260919/human_quality_20260920/targets.csv,/Users/asekorneev/outputs/message_delivery_features_20260819/video_manifest.csv,a18415ab8e21671b0ba1daf43b34897d54863bf971eaa7d23eefac70f1df8e69,avitogoodsgc2411ccnovemberbigsalet1,a18415ab8e21671b0ba1daf43b34897d54863bf971eaa7d23eefac70f1df8e69,a18415ab8e21671b0ba1daf43b34897d54863bf971eaa7d23eefac70f1df8e69,Goods,Sale,md58_18,18,current 10 full runs,3.0,3.0,1.0,3.0,3.0,1.0,4.0,3.8333333333333335,0.8999999999999998,2.0,2.066666666666667,0.9333333333333332,3.0,2.8666666666666667,0.8999999999999998,1.0,1.0,1.0,3.0,3.0,1.0,1.0,1.0333333333333334,0.9666666666666666,4.0,3.9,0.8999999999999998,2.0,1.9666666666666663,0.9333333333333332,1.0,1.0333333333333334,0.9666666666666666,1.0,0.5,1.0,1.0,1.0666666666666669,0.9333333333333332,1.0,1.0,1.0,2.0,1.5,0.8999999999999998,2.0,2.0,1.0,0.0,0.0,1.0,3.0,3.0,1.0,0.0,3.0,1.699150424787606,0.0769230769230769,0.9230769230769232,0.2692307692307692,0.1794871794871795,0.1282051282051282,0.26,3.0,3.0,3.8333333333333335,2.066666666666667,2.8666666666666667,1.0,3.0,1.0333333333333334,3.9,1.9666666666666663,1.0333333333333334,0.5,1.0666666666666669,1.0,1.5,2.0,3.1,1.0,3.0,3.0,0.0,3.0,20.0,0.4204872140522875,0.0852120581074227,0.2298085786052665,0.1287268110021786,0.0256833886115925,0.0440850142676045,0.1467287046347503,0.2333332970225127,0.2051282051282051,0.0,0.2012286068748487,0.2607866206628869,0.1114680918663761,0.160928726196289,14.305113792419434,0.01,6.06831169128418,,1.0,1.0,2.0,1.0,2.0,1.0,5,5,0.0,1.0,1.0,2.0,0.0,20.0,2.0,4.0,6.0,1.0,15.0,0.0,45.0,0.0,20.0,4.0,0.0,1.0,0.0,1.0,1.0,0.0,0.0,0.0,0.0,1.0,1.0,0.0,0.0,0.0
md58_18,pretest_md58,Avito_Goods_gc-24-11-СС-November-BIG-SALE-T1,video filename; not an independently verified brief,Avito_Goods_gc-24-11-СС-November-BIG-SALE-T1.mp4,/Users/asekorneev/Desktop/Creatives_validation/Avito_Goods_gc-24-11-СС-November-BIG-SALE-T1.mp4,/Users/asekorneev/outputs/message_delivery_features_20260819/prepared_media/avitogoodsgc2411ссnovemberbigsalet1.mp4,True,Avito,18,train,0.26,0.26,1,1,7.0,0.0,0.0527,0.36,/Users/asekorneev/outputs/aipm3_value_context_20260914/sources/promiser_comparison/combo_input.csv,current_saved_target,26.923076923076923,Existing OPM / existing message fraction,False,/Users/asekorneev/outputs/aipm_stability_20260919/human_quality_20260920/targets.csv,/Users/asekorneev/outputs/message_delivery_features_20260819/video_manifest.csv,a18415ab8e21671b0ba1daf43b34897d54863bf971eaa7d23eefac70f1df8e69,avitogoodsgc2411ccnovemberbigsalet1,a18415ab8e21671b0ba1daf43b34897d54863bf971eaa7d23eefac70f1df8e69,a18415ab8e21671b0ba1daf43b34897d54863bf971eaa7d23eefac70f1df8e69,Goods,Sale,md58_18,18,current 10 full runs,3.0,2.8666666666666667,0.9333333333333332,3.0,2.8666666666666667,0.9333333333333332,4.0,3.6666666666666665,0.9333333333333332,2.0,2.033333333333333,0.9666666666666666,3.0,2.9,0.8999999999999998,1.0,0.9,1.0,3.0,3.0,1.0,1.0,1.0333333333333334,0.9666666666666666,4.0,3.8,0.8999999999999998,2.0,1.6666666666666667,0.9333333333333332,1.0,1.0333333333333334,0.9666666666666666,1.0,0.8,1.0,1.0,1.0333333333333334,0.9666666666666666,1.0,0.9,1.0,1.0,1.3,0.9333333333333332,2.0,2.0,1.0,0.0,0.0,1.0,3.0,2.8666666666666667,0.9333333333333332,0.0,2.8666666666666667,1.699150424787606,0.1025641025641025,0.8974358974358975,0.1923076923076923,0.0384615384615384,0.0,0.26,2.8666666666666667,2.8666666666666667,3.6666666666666665,2.033333333333333,2.9,0.9,3.0,1.0333333333333334,3.8,1.6666666666666667,1.0333333333333334,0.8,1.0333333333333334,0.9,1.3,2.0,2.8666666666666667,1.0,2.8666666666666667,2.8,0.0,2.8666666666666667,20.0,0.4204872140522875,0.0852120581074227,0.2298085786052665,0.1287268110021786,0.0256833886115925,0.0440850142676045,0.1467287046347503,0.2333332970225127,0.2051282051282051,0.0,0.2012286068748487,0.2607866206628869,0.1114680918663761,0.160928726196289,14.305113792419434,0.01,6.06831169128418,,1.0,1.0,2.0,1.0,2.0,1.0,6,6,0.0,1.0,1.0,2.0,0.0,20.0,2.0,4.0,6.0,1.0,8.0,0.0,45.0,0.0,20.0,4.0,0.0,1.0,0.0,0.0,1.0,0.0,0.0,0.0,0.0,1.0,1.0,0.0,0.0,0.0
md58_18,pretest_md58,Avito_Goods_gc-24-11-СС-November-BIG-SALE-T1,video filename; not an independently verified brief,Avito_Goods_gc-24-11-СС-November-BIG-SALE-T1.mp4,/Users/asekorneev/Desktop/Creatives_validation/Avito_Goods_gc-24-11-СС-November-BIG-SALE-T1.mp4,/Users/asekorneev/outputs/message_delivery_features_20260819/prepared_media/avitogoodsgc2411ссnovemberbigsalet1.mp4,True,Avito,18,train,0.26,0.26,1,1,7.0,0.0,0.0527,0.36,/Users/asekorneev/outputs/aipm3_value_context_20260914/sources/promiser_comparison/combo_input.csv,current_saved_target,26.923076923076923,Existing OPM / existing message fraction,False,/Users/asekorneev/outputs/aipm_stability_20260919/human_quality_20260920/targets.csv,/Users/asekorneev/outputs/message_delivery_features_20260819/video_manifest.csv,a18415ab8e21671b0ba1daf43b34897d54863bf971eaa7d23eefac70f1df8e69,avitogoodsgc2411ccnovemberbigsalet1,a18415ab8e21671b0ba1daf43b34897d54863bf971eaa7d23eefac70f1df8e69,a18415ab8e21671b0ba1daf43b34897d54863bf971eaa7d23eefac70f1df8e69,Goods,Sale,md58_18,18,current 10 full runs,3.0,3.0,1.0,3.0,3.0,1.0,4.0,3.6333333333333337,0.8666666666666666,2.0,2.066666666666667,0.9333333333333332,3.0,3.0,0.9333333333333332,1.0,0.9,1.0,3.0,3.0,1.0,1.0,1.0,1.0,4.0,3.966666666666667,0.9333333333333332,2.0,1.5666666666666669,0.9333333333333332,1.0,1.0333333333333334,0.9666666666666666,1.0,0.9,1.0,1.0,1.0666666666666669,0.9333333333333332,1.0,0.9,1.0,2.0,1.5333333333333334,0.8999999999999998,2.0,2.0,1.0,0.0,0.0,1.0,3.0,3.0,1.0,0.0,3.0,1.699150424787606,0.0769230769230769,0.9230769230769232,0.2692307692307692,0.2179487179487179,0.1538461538461538,0.26,3.0,3.0,3.6333333333333337,2.066666666666667,3.0,0.9,3.0,1.0,3.966666666666667,1.5666666666666669,1.0333333333333334,0.9,1.0666666666666669,0.9,1.5333333333333334,2.0,3.033333333333333,1.0,3.0,3.0,0.0,3.0,20.0,0.4204872140522875,0.0852120581074227,0.2298085786052665,0.1287268110021786,0.0256833886115925,0.0440850142676045,0.1467287046347503,0.2333332970225127,0.2051282051282051,0.0,0.2012286068748487,0.2607866206628869,0.1114680918663761,0.160928726196289,14.305113792419434,0.01,6.06831169128418,,1.0,1.0,2.0,1.0,2.0,1.0,7,7,0.0,1.0,1.0,2.0,0.0,20.0,2.0,4.0,6.0,1.0,15.0,0.0,45.0,0.0,20.0,4.0,0.0,1.0,0.0,1.0,1.0,0.0,0.0,0.0,0.0,1.0,1.0,0.0,0.0,0.0
md58_18,pretest_md58,Avito_Goods_gc-24-11-СС-November-BIG-SALE-T1,video filename; not an independently verified brief,Avito_Goods_gc-24-11-СС-November-BIG-SALE-T1.mp4,/Users/asekorneev/Desktop/Creatives_validation/Avito_Goods_gc-24-11-СС-November-BIG-SALE-T1.mp4,/Users/asekorneev/outputs/message_delivery_features_20260819/prepared_media/avitogoodsgc2411ссnovemberbigsalet1.mp4,True,Avito,18,train,0.26,0.26,1,1,7.0,0.0,0.0527,0.36,/Users/asekorneev/outputs/aipm3_value_context_20260914/sources/promiser_comparison/combo_input.csv,current_saved_target,26.923076923076923,Existing OPM / existing message fraction,False,/Users/asekorneev/outputs/aipm_stability_20260919/human_quality_20260920/targets.csv,/Users/asekorneev/outputs/message_delivery_features_20260819/video_manifest.csv,a18415ab8e21671b0ba1daf43b34897d54863bf971eaa7d23eefac70f1df8e69,avitogoodsgc2411ccnovemberbigsalet1,a18415ab8e21671b0ba1daf43b34897d54863bf971eaa7d23eefac70f1df8e69,a18415ab8e21671b0ba1daf43b34897d54863bf971eaa7d23eefac70f1df8e69,Goods,Sale,md58_18,18,current 10 full runs,3.0,3.0,1.0,3.0,3.0,1.0,4.0,3.8333333333333335,0.8999999999999998,2.0,2.033333333333333,0.9666666666666666,3.0,2.9,0.9333333333333332,1.0,1.0,1.0,3.0,3.0,1.0,1.0,1.0,1.0,4.0,3.9,0.8999999999999998,2.0,1.5,0.8999999999999998,1.0,1.0333333333333334,0.9666666666666666,1.0,0.8,1.0,1.0,1.2,0.8999999999999998,1.0,0.9,1.0,1.0,1.4,0.8999999999999998,2.0,2.0,1.0,0.0,0.0,1.0,3.0,3.0,1.0,0.0,3.0,1.699150424787606,0.0512820512820512,0.9487179487179488,0.2692307692307692,0.2435897435897436,0.0512820512820512,0.26,3.0,3.0,3.8333333333333335,2.033333333333333,2.9,1.0,3.0,1.0,3.9,1.5,1.0333333333333334,0.8,1.2,0.9,1.4,2.0,3.1,1.0,3.0,3.0,0.0,3.0,20.0,0.4204872140522875,0.0852120581074227,0.2298085786052665,0.1287268110021786,0.0256833886115925,0.0440850142676045,0.1467287046347503,0.2333332970225127,0.2051282051282051,0.0,0.2012286068748487,0.2607866206628869,0.1114680918663761,0.160928726196289,14.305113792419434,0.01,6.06831169128418,,1.0,1.0,2.0,1.0,2.0,1.0,8,8,0.0,1.0,1.0,2.0,0.0,20.0,2.0,4.0,6.0,1.0,15.0,0.0,45.0,0.0,20.0,4.0,0.0,1.0,0.0,1.0,1.0,0.0,0.0,0.0,0.0,1.0,1.0,0.0,0.0,0.0
md58_18,pretest_md58,Avito_Goods_gc-24-11-СС-November-BIG-SALE-T1,video filename; not an independently verified brief,Avito_Goods_gc-24-11-СС-November-BIG-SALE-T1.mp4,/Users/asekorneev/Desktop/Creatives_validation/Avito_Goods_gc-24-11-СС-November-BIG-SALE-T1.mp4,/Users/asekorneev/outputs/message_delivery_features_20260819/prepared_media/avitogoodsgc2411ссnovemberbigsalet1.mp4,True,Avito,18,train,0.26,0.26,1,1,7.0,0.0,0.0527,0.36,/Users/asekorneev/outputs/aipm3_value_context_20260914/sources/promiser_comparison/combo_input.csv,current_saved_target,26.923076923076923,Existing OPM / existing message fraction,False,/Users/asekorneev/outputs/aipm_stability_20260919/human_quality_20260920/targets.csv,/Users/asekorneev/outputs/message_delivery_features_20260819/video_manifest.csv,a18415ab8e21671b0ba1daf43b34897d54863bf971eaa7d23eefac70f1df8e69,avitogoodsgc2411ccnovemberbigsalet1,a18415ab8e21671b0ba1daf43b34897d54863bf971eaa7d23eefac70f1df8e69,a18415ab8e21671b0ba1daf43b34897d54863bf971eaa7d23eefac70f1df8e69,Goods,Sale,md58_18,18,current 10 full runs,3.0,3.0,1.0,3.0,3.0,1.0,4.0,3.7666666666666666,0.9333333333333332,2.0,2.033333333333333,0.9666666666666666,3.0,3.033333333333333,0.9666666666666666,1.0,0.9666666666666668,0.9666666666666666,3.0,3.0,1.0,1.0,1.0333333333333334,0.9666666666666666,4.0,4.033333333333333,0.9666666666666666,2.0,1.6666666666666667,0.9333333333333332,1.0,1.0,1.0,1.0,0.8,1.0,1.0,1.0333333333333334,0.9666666666666666,1.0,1.0,1.0,1.0,1.4666666666666666,0.9666666666666666,2.0,2.0,1.0,0.0,0.0,1.0,3.0,3.0,1.0,0.0,3.0,1.699150424787606,0.0512820512820513,0.9487179487179488,0.2692307692307692,0.2179487179487179,0.1025641025641025,0.26,3.0,3.0,3.7666666666666666,2.033333333333333,3.033333333333333,0.9666666666666668,3.0,1.0333333333333334,4.033333333333333,1.6666666666666667,1.0,0.8,1.0333333333333334,1.0,1.4666666666666666,2.0,3.066666666666667,1.0,3.0,3.0,0.0,3.0,20.0,0.4204872140522875,0.0852120581074227,0.2298085786052665,0.1287268110021786,0.0256833886115925,0.0440850142676045,0.1467287046347503,0.2333332970225127,0.2051282051282051,0.0,0.2012286068748487,0.2607866206628869,0.1114680918663761,0.160928726196289,14.305113792419434,0.01,6.06831169128418,,1.0,1.0,2.0,1.0,2.0,1.0,9,9,0.0,1.0,1.0,2.0,0.0,20.0,2.0,4.0,6.0,1.0,8.0,0.0,45.0,0.0,20.0,4.0,0.0,1.0,0.0,1.0,1.0,0.0,0.0,0.0,0.0,1.0,1.0,0.0,0.0,0.0
md58_18,pretest_md58,Avito_Goods_gc-24-11-СС-November-BIG-SALE-T1,video filename; not an independently verified brief,Avito_Goods_gc-24-11-СС-November-BIG-SALE-T1.mp4,/Users/asekorneev/Desktop/Creatives_validation/Avito_Goods_gc-24-11-СС-November-BIG-SALE-T1.mp4,/Users/asekorneev/outputs/message_delivery_features_20260819/prepared_media/avitogoodsgc2411ссnovemberbigsalet1.mp4,True,Avito,18,train,0.26,0.26,1,1,7.0,0.0,0.0527,0.36,/Users/asekorneev/outputs/aipm3_value_context_20260914/sources/promiser_comparison/combo_input.csv,current_saved_target,26.923076923076923,Existing OPM / existing message fraction,False,/Users/asekorneev/outputs/aipm_stability_20260919/human_quality_20260920/targets.csv,/Users/asekorneev/outputs/message_delivery_features_20260819/video_manifest.csv,a18415ab8e21671b0ba1daf43b34897d54863bf971eaa7d23eefac70f1df8e69,avitogoodsgc2411ccnovemberbigsalet1,a18415ab8e21671b0ba1daf43b34897d54863bf971eaa7d23eefac70f1df8e69,a18415ab8e21671b0ba1daf43b34897d54863bf971eaa7d23eefac70f1df8e69,Goods,Sale,md58_18,18,current 10 full runs,3.0,3.0,1.0,3.0,3.0,1.0,4.0,3.7,0.9333333333333332,2.0,2.033333333333333,0.9666666666666666,3.0,2.966666666666667,0.9666666666666666,1.0,1.0,1.0,3.0,3.0,1.0,1.0,1.0333333333333334,0.9666666666666666,4.0,4.066666666666666,0.9333333333333332,2.0,1.8666666666666667,0.9333333333333332,1.0,1.0666666666666669,0.9333333333333332,1.0,0.8,1.0,1.0,1.0666666666666669,0.9333333333333332,1.0,1.0,1.0,2.0,1.5666666666666669,0.9333333333333332,2.0,2.0,1.0,0.0,0.0,1.0,3.0,3.0,1.0,0.0,3.0,1.699150424787606,0.1538461538461538,0.8461538461538461,0.2692307692307692,0.2435897435897436,0.0512820512820512,0.26,3.0,3.0,3.7,2.033333333333333,2.966666666666667,1.0,3.0,1.0333333333333334,4.066666666666666,1.8666666666666667,1.0666666666666669,0.8,1.0666666666666669,1.0,1.5666666666666669,2.0,3.066666666666667,1.0,3.0,3.0,0.0,3.0,20.0,0.4204872140522875,0.0852120581074227,0.2298085786052665,0.1287268110021786,0.0256833886115925,0.0440850142676045,0.1467287046347503,0.2333332970225127,0.2051282051282051,0.0,0.2012286068748487,0.2607866206628869,0.1114680918663761,0.160928726196289,14.305113792419434,0.01,6.06831169128418,,1.0,1.0,2.0,1.0,2.0,1.0,10,10,0.0,1.0,1.0,2.0,0.0,20.0,2.0,4.0,6.0,1.0,15.0,0.0,45.0,0.0,20.0,4.0,0.0,1.0,0.0,1.0,1.0,0.0,0.0,0.0,0.0,1.0,1.0,0.0,0.0,0.0
md58_19,pretest_md58,Avito_Goods_gc-24-12-EL&LS-SALE-T1,video filename; not an independently verified brief,Avito_Goods_gc-24-12-EL&LS-SALE-T1.mp4,/Users/asekorneev/Desktop/Creatives_validation/Avito_Goods_gc-24-12-EL&LS-SALE-T1.mp4,/Users/asekorneev/Desktop/Creatives_validation/Avito_Goods_gc-24-12-EL&LS-SALE-T1.mp4,True,Avito,19,train,0.25,0.25,1,1,8.0,0.0,0.0593,0.27,/Users/asekorneev/outputs/aipm3_value_context_20260914/sources/promiser_comparison/combo_input.csv,current_saved_target,32.0,Existing OPM / existing message fraction,False,/Users/asekorneev/outputs/aipm_stability_20260919/human_quality_20260920/targets.csv,/Users/asekorneev/outputs/message_delivery_features_20260819/video_manifest.csv,2b180d4553e3372f350799745aa47243085c96572f978c07b4ad119d3c7ea9e4,avitogoodsgc2412ellssalet1,2b180d4553e3372f350799745aa47243085c96572f978c07b4ad119d3c7ea9e4,2b180d4553e3372f350799745aa47243085c96572f978c07b4ad119d3c7ea9e4,Goods,Goods,md58_19,19,current 10 full runs,3.0,3.0,1.0,3.0,2.933333333333333,0.9666666666666666,4.0,3.8666666666666663,0.9333333333333332,2.0,2.033333333333333,0.9666666666666666,3.0,2.7,0.8666666666666666,0.0,0.1666666666666666,0.9666666666666666,3.0,3.0,1.0,0.0,0.0,1.0,4.0,3.8,0.8666666666666666,0.0,0.0666666666666666,0.9666666666666666,0.0,0.4333333333333333,0.9666666666666666,0.0,0.2333333333333333,0.9666666666666666,1.0,1.0666666666666669,0.9333333333333332,0.0,0.0666666666666666,0.9666666666666666,1.0,1.0666666666666669,0.9333333333333332,2.0,2.0,1.0,1.0,1.0,1.0,3.0,2.933333333333333,0.9666666666666666,1.0,2.933333333333333,2.008032128514056,0.1025641025641025,0.8974358974358975,0.3461538461538461,0.0897435897435897,0.1025641025641025,0.25,3.0,2.933333333333333,3.8666666666666663,2.033333333333333,2.7,0.1666666666666666,3.0,0.0,3.8,0.0666666666666666,0.4333333333333333,0.2333333333333333,1.0666666666666669,0.0666666666666666,1.0666666666666669,2.0,2.966666666666667,0.9666666666666668,2.933333333333333,2.933333333333333,1.0,2.933333333333333,20.0,0.3599207198620189,0.0433494291600765,0.1837470200122282,0.1142030501089324,0.038914079063618,0.0350053677207979,0.123107484684282,0.1986934822076979,0.1025641025641025,0.0,0.158200042362624,0.1981718865765774,0.1326463779956426,0.0608368404209613,13.664606094360352,0.0251256281407035,7.084469318389893,,1.0,1.0,1.0,1.0,2.0,1.0,1,1,0.0,1.0,0.0,2.0,0.0,20.0,3.0,4.0,1.0,1.0,5.0,1.0,45.0,0.0,20.0,4.0,0.0,2.0,0.0,0.0,1.0,0.0,1.0,0.0,0.0,1.0,1.0,0.0,0.0,0.0
md58_20,pretest_md58,Avito_Goods_gc-25-02-CC-Gender,brief column,Avito_Goods_gc-25-02-CC-Gender.mp4,/Users/asekorneev/Desktop/Creatives_validation/Avito_Goods_gc-25-02-CC-Gender.mp4,/Users/asekorneev/outputs/message_delivery_features_20260819/prepared_media/avitogoodsgc2502ccgender.mp4,True,Avito,20,train,0.21,0.21,1,1,9.0,1.0,0.049,0.29,/Users/asekorneev/outputs/aipm3_value_context_20260914/sources/promiser_comparison/combo_input.csv,current_saved_target,42.85714285714286,Existing OPM / existing message fraction,False,/Users/asekorneev/outputs/aipm_stability_20260919/human_quality_20260920/targets.csv,/Users/asekorneev/outputs/message_delivery_features_20260819/video_manifest.csv,4578099cb8a697f8a169117a375baa1ab7e211d736477922af0e6981886ad977,avitogoodsgc2502ccgender,4578099cb8a697f8a169117a375baa1ab7e211d736477922af0e6981886ad977,4578099cb8a697f8a169117a375baa1ab7e211d736477922af0e6981886ad977,Goods,Sale,md58_20,20,current 10 full runs,3.0,3.0,1.0,3.0,3.0,1.0,3.0,3.066666666666667,0.9666666666666666,2.0,2.3,0.9333333333333332,3.0,3.0,1.0,1.0,1.0,1.0,3.0,3.0,1.0,0.0,0.0,1.0,4.0,4.166666666666667,0.9666666666666666,3.0,3.0,1.0,2.0,2.1666666666666665,0.9666666666666666,1.0,0.9,1.0,1.0,1.0,1.0,0.0,0.3,1.0,1.0,1.1666666666666667,0.9333333333333332,2.0,2.0,1.0,1.0,1.0,1.0,3.0,3.0,1.0,1.0,3.0,2.2988505747126435,0.1794871794871795,0.8205128205128205,0.1153846153846153,0.0384615384615384,0.0,0.21,3.0,3.0,3.066666666666667,2.3,3.0,1.0,3.0,0.0,4.166666666666667,3.0,2.1666666666666665,0.9,1.0,0.3,1.1666666666666667,2.0,3.033333333333333,1.0,3.0,3.0,1.0,3.0,20.0,0.4698142860384894,0.1212342178323421,0.1845492929271648,0.1484553376906318,0.0397356743230293,0.0386781831903929,0.1233088863750628,0.1754638162672477,0.0769230769230769,0.0,0.1294416000968288,0.1786329587455049,0.114558142701525,0.0601207539439201,14.880823135375977,0.08,12.943947792053224,,2.0,1.0,2.0,2.0,3.0,1.0,1,1,0.0,1.0,0.0,3.0,0.0,20.0,3.0,2.0,4.0,4.0,6.0,0.0,45.0,0.0,15.0,2.0,0.0,2.0,0.0,0.0,0.0,0.0,0.0,1.0,0.0,1.0,1.0,0.0,0.0,0.0
md58_20,pretest_md58,Avito_Goods_gc-25-02-CC-Gender,brief column,Avito_Goods_gc-25-02-CC-Gender.mp4,/Users/asekorneev/Desktop/Creatives_validation/Avito_Goods_gc-25-02-CC-Gender.mp4,/Users/asekorneev/outputs/message_delivery_features_20260819/prepared_media/avitogoodsgc2502ccgender.mp4,True,Avito,20,train,0.21,0.21,1,1,9.0,1.0,0.049,0.29,/Users/asekorneev/outputs/aipm3_value_context_20260914/sources/promiser_comparison/combo_input.csv,current_saved_target,42.85714285714286,Existing OPM / existing message fraction,False,/Users/asekorneev/outputs/aipm_stability_20260919/human_quality_20260920/targets.csv,/Users/asekorneev/outputs/message_delivery_features_20260819/video_manifest.csv,4578099cb8a697f8a169117a375baa1ab7e211d736477922af0e6981886ad977,avitogoodsgc2502ccgender,4578099cb8a697f8a169117a375baa1ab7e211d736477922af0e6981886ad977,4578099cb8a697f8a169117a375baa1ab7e211d736477922af0e6981886ad977,Goods,Sale,md58_20,20,current 10 full runs,3.0,3.0,1.0,3.0,3.0,1.0,3.0,3.066666666666667,0.9333333333333332,2.0,2.1666666666666665,0.8999999999999998,3.0,2.933333333333333,0.9333333333333332,1.0,1.0,1.0,3.0,3.0,1.0,0.0,0.0,1.0,4.0,4.1,0.9333333333333332,3.0,3.0,1.0,2.0,2.066666666666667,0.9666666666666666,1.0,0.9666666666666668,0.9666666666666666,1.0,1.0666666666666669,0.9333333333333332,0.0,0.2,1.0,1.0,1.1,0.8999999999999998,2.0,2.0,1.0,1.0,1.0,1.0,3.0,3.0,1.0,1.0,3.0,2.2988505747126435,0.1282051282051281,0.8717948717948718,0.1153846153846153,0.0384615384615384,0.0,0.21,3.0,3.0,3.066666666666667,2.1666666666666665,2.933333333333333,1.0,3.0,0.0,4.1,3.0,2.066666666666667,0.9666666666666668,1.0666666666666669,0.2,1.1,2.0,3.066666666666667,0.9666666666666668,3.0,3.0,1.0,3.0,20.0,0.4698142860384894,0.1212342178323421,0.1845492929271648,0.1484553376906318,0.0397356743230293,0.0386781831903929,0.1233088863750628,0.1754638162672477,0.0769230769230769,0.0,0.1294416000968288,0.1786329587455049,0.114558142701525,0.0601207539439201,14.880823135375977,0.08,12.943947792053224,,2.0,1.0,2.0,2.0,3.0,1.0,2,2,0.0,1.0,0.0,3.0,0.0,20.0,3.0,2.0,4.0,4.0,6.0,0.0,45.0,0.0,18.0,2.0,0.0,2.0,0.0,0.0,0.0,0.0,0.0,1.0,0.0,1.0,1.0,0.0,0.0,0.0
md58_20,pretest_md58,Avito_Goods_gc-25-02-CC-Gender,brief column,Avito_Goods_gc-25-02-CC-Gender.mp4,/Users/asekorneev/Desktop/Creatives_validation/Avito_Goods_gc-25-02-CC-Gender.mp4,/Users/asekorneev/outputs/message_delivery_features_20260819/prepared_media/avitogoodsgc2502ccgender.mp4,True,Avito,20,train,0.21,0.21,1,1,9.0,1.0,0.049,0.29,/Users/asekorneev/outputs/aipm3_value_context_20260914/sources/promiser_comparison/combo_input.csv,current_saved_target,42.85714285714286,Existing OPM / existing message fraction,False,/Users/asekorneev/outputs/aipm_stability_20260919/human_quality_20260920/targets.csv,/Users/asekorneev/outputs/message_delivery_features_20260819/video_manifest.csv,4578099cb8a697f8a169117a375baa1ab7e211d736477922af0e6981886ad977,avitogoodsgc2502ccgender,4578099cb8a697f8a169117a375baa1ab7e211d736477922af0e6981886ad977,4578099cb8a697f8a169117a375baa1ab7e211d736477922af0e6981886ad977,Goods,Sale,md58_20,20,current 10 full runs,3.0,2.966666666666667,0.9666666666666666,3.0,2.966666666666667,0.9666666666666666,3.0,3.066666666666667,0.9333333333333332,2.0,2.2333333333333334,0.8999999999999998,3.0,3.0,0.9333333333333332,1.0,1.0,1.0,3.0,3.0,1.0,0.0,0.0,1.0,4.0,4.066666666666666,0.9333333333333332,3.0,2.966666666666667,0.9666666666666666,2.0,2.066666666666667,0.9333333333333332,1.0,0.9333333333333332,0.9333333333333332,1.0,1.0,0.9333333333333332,0.0,0.2,1.0,1.0,1.1666666666666667,0.8999999999999998,2.0,2.0,1.0,1.0,1.0,1.0,3.0,3.0,1.0,1.0,3.0,2.2988505747126435,0.2307692307692307,0.7692307692307693,0.1153846153846153,0.0384615384615384,0.0,0.21,2.966666666666667,2.966666666666667,3.066666666666667,2.2333333333333334,3.0,1.0,3.0,0.0,4.066666666666666,2.966666666666667,2.066666666666667,0.9333333333333332,1.0,0.2,1.1666666666666667,2.0,3.066666666666667,0.9333333333333332,3.0,2.966666666666667,1.0,3.0,20.0,0.4698142860384894,0.1212342178323421,0.1845492929271648,0.1484553376906318,0.0397356743230293,0.0386781831903929,0.1233088863750628,0.1754638162672477,0.0769230769230769,0.0,0.1294416000968288,0.1786329587455049,0.114558142701525,0.0601207539439201,14.880823135375977,0.08,12.943947792053224,,2.0,1.0,2.0,2.0,3.0,1.0,3,3,0.0,1.0,0.0,3.0,0.0,20.0,3.0,2.0,4.0,4.0,6.0,0.0,45.0,0.0,20.0,2.0,0.0,2.0,0.0,0.0,0.0,0.0,0.0,1.0,0.0,1.0,1.0,0.0,0.0,0.0
md58_20,pretest_md58,Avito_Goods_gc-25-02-CC-Gender,brief column,Avito_Goods_gc-25-02-CC-Gender.mp4,/Users/asekorneev/Desktop/Creatives_validation/Avito_Goods_gc-25-02-CC-Gender.mp4,/Users/asekorneev/outputs/message_delivery_features_20260819/prepared_media/avitogoodsgc2502ccgender.mp4,True,Avito,20,train,0.21,0.21,1,1,9.0,1.0,0.049,0.29,/Users/asekorneev/outputs/aipm3_value_context_20260914/sources/promiser_comparison/combo_input.csv,current_saved_target,42.85714285714286,Existing OPM / existing message fraction,False,/Users/asekorneev/outputs/aipm_stability_20260919/human_quality_20260920/targets.csv,/Users/asekorneev/outputs/message_delivery_features_20260819/video_manifest.csv,4578099cb8a697f8a169117a375baa1ab7e211d736477922af0e6981886ad977,avitogoodsgc2502ccgender,4578099cb8a697f8a169117a375baa1ab7e211d736477922af0e6981886ad977,4578099cb8a697f8a169117a375baa1ab7e211d736477922af0e6981886ad977,Goods,Sale,md58_20,20,current 10 full runs,3.0,3.0,1.0,3.0,3.0,1.0,3.0,3.1333333333333333,0.8666666666666666,2.0,2.2333333333333334,0.8666666666666666,3.0,3.0,0.8666666666666666,1.0,1.0,1.0,3.0,3.0,1.0,0.0,0.0333333333333333,0.9666666666666666,4.0,4.233333333333333,0.8666666666666666,3.0,3.0,1.0,2.0,2.1,0.8999999999999998,1.0,0.9333333333333332,0.9333333333333332,1.0,0.9666666666666668,0.8999999999999998,0.0,0.3,1.0,1.0,1.0333333333333334,0.8999999999999998,2.0,2.0,1.0,1.0,1.0,1.0,3.0,3.0,1.0,1.0,3.0,2.2988505747126435,0.2307692307692307,0.7692307692307693,0.1923076923076923,0.0384615384615384,0.0,0.21,3.0,3.0,3.1333333333333333,2.2333333333333334,3.0,1.0,3.0,0.0333333333333333,4.233333333333333,3.0,2.1,0.9333333333333332,0.9666666666666668,0.3,1.0333333333333334,2.0,3.1333333333333333,0.9666666666666668,3.0,3.0,1.0,3.0,20.0,0.4698142860384894,0.1212342178323421,0.1845492929271648,0.1484553376906318,0.0397356743230293,0.0386781831903929,0.1233088863750628,0.1754638162672477,0.0769230769230769,0.0,0.1294416000968288,0.1786329587455049,0.114558142701525,0.0601207539439201,14.880823135375977,0.08,12.943947792053224,,2.0,1.0,3.0,3.0,3.0,1.0,4,4,0.0,1.0,0.0,3.0,0.0,20.0,3.0,2.0,4.0,4.0,6.0,0.0,45.0,0.0,18.0,2.0,0.0,2.0,0.0,0.0,0.0,0.0,0.0,1.0,0.0,1.0,1.0,0.0,0.0,0.0
md58_20,pretest_md58,Avito_Goods_gc-25-02-CC-Gender,brief column,Avito_Goods_gc-25-02-CC-Gender.mp4,/Users/asekorneev/Desktop/Creatives_validation/Avito_Goods_gc-25-02-CC-Gender.mp4,/Users/asekorneev/outputs/message_delivery_features_20260819/prepared_media/avitogoodsgc2502ccgender.mp4,True,Avito,20,train,0.21,0.21,1,1,9.0,1.0,0.049,0.29,/Users/asekorneev/outputs/aipm3_value_context_20260914/sources/promiser_comparison/combo_input.csv,current_saved_target,42.85714285714286,Existing OPM / existing message fraction,False,/Users/asekorneev/outputs/aipm_stability_20260919/human_quality_20260920/targets.csv,/Users/asekorneev/outputs/message_delivery_features_20260819/video_manifest.csv,4578099cb8a697f8a169117a375baa1ab7e211d736477922af0e6981886ad977,avitogoodsgc2502ccgender,4578099cb8a697f8a169117a375baa1ab7e211d736477922af0e6981886ad977,4578099cb8a697f8a169117a375baa1ab7e211d736477922af0e6981886ad977,Goods,Sale,md58_20,20,current 10 full runs,3.0,2.933333333333333,0.9666666666666666,3.0,2.933333333333333,0.9666666666666666,3.0,3.066666666666667,0.9333333333333332,2.0,2.1666666666666665,0.8999999999999998,3.0,2.9,0.9333333333333332,1.0,1.0,1.0,3.0,2.966666666666667,0.9666666666666666,0.0,0.0,1.0,4.0,4.066666666666666,0.9333333333333332,3.0,2.966666666666667,0.9666666666666666,2.0,2.033333333333333,0.9666666666666666,1.0,0.9666666666666668,0.9666666666666666,1.0,1.0,0.9333333333333332,0.0,0.3333333333333333,0.9666666666666666,1.0,1.0333333333333334,0.9333333333333332,2.0,1.9666666666666663,0.9666666666666666,1.0,1.0,1.0,3.0,2.966666666666667,0.9666666666666666,1.0,2.966666666666667,2.2988505747126435,0.1794871794871795,0.8205128205128205,0.1923076923076923,0.0384615384615384,0.0,0.21,2.933333333333333,2.933333333333333,3.066666666666667,2.1666666666666665,2.9,1.0,2.966666666666667,0.0,4.066666666666666,2.966666666666667,2.033333333333333,0.9666666666666668,1.0,0.3333333333333333,1.0333333333333334,1.9666666666666663,3.033333333333333,0.9666666666666668,2.933333333333333,2.933333333333333,1.0,2.966666666666667,20.0,0.4698142860384894,0.1212342178323421,0.1845492929271648,0.1484553376906318,0.0397356743230293,0.0386781831903929,0.1233088863750628,0.1754638162672477,0.0769230769230769,0.0,0.1294416000968288,0.1786329587455049,0.114558142701525,0.0601207539439201,14.880823135375977,0.08,12.943947792053224,,2.0,1.0,2.0,2.0,3.0,1.0,5,5,0.0,1.0,0.0,3.0,0.0,20.0,3.0,2.0,4.0,4.0,6.0,0.0,45.0,0.0,18.0,2.0,5.0,2.0,0.0,0.0,0.0,0.0,0.0,0.0,0.0,1.0,1.0,0.0,0.0,0.0
md58_20,pretest_md58,Avito_Goods_gc-25-02-CC-Gender,brief column,Avito_Goods_gc-25-02-CC-Gender.mp4,/Users/asekorneev/Desktop/Creatives_validation/Avito_Goods_gc-25-02-CC-Gender.mp4,/Users/asekorneev/outputs/message_delivery_features_20260819/prepared_media/avitogoodsgc2502ccgender.mp4,True,Avito,20,train,0.21,0.21,1,1,9.0,1.0,0.049,0.29,/Users/asekorneev/outputs/aipm3_value_context_20260914/sources/promiser_comparison/combo_input.csv,current_saved_target,42.85714285714286,Existing OPM / existing message fraction,False,/Users/asekorneev/outputs/aipm_stability_20260919/human_quality_20260920/targets.csv,/Users/asekorneev/outputs/message_delivery_features_20260819/video_manifest.csv,4578099cb8a697f8a169117a375baa1ab7e211d736477922af0e6981886ad977,avitogoodsgc2502ccgender,4578099cb8a697f8a169117a375baa1ab7e211d736477922af0e6981886ad977,4578099cb8a697f8a169117a375baa1ab7e211d736477922af0e6981886ad977,Goods,Sale,md58_20,20,current 10 full runs,3.0,3.0,1.0,3.0,3.0,1.0,3.0,3.033333333333333,0.9666666666666666,2.0,2.2333333333333334,0.9666666666666666,3.0,3.0,1.0,1.0,1.0,1.0,3.0,3.0,1.0,0.0,0.0,1.0,4.0,4.1,0.9333333333333332,3.0,2.9,1.0,2.0,2.033333333333333,0.9666666666666666,1.0,0.9,1.0,1.0,1.0333333333333334,0.9666666666666666,1.0,0.5,1.0,1.0,1.2,1.0,2.0,2.0,1.0,1.0,1.0,1.0,3.0,3.0,1.0,1.0,3.0,2.2988505747126435,0.1538461538461538,0.8461538461538461,0.3461538461538461,0.0384615384615384,0.0,0.21,3.0,3.0,3.033333333333333,2.2333333333333334,3.0,1.0,3.0,0.0,4.1,2.9,2.033333333333333,0.9,1.0333333333333334,0.5,1.2,2.0,3.033333333333333,1.0,3.0,3.0,1.0,3.0,20.0,0.4698142860384894,0.1212342178323421,0.1845492929271648,0.1484553376906318,0.0397356743230293,0.0386781831903929,0.1233088863750628,0.1754638162672477,0.0769230769230769,0.0,0.1294416000968288,0.1786329587455049,0.114558142701525,0.0601207539439201,14.880823135375977,0.08,12.943947792053224,,2.0,1.0,2.0,2.0,3.0,1.0,6,6,0.0,1.0,0.0,3.0,0.0,20.0,3.0,2.0,4.0,4.0,6.0,0.0,45.0,0.0,15.0,2.0,0.0,2.0,0.0,0.0,0.0,0.0,0.0,1.0,0.0,1.0,1.0,0.0,0.0,0.0
md58_20,pretest_md58,Avito_Goods_gc-25-02-CC-Gender,brief column,Avito_Goods_gc-25-02-CC-Gender.mp4,/Users/asekorneev/Desktop/Creatives_validation/Avito_Goods_gc-25-02-CC-Gender.mp4,/Users/asekorneev/outputs/message_delivery_features_20260819/prepared_media/avitogoodsgc2502ccgender.mp4,True,Avito,20,train,0.21,0.21,1,1,9.0,1.0,0.049,0.29,/Users/asekorneev/outputs/aipm3_value_context_20260914/sources/promiser_comparison/combo_input.csv,current_saved_target,42.85714285714286,Existing OPM / existing message fraction,False,/Users/asekorneev/outputs/aipm_stability_20260919/human_quality_20260920/targets.csv,/Users/asekorneev/outputs/message_delivery_features_20260819/video_manifest.csv,4578099cb8a697f8a169117a375baa1ab7e211d736477922af0e6981886ad977,avitogoodsgc2502ccgender,4578099cb8a697f8a169117a375baa1ab7e211d736477922af0e6981886ad977,4578099cb8a697f8a169117a375baa1ab7e211d736477922af0e6981886ad977,Goods,Sale,md58_20,20,current 10 full runs,3.0,3.0,1.0,3.0,3.0,1.0,3.0,3.033333333333333,0.9666666666666666,2.0,2.2333333333333334,0.9,3.0,2.933333333333333,0.9333333333333332,1.0,1.0,1.0,3.0,3.0,1.0,0.0,0.0,1.0,4.0,4.1,0.9333333333333332,3.0,3.0,1.0,2.0,2.066666666666667,0.9333333333333332,1.0,1.0,1.0,1.0,1.0333333333333334,0.9666666666666666,0.0,0.3,1.0,1.0,1.2,0.9333333333333332,2.0,2.0,1.0,1.0,1.0,1.0,3.0,3.0,1.0,1.0,3.0,2.2988505747126435,0.2564102564102564,0.7435897435897436,0.1153846153846153,0.0384615384615384,0.0,0.21,3.0,3.0,3.033333333333333,2.2333333333333334,2.933333333333333,1.0,3.0,0.0,4.1,3.0,2.066666666666667,1.0,1.0333333333333334,0.3,1.2,2.0,3.033333333333333,1.0,3.0,3.0,1.0,3.0,20.0,0.4698142860384894,0.1212342178323421,0.1845492929271648,0.1484553376906318,0.0397356743230293,0.0386781831903929,0.1233088863750628,0.1754638162672477,0.0769230769230769,0.0,0.1294416000968288,0.1786329587455049,0.114558142701525,0.0601207539439201,14.880823135375977,0.08,12.943947792053224,,2.0,1.0,3.0,3.0,3.0,1.0,7,7,0.0,1.0,0.0,3.0,0.0,20.0,3.0,2.0,4.0,4.0,6.0,0.0,45.0,0.0,20.0,2.0,0.0,2.0,0.0,0.0,0.0,0.0,0.0,1.0,0.0,1.0,1.0,0.0,0.0,0.0
md58_20,pretest_md58,Avito_Goods_gc-25-02-CC-Gender,brief column,Avito_Goods_gc-25-02-CC-Gender.mp4,/Users/asekorneev/Desktop/Creatives_validation/Avito_Goods_gc-25-02-CC-Gender.mp4,/Users/asekorneev/outputs/message_delivery_features_20260819/prepared_media/avitogoodsgc2502ccgender.mp4,True,Avito,20,train,0.21,0.21,1,1,9.0,1.0,0.049,0.29,/Users/asekorneev/outputs/aipm3_value_context_20260914/sources/promiser_comparison/combo_input.csv,current_saved_target,42.85714285714286,Existing OPM / existing message fraction,False,/Users/asekorneev/outputs/aipm_stability_20260919/human_quality_20260920/targets.csv,/Users/asekorneev/outputs/message_delivery_features_20260819/video_manifest.csv,4578099cb8a697f8a169117a375baa1ab7e211d736477922af0e6981886ad977,avitogoodsgc2502ccgender,4578099cb8a697f8a169117a375baa1ab7e211d736477922af0e6981886ad977,4578099cb8a697f8a169117a375baa1ab7e211d736477922af0e6981886ad977,Goods,Sale,md58_20,20,current 10 full runs,3.0,3.0,1.0,3.0,3.0,1.0,3.0,3.066666666666667,0.9333333333333332,2.0,2.3,0.8999999999999998,3.0,3.033333333333333,0.9666666666666666,1.0,1.0,1.0,3.0,3.0,1.0,0.0,0.0,1.0,4.0,4.133333333333334,0.8999999999999998,3.0,3.0,1.0,2.0,2.033333333333333,0.9666666666666666,1.0,1.0,1.0,1.0,1.0333333333333334,0.9666666666666666,0.0,0.3,1.0,1.0,1.0666666666666669,0.9666666666666666,2.0,2.0,1.0,1.0,1.0,1.0,3.0,3.0,1.0,1.0,3.0,2.2988505747126435,0.1794871794871794,0.8205128205128206,0.8076923076923077,0.141025641025641,0.2051282051282051,0.21,3.0,3.0,3.066666666666667,2.3,3.033333333333333,1.0,3.0,0.0,4.133333333333334,3.0,2.033333333333333,1.0,1.0333333333333334,0.3,1.0666666666666669,2.0,3.066666666666667,1.0,3.0,3.0,1.0,3.0,20.0,0.4698142860384894,0.1212342178323421,0.1845492929271648,0.1484553376906318,0.0397356743230293,0.0386781831903929,0.1233088863750628,0.1754638162672477,0.0769230769230769,0.0,0.1294416000968288,0.1786329587455049,0.114558142701525,0.0601207539439201,14.880823135375977,0.08,12.943947792053224,,2.0,1.0,3.0,3.0,3.0,0.0,8,8,0.0,1.0,0.0,3.0,0.0,20.0,3.0,2.0,4.0,4.0,6.0,0.0,45.0,0.0,15.0,2.0,0.0,2.0,0.0,0.0,0.0,0.0,0.0,1.0,0.0,1.0,1.0,0.0,0.0,0.0
md58_20,pretest_md58,Avito_Goods_gc-25-02-CC-Gender,brief column,Avito_Goods_gc-25-02-CC-Gender.mp4,/Users/asekorneev/Desktop/Creatives_validation/Avito_Goods_gc-25-02-CC-Gender.mp4,/Users/asekorneev/outputs/message_delivery_features_20260819/prepared_media/avitogoodsgc2502ccgender.mp4,True,Avito,20,train,0.21,0.21,1,1,9.0,1.0,0.049,0.29,/Users/asekorneev/outputs/aipm3_value_context_20260914/sources/promiser_comparison/combo_input.csv,current_saved_target,42.85714285714286,Existing OPM / existing message fraction,False,/Users/asekorneev/outputs/aipm_stability_20260919/human_quality_20260920/targets.csv,/Users/asekorneev/outputs/message_delivery_features_20260819/video_manifest.csv,4578099cb8a697f8a169117a375baa1ab7e211d736477922af0e6981886ad977,avitogoodsgc2502ccgender,4578099cb8a697f8a169117a375baa1ab7e211d736477922af0e6981886ad977,4578099cb8a697f8a169117a375baa1ab7e211d736477922af0e6981886ad977,Goods,Sale,md58_20,20,current 10 full runs,3.0,3.0,1.0,3.0,3.0,1.0,3.0,3.1,0.9,2.0,2.3666666666666667,0.8666666666666666,3.0,3.033333333333333,0.9666666666666666,1.0,1.0,1.0,3.0,3.0,1.0,0.0,0.0,1.0,4.0,4.1,0.9,3.0,2.933333333333333,0.9666666666666666,2.0,2.066666666666667,0.9333333333333332,1.0,1.0,1.0,1.0,1.0333333333333334,0.9666666666666666,1.0,0.7,1.0,1.0,1.3,0.9333333333333332,2.0,2.0,1.0,1.0,1.0,1.0,3.0,3.0,1.0,1.0,3.0,2.2988505747126435,0.1794871794871795,0.8205128205128205,0.2692307692307692,0.0384615384615384,0.0,0.21,3.0,3.0,3.1,2.3666666666666667,3.033333333333333,1.0,3.0,0.0,4.1,2.933333333333333,2.066666666666667,1.0,1.0333333333333334,0.7,1.3,2.0,3.1,1.0,3.0,3.0,1.0,3.0,20.0,0.4698142860384894,0.1212342178323421,0.1845492929271648,0.1484553376906318,0.0397356743230293,0.0386781831903929,0.1233088863750628,0.1754638162672477,0.0769230769230769,0.0,0.1294416000968288,0.1786329587455049,0.114558142701525,0.0601207539439201,14.880823135375977,0.08,12.943947792053224,,2.0,1.0,2.0,2.0,3.0,1.0,9,9,0.0,1.0,0.0,3.0,0.0,20.0,3.0,2.0,4.0,4.0,6.0,0.0,45.0,0.0,18.0,2.0,0.0,2.0,0.0,0.0,0.0,0.0,0.0,1.0,0.0,1.0,1.0,0.0,0.0,0.0
md58_20,pretest_md58,Avito_Goods_gc-25-02-CC-Gender,brief column,Avito_Goods_gc-25-02-CC-Gender.mp4,/Users/asekorneev/Desktop/Creatives_validation/Avito_Goods_gc-25-02-CC-Gender.mp4,/Users/asekorneev/outputs/message_delivery_features_20260819/prepared_media/avitogoodsgc2502ccgender.mp4,True,Avito,20,train,0.21,0.21,1,1,9.0,1.0,0.049,0.29,/Users/asekorneev/outputs/aipm3_value_context_20260914/sources/promiser_comparison/combo_input.csv,current_saved_target,42.85714285714286,Existing OPM / existing message fraction,False,/Users/asekorneev/outputs/aipm_stability_20260919/human_quality_20260920/targets.csv,/Users/asekorneev/outputs/message_delivery_features_20260819/video_manifest.csv,4578099cb8a697f8a169117a375baa1ab7e211d736477922af0e6981886ad977,avitogoodsgc2502ccgender,4578099cb8a697f8a169117a375baa1ab7e211d736477922af0e6981886ad977,4578099cb8a697f8a169117a375baa1ab7e211d736477922af0e6981886ad977,Goods,Sale,md58_20,20,current 10 full runs,3.0,3.0,1.0,3.0,3.0,1.0,3.0,3.066666666666667,0.9333333333333332,2.0,2.066666666666667,0.9333333333333332,3.0,3.0,1.0,1.0,1.0,1.0,3.0,3.0,1.0,0.0,0.0,1.0,4.0,4.166666666666667,0.9333333333333332,3.0,3.033333333333333,0.9666666666666666,2.0,2.1666666666666665,0.9333333333333332,1.0,1.0,1.0,1.0,1.0333333333333334,0.9666666666666666,0.0,0.2,1.0,1.0,1.1,0.9333333333333332,2.0,2.0,1.0,1.0,1.0,1.0,3.0,3.0,1.0,1.0,3.0,2.2988505747126435,0.2051282051282051,0.7948717948717948,0.3461538461538461,0.141025641025641,0.1538461538461538,0.21,3.0,3.0,3.066666666666667,2.066666666666667,3.0,1.0,3.0,0.0,4.166666666666667,3.033333333333333,2.1666666666666665,1.0,1.0333333333333334,0.2,1.1,2.0,3.066666666666667,1.0,3.0,3.0,1.0,3.0,20.0,0.4698142860384894,0.1212342178323421,0.1845492929271648,0.1484553376906318,0.0397356743230293,0.0386781831903929,0.1233088863750628,0.1754638162672477,0.0769230769230769,0.0,0.1294416000968288,0.1786329587455049,0.114558142701525,0.0601207539439201,14.880823135375977,0.08,12.943947792053224,,2.0,1.0,3.0,3.0,3.0,0.0,10,10,0.0,1.0,0.0,3.0,0.0,20.0,3.0,2.0,4.0,4.0,6.0,0.0,45.0,0.0,18.0,2.0,0.0,2.0,0.0,0.0,0.0,0.0,0.0,1.0,0.0,1.0,1.0,0.0,0.0,0.0
md58_21,pretest_md58,Avito_Goods_gc-25-03-SP-SummerTires-T1,brief column,Avito_Goods_gc-25-03-SP-SummerTires-T1.mp4,/Users/asekorneev/Desktop/Creatives_validation/Avito_Goods_gc-25-03-SP-SummerTires-T1.mp4,/Users/asekorneev/outputs/message_delivery_features_20260819/prepared_media/avitogoodsgc2503spsummertirest1.mp4,True,Avito,21,train,0.23,0.23,1,1,9.0,1.0,0.0984,0.24,/Users/asekorneev/outputs/aipm3_value_context_20260914/sources/promiser_comparison/combo_input.csv,current_saved_target,39.130434782608695,Existing OPM / existing message fraction,False,/Users/asekorneev/outputs/aipm_stability_20260919/human_quality_20260920/targets.csv,/Users/asekorneev/outputs/message_delivery_features_20260819/video_manifest.csv,f678c2339636323bb95679ec579b6e28648f67be1d2b09bb94b572f3cb495aa5,avitogoodsgc2503spsummertirest1,,f678c2339636323bb95679ec579b6e28648f67be1d2b09bb94b572f3cb495aa5,Goods,Goods,md58_21,21,saved historical same-protocol Pro extraction,3.0,3.0,1.0,3.0,3.0,1.0,2.0,2.0,1.0,2.0,2.0,1.0,3.0,2.8,0.9333333333333332,2.0,2.0,1.0,3.0,3.0,1.0,1.0,1.0,1.0,4.0,4.0,1.0,1.0,1.0,1.0,2.0,1.8,0.9333333333333332,1.0,1.0,1.0,1.0,1.0,1.0,2.0,2.0,1.0,1.0,1.0,1.0,2.0,2.0,1.0,0.0,0.2,1.0,3.0,3.0,1.0,0.0,3.0,1.5992003998001,0.0512820512820513,0.9487179487179488,,,,0.23,3.0,3.0,2.0,2.0,2.8,2.0,3.0,1.0,4.0,1.0,1.8,1.0,1.0,2.0,1.0,2.0,2.0,1.0,3.0,3.0,0.2,3.0,20.0,0.3660811909949164,0.0850990578422013,0.2081021982517431,0.1418283632897603,0.099228233800126,0.044989257712117,0.1344972673779863,0.2231767247639796,0.2051282051282051,0.0,0.1556584362139917,0.19474211183754,0.0828692356572258,0.0703004077076911,8.236873626708984,0.06,8.197440147399902,,3.0,0.0,2.0,1.0,3.0,0.0,1,1,0.0,1.0,1.0,2.0,1.0,20.0,2.0,3.0,5.0,4.0,2.0,3.0,30.0,9.0,11.0,3.0,0.0,1.0,0.0,0.0,1.0,1.0,0.0,0.0,1.0,1.0,0.0,1.0,1.0,0.0
md58_22,pretest_md58,Avito_Goods_gc-25-04-H&L-T1-Construction,brief column,Avito_Goods_gc-25-04-H&L-T1-Construction.mp4,/Users/asekorneev/Desktop/Creatives_validation/Avito_Goods_gc-25-04-H&L-T1-Construction.mp4,/Users/asekorneev/outputs/message_delivery_features_20260819/prepared_media/avitogoodsgc2504hlt1construction.mp4,True,Avito,22,train,0.32,0.32,2,2,8.0,0.0,0.1,0.26,/Users/asekorneev/outputs/aipm3_value_context_20260914/sources/promiser_comparison/combo_input.csv,current_saved_target,25.0,Existing OPM / existing message fraction,False,/Users/asekorneev/outputs/aipm_stability_20260919/human_quality_20260920/targets.csv,/Users/asekorneev/outputs/message_delivery_features_20260819/video_manifest.csv,a65e6ebc06a8a0d13ab515dd9e0920ef454b0883855b7031854b2e795b0c6f33,avitogoodsgc2504hlt1construction,a65e6ebc06a8a0d13ab515dd9e0920ef454b0883855b7031854b2e795b0c6f33,a65e6ebc06a8a0d13ab515dd9e0920ef454b0883855b7031854b2e795b0c6f33,Goods,HL-Construction,md58_22,22,current 10 full runs,2.0,2.0,1.0,3.0,3.0,1.0,2.0,2.0,1.0,2.0,1.9666666666666663,0.9666666666666666,3.0,2.8333333333333335,0.9333333333333332,2.0,2.0,1.0,3.0,3.0,1.0,1.0,1.4,1.0,4.0,4.0,1.0,2.0,2.0,1.0,1.0,1.0,1.0,1.0,0.6,1.0,1.0,1.0,1.0,2.0,2.0,1.0,1.0,1.0,1.0,2.0,2.0,1.0,0.0,0.0,1.0,3.0,3.0,1.0,0.0,3.0,1.7824421122771943,0.1025641025641025,0.8974358974358975,0.2692307692307692,0.2307692307692307,0.3333333333333333,0.32,2.0,3.0,2.0,1.9666666666666663,2.8333333333333335,2.0,3.0,1.4,4.0,2.0,1.0,0.6,1.0,2.0,1.0,2.0,2.0,1.0,2.0,3.0,0.0,3.0,20.0,0.4987462985657225,0.2000830593483829,0.2299553413701018,0.1082749319172113,0.0452892871404337,0.0536806682234055,0.1250492686628307,0.3119355664488019,0.1794871794871795,0.0256410256410256,0.136490619704672,0.1917606107956607,0.1454418119099491,0.068160779774189,11.287797927856444,0.02,4.969089508056641,,2.0,1.0,2.0,1.0,3.0,1.0,1,1,1.0,1.0,1.0,2.0,0.0,20.0,2.0,4.0,3.0,2.0,3.0,5.0,35.0,0.0,20.0,4.0,0.0,1.0,0.0,1.0,0.0,1.0,0.0,0.0,0.0,1.0,1.0,0.0,1.0,0.0
md58_22,pretest_md58,Avito_Goods_gc-25-04-H&L-T1-Construction,brief column,Avito_Goods_gc-25-04-H&L-T1-Construction.mp4,/Users/asekorneev/Desktop/Creatives_validation/Avito_Goods_gc-25-04-H&L-T1-Construction.mp4,/Users/asekorneev/outputs/message_delivery_features_20260819/prepared_media/avitogoodsgc2504hlt1construction.mp4,True,Avito,22,train,0.32,0.32,2,2,8.0,0.0,0.1,0.26,/Users/asekorneev/outputs/aipm3_value_context_20260914/sources/promiser_comparison/combo_input.csv,current_saved_target,25.0,Existing OPM / existing message fraction,False,/Users/asekorneev/outputs/aipm_stability_20260919/human_quality_20260920/targets.csv,/Users/asekorneev/outputs/message_delivery_features_20260819/video_manifest.csv,a65e6ebc06a8a0d13ab515dd9e0920ef454b0883855b7031854b2e795b0c6f33,avitogoodsgc2504hlt1construction,a65e6ebc06a8a0d13ab515dd9e0920ef454b0883855b7031854b2e795b0c6f33,a65e6ebc06a8a0d13ab515dd9e0920ef454b0883855b7031854b2e795b0c6f33,Goods,HL-Construction,md58_22,22,current 10 full runs,2.0,2.0,1.0,3.0,2.9,1.0,2.0,2.0,1.0,2.0,2.0,1.0,3.0,2.7666666666666666,0.9666666666666666,2.0,2.0,1.0,3.0,3.0,1.0,2.0,1.6,1.0,4.0,4.0,1.0,2.0,2.0,1.0,1.0,1.0,1.0,1.0,0.7,1.0,1.0,1.0,1.0,2.0,2.0,1.0,1.0,1.0,1.0,2.0,2.0,1.0,0.0,0.0,1.0,3.0,3.0,1.0,0.0,3.0,1.765783774779277,0.2051282051282051,0.7948717948717949,0.1923076923076923,0.0897435897435897,0.1025641025641025,0.32,2.0,2.9,2.0,2.0,2.7666666666666666,2.0,3.0,1.6,4.0,2.0,1.0,0.7,1.0,2.0,1.0,2.0,2.0,1.0,2.0,2.9,0.0,3.0,20.0,0.4987462985657225,0.2000830593483829,0.2299553413701018,0.1082749319172113,0.0452892871404337,0.0536806682234055,0.1250492686628307,0.3119355664488019,0.1794871794871795,0.0256410256410256,0.136490619704672,0.1917606107956607,0.1454418119099491,0.068160779774189,11.287797927856444,0.02,4.969089508056641,,2.0,1.0,2.0,1.0,3.0,1.0,2,2,1.0,1.0,1.0,2.0,0.0,20.0,2.0,4.0,3.0,2.0,3.0,5.0,35.0,0.0,20.0,4.0,0.0,1.0,0.0,1.0,0.0,1.0,0.0,0.0,0.0,1.0,1.0,0.0,1.0,1.0
md58_22,pretest_md58,Avito_Goods_gc-25-04-H&L-T1-Construction,brief column,Avito_Goods_gc-25-04-H&L-T1-Construction.mp4,/Users/asekorneev/Desktop/Creatives_validation/Avito_Goods_gc-25-04-H&L-T1-Construction.mp4,/Users/asekorneev/outputs/message_delivery_features_20260819/prepared_media/avitogoodsgc2504hlt1construction.mp4,True,Avito,22,train,0.32,0.32,2,2,8.0,0.0,0.1,0.26,/Users/asekorneev/outputs/aipm3_value_context_20260914/sources/promiser_comparison/combo_input.csv,current_saved_target,25.0,Existing OPM / existing message fraction,False,/Users/asekorneev/outputs/aipm_stability_20260919/human_quality_20260920/targets.csv,/Users/asekorneev/outputs/message_delivery_features_20260819/video_manifest.csv,a65e6ebc06a8a0d13ab515dd9e0920ef454b0883855b7031854b2e795b0c6f33,avitogoodsgc2504hlt1construction,a65e6ebc06a8a0d13ab515dd9e0920ef454b0883855b7031854b2e795b0c6f33,a65e6ebc06a8a0d13ab515dd9e0920ef454b0883855b7031854b2e795b0c6f33,Goods,HL-Construction,md58_22,22,current 10 full runs,2.0,2.0,1.0,3.0,3.0,1.0,2.0,2.0,1.0,2.0,1.9666666666666663,0.9666666666666666,3.0,2.7666666666666666,0.9666666666666666,2.0,2.0,1.0,3.0,3.0,1.0,1.0,1.3,1.0,4.0,3.966666666666667,0.9666666666666666,2.0,2.0,1.0,1.0,1.0,1.0,1.0,0.5,1.0,1.0,1.0,1.0,2.0,2.0,1.0,1.0,1.0,1.0,2.0,2.0,1.0,0.0,0.0,1.0,3.0,2.966666666666667,0.9666666666666666,0.0,2.966666666666667,1.765783774779277,0.2051282051282051,0.7948717948717948,0.1923076923076923,0.0897435897435897,0.1025641025641025,0.32,2.0,3.0,2.0,1.9666666666666663,2.7666666666666666,2.0,3.0,1.3,3.966666666666667,2.0,1.0,0.5,1.0,2.0,1.0,2.0,2.0,1.0,2.0,2.966666666666667,0.0,2.966666666666667,20.0,0.4987462985657225,0.2000830593483829,0.2299553413701018,0.1082749319172113,0.0452892871404337,0.0536806682234055,0.1250492686628307,0.3119355664488019,0.1794871794871795,0.0256410256410256,0.136490619704672,0.1917606107956607,0.1454418119099491,0.068160779774189,11.287797927856444,0.02,4.969089508056641,,2.0,1.0,2.0,1.0,3.0,1.0,3,3,1.0,1.0,1.0,2.0,0.0,20.0,2.0,4.0,3.0,2.0,2.0,5.0,35.0,0.0,20.0,4.0,0.0,1.0,0.0,1.0,0.0,1.0,1.0,0.0,0.0,1.0,1.0,0.0,1.0,0.0
md58_22,pretest_md58,Avito_Goods_gc-25-04-H&L-T1-Construction,brief column,Avito_Goods_gc-25-04-H&L-T1-Construction.mp4,/Users/asekorneev/Desktop/Creatives_validation/Avito_Goods_gc-25-04-H&L-T1-Construction.mp4,/Users/asekorneev/outputs/message_delivery_features_20260819/prepared_media/avitogoodsgc2504hlt1construction.mp4,True,Avito,22,train,0.32,0.32,2,2,8.0,0.0,0.1,0.26,/Users/asekorneev/outputs/aipm3_value_context_20260914/sources/promiser_comparison/combo_input.csv,current_saved_target,25.0,Existing OPM / existing message fraction,False,/Users/asekorneev/outputs/aipm_stability_20260919/human_quality_20260920/targets.csv,/Users/asekorneev/outputs/message_delivery_features_20260819/video_manifest.csv,a65e6ebc06a8a0d13ab515dd9e0920ef454b0883855b7031854b2e795b0c6f33,avitogoodsgc2504hlt1construction,a65e6ebc06a8a0d13ab515dd9e0920ef454b0883855b7031854b2e795b0c6f33,a65e6ebc06a8a0d13ab515dd9e0920ef454b0883855b7031854b2e795b0c6f33,Goods,HL-Construction,md58_22,22,current 10 full runs,2.0,2.0,1.0,3.0,2.9,1.0,2.0,2.0,1.0,2.0,2.0,1.0,3.0,2.8666666666666667,0.9666666666666666,2.0,2.0,1.0,3.0,3.0,1.0,2.0,1.5,1.0,4.0,4.0,1.0,2.0,2.0,1.0,1.0,1.0,1.0,1.0,0.8,1.0,1.0,1.0,1.0,2.0,2.0,1.0,1.0,1.0,1.0,2.0,2.0,1.0,0.0,0.0,1.0,3.0,3.0,1.0,0.0,3.0,1.7824421122771943,0.1794871794871795,0.8205128205128205,0.1923076923076923,0.1025641025641025,0.1282051282051282,0.32,2.0,2.9,2.0,2.0,2.8666666666666667,2.0,3.0,1.5,4.0,2.0,1.0,0.8,1.0,2.0,1.0,2.0,2.0,1.0,2.0,2.9,0.0,3.0,20.0,0.4987462985657225,0.2000830593483829,0.2299553413701018,0.1082749319172113,0.0452892871404337,0.0536806682234055,0.1250492686628307,0.3119355664488019,0.1794871794871795,0.0256410256410256,0.136490619704672,0.1917606107956607,0.1454418119099491,0.068160779774189,11.287797927856444,0.02,4.969089508056641,,2.0,0.0,2.0,1.0,3.0,1.0,4,4,1.0,1.0,1.0,2.0,0.0,20.0,2.0,4.0,3.0,2.0,3.0,5.0,35.0,0.0,20.0,4.0,0.0,1.0,0.0,1.0,0.0,1.0,0.0,0.0,0.0,1.0,1.0,0.0,1.0,1.0
md58_22,pretest_md58,Avito_Goods_gc-25-04-H&L-T1-Construction,brief column,Avito_Goods_gc-25-04-H&L-T1-Construction.mp4,/Users/asekorneev/Desktop/Creatives_validation/Avito_Goods_gc-25-04-H&L-T1-Construction.mp4,/Users/asekorneev/outputs/message_delivery_features_20260819/prepared_media/avitogoodsgc2504hlt1construction.mp4,True,Avito,22,train,0.32,0.32,2,2,8.0,0.0,0.1,0.26,/Users/asekorneev/outputs/aipm3_value_context_20260914/sources/promiser_comparison/combo_input.csv,current_saved_target,25.0,Existing OPM / existing message fraction,False,/Users/asekorneev/outputs/aipm_stability_20260919/human_quality_20260920/targets.csv,/Users/asekorneev/outputs/message_delivery_features_20260819/video_manifest.csv,a65e6ebc06a8a0d13ab515dd9e0920ef454b0883855b7031854b2e795b0c6f33,avitogoodsgc2504hlt1construction,a65e6ebc06a8a0d13ab515dd9e0920ef454b0883855b7031854b2e795b0c6f33,a65e6ebc06a8a0d13ab515dd9e0920ef454b0883855b7031854b2e795b0c6f33,Goods,HL-Construction,md58_22,22,current 10 full runs,2.0,2.0,1.0,3.0,3.0,1.0,2.0,2.0,1.0,2.0,1.9666666666666663,0.9666666666666666,3.0,2.9,0.9,2.0,2.0,1.0,3.0,3.0,1.0,1.0,1.4,1.0,4.0,4.0,1.0,2.0,2.0,1.0,1.0,1.1,1.0,1.0,0.6,1.0,1.0,1.0,1.0,2.0,2.0,1.0,1.0,1.0,1.0,2.0,2.0,1.0,0.0,0.0,1.0,3.0,3.0,1.0,0.0,3.0,1.765783774779277,0.2051282051282051,0.7948717948717948,0.1923076923076923,0.0641025641025641,0.0512820512820512,0.32,2.0,3.0,2.0,1.9666666666666663,2.9,2.0,3.0,1.4,4.0,2.0,1.1,0.6,1.0,2.0,1.0,2.0,2.0,1.0,2.0,3.0,0.0,3.0,20.0,0.4987462985657225,0.2000830593483829,0.2299553413701018,0.1082749319172113,0.0452892871404337,0.0536806682234055,0.1250492686628307,0.3119355664488019,0.1794871794871795,0.0256410256410256,0.136490619704672,0.1917606107956607,0.1454418119099491,0.068160779774189,11.287797927856444,0.02,4.969089508056641,,2.0,1.0,2.0,1.0,3.0,1.0,5,5,1.0,1.0,1.0,2.0,0.0,20.0,2.0,4.0,3.0,2.0,3.0,5.0,35.0,0.0,20.0,4.0,0.0,1.0,0.0,1.0,0.0,1.0,0.0,0.0,0.0,1.0,1.0,0.0,1.0,1.0
md58_22,pretest_md58,Avito_Goods_gc-25-04-H&L-T1-Construction,brief column,Avito_Goods_gc-25-04-H&L-T1-Construction.mp4,/Users/asekorneev/Desktop/Creatives_validation/Avito_Goods_gc-25-04-H&L-T1-Construction.mp4,/Users/asekorneev/outputs/message_delivery_features_20260819/prepared_media/avitogoodsgc2504hlt1construction.mp4,True,Avito,22,train,0.32,0.32,2,2,8.0,0.0,0.1,0.26,/Users/asekorneev/outputs/aipm3_value_context_20260914/sources/promiser_comparison/combo_input.csv,current_saved_target,25.0,Existing OPM / existing message fraction,False,/Users/asekorneev/outputs/aipm_stability_20260919/human_quality_20260920/targets.csv,/Users/asekorneev/outputs/message_delivery_features_20260819/video_manifest.csv,a65e6ebc06a8a0d13ab515dd9e0920ef454b0883855b7031854b2e795b0c6f33,avitogoodsgc2504hlt1construction,a65e6ebc06a8a0d13ab515dd9e0920ef454b0883855b7031854b2e795b0c6f33,a65e6ebc06a8a0d13ab515dd9e0920ef454b0883855b7031854b2e795b0c6f33,Goods,HL-Construction,md58_22,22,current 10 full runs,2.0,2.0,1.0,3.0,2.9,1.0,2.0,2.0,1.0,2.0,1.9666666666666663,0.9666666666666666,3.0,2.8666666666666667,0.9666666666666666,2.0,2.0,1.0,3.0,3.0,1.0,1.0,1.4,1.0,4.0,4.0,1.0,2.0,2.0,1.0,1.0,1.0,1.0,0.0,0.4,1.0,1.0,1.0,1.0,2.0,2.0,1.0,1.0,1.0,1.0,2.0,2.0,1.0,0.0,0.0,1.0,3.0,3.0,1.0,0.0,3.0,1.7991004497751124,0.1794871794871795,0.8205128205128205,0.1153846153846153,0.0641025641025641,0.0512820512820512,0.32,2.0,2.9,2.0,1.9666666666666663,2.8666666666666667,2.0,3.0,1.4,4.0,2.0,1.0,0.4,1.0,2.0,1.0,2.0,2.0,1.0,2.0,2.9,0.0,3.0,20.0,0.4987462985657225,0.2000830593483829,0.2299553413701018,0.1082749319172113,0.0452892871404337,0.0536806682234055,0.1250492686628307,0.3119355664488019,0.1794871794871795,0.0256410256410256,0.136490619704672,0.1917606107956607,0.1454418119099491,0.068160779774189,11.287797927856444,0.02,4.969089508056641,,2.0,1.0,2.0,1.0,3.0,1.0,6,6,1.0,1.0,1.0,2.0,0.0,20.0,2.0,4.0,3.0,2.0,2.0,5.0,35.0,0.0,20.0,4.0,0.0,1.0,0.0,1.0,0.0,1.0,1.0,0.0,0.0,1.0,1.0,0.0,1.0,0.0
md58_22,pretest_md58,Avito_Goods_gc-25-04-H&L-T1-Construction,brief column,Avito_Goods_gc-25-04-H&L-T1-Construction.mp4,/Users/asekorneev/Desktop/Creatives_validation/Avito_Goods_gc-25-04-H&L-T1-Construction.mp4,/Users/asekorneev/outputs/message_delivery_features_20260819/prepared_media/avitogoodsgc2504hlt1construction.mp4,True,Avito,22,train,0.32,0.32,2,2,8.0,0.0,0.1,0.26,/Users/asekorneev/outputs/aipm3_value_context_20260914/sources/promiser_comparison/combo_input.csv,current_saved_target,25.0,Existing OPM / existing message fraction,False,/Users/asekorneev/outputs/aipm_stability_20260919/human_quality_20260920/targets.csv,/Users/asekorneev/outputs/message_delivery_features_20260819/video_manifest.csv,a65e6ebc06a8a0d13ab515dd9e0920ef454b0883855b7031854b2e795b0c6f33,avitogoodsgc2504hlt1construction,a65e6ebc06a8a0d13ab515dd9e0920ef454b0883855b7031854b2e795b0c6f33,a65e6ebc06a8a0d13ab515dd9e0920ef454b0883855b7031854b2e795b0c6f33,Goods,HL-Construction,md58_22,22,current 10 full runs,2.0,2.0,1.0,3.0,2.8,1.0,2.0,2.0,1.0,2.0,2.0,1.0,3.0,2.8666666666666667,0.9666666666666666,2.0,2.0,1.0,3.0,3.0,1.0,2.0,1.5,1.0,4.0,4.0,1.0,2.0,2.0,1.0,1.0,1.0,1.0,1.0,0.6,1.0,1.0,1.0,1.0,2.0,2.0,1.0,1.0,1.0,1.0,2.0,2.0,1.0,0.0,0.0,1.0,3.0,3.0,1.0,0.0,3.0,1.765783774779277,0.1025641025641025,0.8974358974358975,0.2692307692307692,0.2179487179487179,0.358974358974359,0.32,2.0,2.8,2.0,2.0,2.8666666666666667,2.0,3.0,1.5,4.0,2.0,1.0,0.6,1.0,2.0,1.0,2.0,2.0,1.0,2.0,2.8,0.0,3.0,20.0,0.4987462985657225,0.2000830593483829,0.2299553413701018,0.1082749319172113,0.0452892871404337,0.0536806682234055,0.1250492686628307,0.3119355664488019,0.1794871794871795,0.0256410256410256,0.136490619704672,0.1917606107956607,0.1454418119099491,0.068160779774189,11.287797927856444,0.02,4.969089508056641,,2.0,1.0,2.0,1.0,3.0,1.0,7,7,1.0,1.0,1.0,2.0,0.0,20.0,2.0,4.0,3.0,2.0,3.0,5.0,35.0,0.0,20.0,4.0,0.0,1.0,0.0,1.0,0.0,1.0,0.0,0.0,0.0,1.0,1.0,0.0,1.0,1.0
md58_22,pretest_md58,Avito_Goods_gc-25-04-H&L-T1-Construction,brief column,Avito_Goods_gc-25-04-H&L-T1-Construction.mp4,/Users/asekorneev/Desktop/Creatives_validation/Avito_Goods_gc-25-04-H&L-T1-Construction.mp4,/Users/asekorneev/outputs/message_delivery_features_20260819/prepared_media/avitogoodsgc2504hlt1construction.mp4,True,Avito,22,train,0.32,0.32,2,2,8.0,0.0,0.1,0.26,/Users/asekorneev/outputs/aipm3_value_context_20260914/sources/promiser_comparison/combo_input.csv,current_saved_target,25.0,Existing OPM / existing message fraction,False,/Users/asekorneev/outputs/aipm_stability_20260919/human_quality_20260920/targets.csv,/Users/asekorneev/outputs/message_delivery_features_20260819/video_manifest.csv,a65e6ebc06a8a0d13ab515dd9e0920ef454b0883855b7031854b2e795b0c6f33,avitogoodsgc2504hlt1construction,a65e6ebc06a8a0d13ab515dd9e0920ef454b0883855b7031854b2e795b0c6f33,a65e6ebc06a8a0d13ab515dd9e0920ef454b0883855b7031854b2e795b0c6f33,Goods,HL-Construction,md58_22,22,current 10 full runs,2.0,2.0,1.0,3.0,3.0,1.0,2.0,2.0,1.0,2.0,2.0,1.0,3.0,2.9,1.0,2.0,2.0,1.0,3.0,3.0,1.0,1.0,1.4,1.0,4.0,4.0,1.0,2.0,2.0,1.0,1.0,1.1,1.0,1.0,0.8,1.0,1.0,1.0,1.0,2.0,2.0,1.0,1.0,1.0,1.0,2.0,2.0,1.0,0.0,0.0,1.0,3.0,3.0,1.0,0.0,3.0,1.765783774779277,0.1282051282051282,0.8717948717948718,0.1923076923076923,0.1153846153846153,0.1538461538461538,0.32,2.0,3.0,2.0,2.0,2.9,2.0,3.0,1.4,4.0,2.0,1.1,0.8,1.0,2.0,1.0,2.0,2.0,1.0,2.0,3.0,0.0,3.0,20.0,0.4987462985657225,0.2000830593483829,0.2299553413701018,0.1082749319172113,0.0452892871404337,0.0536806682234055,0.1250492686628307,0.3119355664488019,0.1794871794871795,0.0256410256410256,0.136490619704672,0.1917606107956607,0.1454418119099491,0.068160779774189,11.287797927856444,0.02,4.969089508056641,,2.0,1.0,2.0,1.0,3.0,1.0,8,8,1.0,1.0,1.0,2.0,0.0,20.0,2.0,4.0,3.0,2.0,3.0,5.0,35.0,0.0,20.0,4.0,0.0,1.0,0.0,1.0,0.0,1.0,0.0,0.0,0.0,1.0,1.0,0.0,1.0,1.0
md58_22,pretest_md58,Avito_Goods_gc-25-04-H&L-T1-Construction,brief column,Avito_Goods_gc-25-04-H&L-T1-Construction.mp4,/Users/asekorneev/Desktop/Creatives_validation/Avito_Goods_gc-25-04-H&L-T1-Construction.mp4,/Users/asekorneev/outputs/message_delivery_features_20260819/prepared_media/avitogoodsgc2504hlt1construction.mp4,True,Avito,22,train,0.32,0.32,2,2,8.0,0.0,0.1,0.26,/Users/asekorneev/outputs/aipm3_value_context_20260914/sources/promiser_comparison/combo_input.csv,current_saved_target,25.0,Existing OPM / existing message fraction,False,/Users/asekorneev/outputs/aipm_stability_20260919/human_quality_20260920/targets.csv,/Users/asekorneev/outputs/message_delivery_features_20260819/video_manifest.csv,a65e6ebc06a8a0d13ab515dd9e0920ef454b0883855b7031854b2e795b0c6f33,avitogoodsgc2504hlt1construction,a65e6ebc06a8a0d13ab515dd9e0920ef454b0883855b7031854b2e795b0c6f33,a65e6ebc06a8a0d13ab515dd9e0920ef454b0883855b7031854b2e795b0c6f33,Goods,HL-Construction,md58_22,22,current 10 full runs,2.0,2.0,1.0,3.0,3.0,1.0,2.0,2.0,1.0,2.0,2.0,1.0,3.0,2.8666666666666667,0.9666666666666666,2.0,2.0,1.0,3.0,3.0,1.0,1.0,1.3,1.0,4.0,4.0,1.0,2.0,2.0,1.0,1.0,1.1,1.0,1.0,0.6,1.0,1.0,1.0,1.0,2.0,2.0,1.0,1.0,1.0,1.0,2.0,2.0,1.0,0.0,0.0,1.0,3.0,3.0,1.0,0.0,3.0,1.7824421122771943,0.1282051282051281,0.8717948717948718,0.1923076923076923,0.1794871794871795,0.2307692307692307,0.32,2.0,3.0,2.0,2.0,2.8666666666666667,2.0,3.0,1.3,4.0,2.0,1.1,0.6,1.0,2.0,1.0,2.0,2.0,1.0,2.0,3.0,0.0,3.0,20.0,0.4987462985657225,0.2000830593483829,0.2299553413701018,0.1082749319172113,0.0452892871404337,0.0536806682234055,0.1250492686628307,0.3119355664488019,0.1794871794871795,0.0256410256410256,0.136490619704672,0.1917606107956607,0.1454418119099491,0.068160779774189,11.287797927856444,0.02,4.969089508056641,,2.0,0.0,2.0,1.0,3.0,1.0,9,9,1.0,1.0,1.0,2.0,0.0,20.0,2.0,4.0,3.0,2.0,3.0,5.0,35.0,0.0,20.0,4.0,0.0,1.0,0.0,1.0,0.0,1.0,0.0,0.0,0.0,1.0,1.0,0.0,1.0,1.0
md58_22,pretest_md58,Avito_Goods_gc-25-04-H&L-T1-Construction,brief column,Avito_Goods_gc-25-04-H&L-T1-Construction.mp4,/Users/asekorneev/Desktop/Creatives_validation/Avito_Goods_gc-25-04-H&L-T1-Construction.mp4,/Users/asekorneev/outputs/message_delivery_features_20260819/prepared_media/avitogoodsgc2504hlt1construction.mp4,True,Avito,22,train,0.32,0.32,2,2,8.0,0.0,0.1,0.26,/Users/asekorneev/outputs/aipm3_value_context_20260914/sources/promiser_comparison/combo_input.csv,current_saved_target,25.0,Existing OPM / existing message fraction,False,/Users/asekorneev/outputs/aipm_stability_20260919/human_quality_20260920/targets.csv,/Users/asekorneev/outputs/message_delivery_features_20260819/video_manifest.csv,a65e6ebc06a8a0d13ab515dd9e0920ef454b0883855b7031854b2e795b0c6f33,avitogoodsgc2504hlt1construction,a65e6ebc06a8a0d13ab515dd9e0920ef454b0883855b7031854b2e795b0c6f33,a65e6ebc06a8a0d13ab515dd9e0920ef454b0883855b7031854b2e795b0c6f33,Goods,HL-Construction,md58_22,22,current 10 full runs,2.0,2.0,1.0,3.0,3.0,1.0,2.0,2.0,1.0,2.0,2.0,1.0,3.0,2.9,1.0,2.0,2.0,1.0,3.0,3.0,1.0,2.0,1.5,1.0,4.0,4.0,1.0,2.0,2.0,1.0,1.0,1.1,1.0,1.0,0.7,1.0,1.0,1.0,1.0,2.0,2.0,1.0,1.0,1.0,1.0,2.0,2.0,1.0,0.0,0.0,1.0,3.0,3.0,1.0,0.0,3.0,1.765783774779277,0.1538461538461538,0.8461538461538461,0.3461538461538461,0.2564102564102564,0.4358974358974359,0.32,2.0,3.0,2.0,2.0,2.9,2.0,3.0,1.5,4.0,2.0,1.1,0.7,1.0,2.0,1.0,2.0,2.0,1.0,2.0,3.0,0.0,3.0,20.0,0.4987462985657225,0.2000830593483829,0.2299553413701018,0.1082749319172113,0.0452892871404337,0.0536806682234055,0.1250492686628307,0.3119355664488019,0.1794871794871795,0.0256410256410256,0.136490619704672,0.1917606107956607,0.1454418119099491,0.068160779774189,11.287797927856444,0.02,4.969089508056641,,2.0,0.0,2.0,1.0,3.0,1.0,10,10,1.0,1.0,1.0,2.0,0.0,20.0,2.0,4.0,4.0,2.0,3.0,5.0,36.0,0.0,20.0,4.0,1.0,1.0,0.0,1.0,0.0,1.0,0.0,0.0,0.0,1.0,1.0,0.0,1.0,1.0
md58_23,pretest_md58,Avito_Goods_gc-25-05-SP-First car & first repair-T1-2C,brief column,Avito_Goods_gc-25-05-SP-First car & first repair-T1-2C.AVI,/Users/asekorneev/Desktop/Creatives_validation/Avito_Goods_gc-25-05-SP-First car & first repair-T1-2C.AVI,/Users/asekorneev/outputs/message_delivery_features_20260819/prepared_media/avitogoodsgc2505spfirstcarfirstrepairt12c.mp4,True,Avito,23,train,0.16,0.16,0,0,8.0,0.0,0.1363,0.31,/Users/asekorneev/outputs/aipm3_value_context_20260914/sources/promiser_comparison/combo_input.csv,current_saved_target,50.0,Existing OPM / existing message fraction,False,/Users/asekorneev/outputs/aipm_stability_20260919/human_quality_20260920/targets.csv,/Users/asekorneev/outputs/message_delivery_features_20260819/video_manifest.csv,5a39e29f0e9382307832c0c3decd102e31e97ac583d5b0e40a02c54084dbb0e4,avitogoodsgc2505spfirstcarfirstrepairt12c,5a39e29f0e9382307832c0c3decd102e31e97ac583d5b0e40a02c54084dbb0e4,5a39e29f0e9382307832c0c3decd102e31e97ac583d5b0e40a02c54084dbb0e4,Goods,SP-SpareParts,md58_23,23,current 10 full runs,3.0,2.8333333333333335,0.9666666666666666,3.0,2.933333333333333,0.9666666666666666,3.0,3.066666666666667,0.9333333333333332,1.0,1.0333333333333334,0.9666666666666666,2.0,2.0,1.0,1.0,0.6,1.0,3.0,3.0,1.0,1.0,0.8,1.0,4.0,3.8,0.9,1.0,1.1,1.0,0.0,0.1,0.9,0.0,0.0,1.0,1.0,0.7666666666666667,0.9666666666666666,0.0,0.4,1.0,0.0,0.0,1.0,2.0,2.2666666666666666,0.9333333333333332,1.0,1.0,1.0,3.0,2.9,0.9333333333333332,1.0,2.9,2.5974025974025974,0.0769230769230769,0.9230769230769232,0.5,0.4615384615384615,0.0769230769230769,0.16,2.8333333333333335,2.933333333333333,3.066666666666667,1.0333333333333334,2.0,0.6,3.0,0.8,3.8,1.1,0.1,0.0,0.7666666666666667,0.4,0.0,2.2666666666666666,2.7666666666666666,0.9,2.933333333333333,2.933333333333333,1.0,2.9,9.0,0.3446914992334381,0.0455118506630256,0.2050275001292955,0.1689665486564996,0.105864324167237,0.0367489184986911,0.1335078388653936,0.2596532679738562,0.2941176470588235,0.0,0.1768029835390946,0.2520151302824462,0.1029454429920116,0.0461494214832782,7.233968734741211,0.0434782608695652,4.796913146972656,,3.0,2.0,1.0,1.0,3.0,0.0,1,1,0.0,0.0,1.0,2.0,0.0,9.0,3.0,3.0,3.0,2.0,4.0,2.0,20.0,0.0,9.0,3.0,2.0,1.0,0.0,0.0,1.0,1.0,0.0,1.0,1.0,1.0,0.0,1.0,1.0,0.0
md58_23,pretest_md58,Avito_Goods_gc-25-05-SP-First car & first repair-T1-2C,brief column,Avito_Goods_gc-25-05-SP-First car & first repair-T1-2C.AVI,/Users/asekorneev/Desktop/Creatives_validation/Avito_Goods_gc-25-05-SP-First car & first repair-T1-2C.AVI,/Users/asekorneev/outputs/message_delivery_features_20260819/prepared_media/avitogoodsgc2505spfirstcarfirstrepairt12c.mp4,True,Avito,23,train,0.16,0.16,0,0,8.0,0.0,0.1363,0.31,/Users/asekorneev/outputs/aipm3_value_context_20260914/sources/promiser_comparison/combo_input.csv,current_saved_target,50.0,Existing OPM / existing message fraction,False,/Users/asekorneev/outputs/aipm_stability_20260919/human_quality_20260920/targets.csv,/Users/asekorneev/outputs/message_delivery_features_20260819/video_manifest.csv,5a39e29f0e9382307832c0c3decd102e31e97ac583d5b0e40a02c54084dbb0e4,avitogoodsgc2505spfirstcarfirstrepairt12c,5a39e29f0e9382307832c0c3decd102e31e97ac583d5b0e40a02c54084dbb0e4,5a39e29f0e9382307832c0c3decd102e31e97ac583d5b0e40a02c54084dbb0e4,Goods,SP-SpareParts,md58_23,23,current 10 full runs,3.0,2.8666666666666667,0.9333333333333332,3.0,2.933333333333333,0.9666666666666666,3.0,3.1666666666666665,0.8333333333333333,1.0,1.0,1.0,2.0,2.0,1.0,0.0,0.3666666666666666,0.9333333333333332,3.0,3.0,1.0,1.0,0.8666666666666667,0.9666666666666666,4.0,3.7666666666666666,0.9666666666666666,1.0,1.0,1.0,0.0,0.0666666666666666,0.9666666666666666,0.0,0.0,1.0,1.0,0.5666666666666667,0.9,0.0,0.1,1.0,0.0,0.0,1.0,2.0,2.466666666666667,0.8666666666666668,1.0,1.0,1.0,3.0,2.933333333333333,0.9666666666666666,1.0,2.933333333333333,2.5974025974025974,0.1025641025641025,0.8974358974358975,0.2692307692307692,0.2179487179487179,0.0,0.16,2.8666666666666667,2.933333333333333,3.1666666666666665,1.0,2.0,0.3666666666666666,3.0,0.8666666666666667,3.7666666666666666,1.0,0.0666666666666666,0.0,0.5666666666666667,0.1,0.0,2.466666666666667,3.066666666666667,1.0,2.933333333333333,2.933333333333333,1.0,2.933333333333333,9.0,0.3446914992334381,0.0455118506630256,0.2050275001292955,0.1689665486564996,0.105864324167237,0.0367489184986911,0.1335078388653936,0.2596532679738562,0.2941176470588235,0.0,0.1768029835390946,0.2520151302824462,0.1029454429920116,0.0461494214832782,7.233968734741211,0.0434782608695652,4.796913146972656,,3.0,2.0,1.0,1.0,3.0,0.0,2,2,0.0,0.0,1.0,2.0,0.0,9.0,3.0,3.0,3.0,2.0,4.0,3.0,20.0,0.0,9.0,3.0,2.0,1.0,0.0,0.0,1.0,1.0,0.0,1.0,1.0,1.0,0.0,1.0,1.0,0.0
md58_23,pretest_md58,Avito_Goods_gc-25-05-SP-First car & first repair-T1-2C,brief column,Avito_Goods_gc-25-05-SP-First car & first repair-T1-2C.AVI,/Users/asekorneev/Desktop/Creatives_validation/Avito_Goods_gc-25-05-SP-First car & first repair-T1-2C.AVI,/Users/asekorneev/outputs/message_delivery_features_20260819/prepared_media/avitogoodsgc2505spfirstcarfirstrepairt12c.mp4,True,Avito,23,train,0.16,0.16,0,0,8.0,0.0,0.1363,0.31,/Users/asekorneev/outputs/aipm3_value_context_20260914/sources/promiser_comparison/combo_input.csv,current_saved_target,50.0,Existing OPM / existing message fraction,False,/Users/asekorneev/outputs/aipm_stability_20260919/human_quality_20260920/targets.csv,/Users/asekorneev/outputs/message_delivery_features_20260819/video_manifest.csv,5a39e29f0e9382307832c0c3decd102e31e97ac583d5b0e40a02c54084dbb0e4,avitogoodsgc2505spfirstcarfirstrepairt12c,5a39e29f0e9382307832c0c3decd102e31e97ac583d5b0e40a02c54084dbb0e4,5a39e29f0e9382307832c0c3decd102e31e97ac583d5b0e40a02c54084dbb0e4,Goods,SP-SpareParts,md58_23,23,current 10 full runs,3.0,2.7,1.0,3.0,2.8,1.0,3.0,3.033333333333333,0.9666666666666666,1.0,1.0,1.0,2.0,1.9,1.0,1.0,0.5,1.0,3.0,2.8,1.0,1.0,0.8,1.0,4.0,3.7333333333333334,0.9666666666666666,1.0,1.1,1.0,0.0,0.2333333333333333,0.9666666666666666,0.0,0.1,1.0,1.0,0.6666666666666666,0.9666666666666666,0.0,0.3,1.0,0.0,0.0333333333333333,0.9666666666666666,2.0,2.1333333333333333,0.9666666666666666,1.0,1.0,1.0,3.0,2.8,1.0,1.0,2.8,2.5974025974025974,0.1282051282051282,0.8717948717948718,0.2692307692307692,0.2179487179487179,0.0512820512820512,0.16,2.7,2.8,3.033333333333333,1.0,1.9,0.5,2.8,0.8,3.7333333333333334,1.1,0.2333333333333333,0.1,0.6666666666666666,0.3,0.0333333333333333,2.1333333333333333,2.8333333333333335,1.0,2.8,2.8,1.0,2.8,9.0,0.3446914992334381,0.0455118506630256,0.2050275001292955,0.1689665486564996,0.105864324167237,0.0367489184986911,0.1335078388653936,0.2596532679738562,0.2941176470588235,0.0,0.1768029835390946,0.2520151302824462,0.1029454429920116,0.0461494214832782,7.233968734741211,0.0434782608695652,4.796913146972656,,3.0,2.0,1.0,1.0,3.0,0.0,3,3,0.0,0.0,1.0,2.0,0.0,9.0,3.0,3.0,3.0,2.0,4.0,2.0,20.0,0.0,9.0,3.0,2.0,1.0,0.0,0.0,1.0,1.0,0.0,1.0,1.0,1.0,0.0,1.0,1.0,0.0
md58_23,pretest_md58,Avito_Goods_gc-25-05-SP-First car & first repair-T1-2C,brief column,Avito_Goods_gc-25-05-SP-First car & first repair-T1-2C.AVI,/Users/asekorneev/Desktop/Creatives_validation/Avito_Goods_gc-25-05-SP-First car & first repair-T1-2C.AVI,/Users/asekorneev/outputs/message_delivery_features_20260819/prepared_media/avitogoodsgc2505spfirstcarfirstrepairt12c.mp4,True,Avito,23,train,0.16,0.16,0,0,8.0,0.0,0.1363,0.31,/Users/asekorneev/outputs/aipm3_value_context_20260914/sources/promiser_comparison/combo_input.csv,current_saved_target,50.0,Existing OPM / existing message fraction,False,/Users/asekorneev/outputs/aipm_stability_20260919/human_quality_20260920/targets.csv,/Users/asekorneev/outputs/message_delivery_features_20260819/video_manifest.csv,5a39e29f0e9382307832c0c3decd102e31e97ac583d5b0e40a02c54084dbb0e4,avitogoodsgc2505spfirstcarfirstrepairt12c,5a39e29f0e9382307832c0c3decd102e31e97ac583d5b0e40a02c54084dbb0e4,5a39e29f0e9382307832c0c3decd102e31e97ac583d5b0e40a02c54084dbb0e4,Goods,SP-SpareParts,md58_23,23,current 10 full runs,3.0,3.0,1.0,3.0,3.0,1.0,3.0,2.966666666666667,0.9333333333333332,1.0,1.0,1.0,2.0,2.0,1.0,1.0,0.7,1.0,3.0,3.0,1.0,1.0,0.7,1.0,4.0,3.8666666666666663,0.9,1.0,1.1,1.0,0.0,0.0333333333333333,0.9666666666666666,0.0,0.0,1.0,1.0,0.6333333333333333,0.9333333333333332,0.0,0.3,1.0,0.0,0.0,1.0,2.0,2.2333333333333334,0.9666666666666666,1.0,1.0,1.0,3.0,2.933333333333333,0.9666666666666666,1.0,2.933333333333333,2.5974025974025974,0.0512820512820512,0.9487179487179488,0.2692307692307692,0.2179487179487179,0.0512820512820512,0.16,3.0,3.0,2.966666666666667,1.0,2.0,0.7,3.0,0.7,3.8666666666666663,1.1,0.0333333333333333,0.0,0.6333333333333333,0.3,0.0,2.2333333333333334,2.8333333333333335,0.9,3.0,3.0,1.0,2.933333333333333,9.0,0.3446914992334381,0.0455118506630256,0.2050275001292955,0.1689665486564996,0.105864324167237,0.0367489184986911,0.1335078388653936,0.2596532679738562,0.2941176470588235,0.0,0.1768029835390946,0.2520151302824462,0.1029454429920116,0.0461494214832782,7.233968734741211,0.0434782608695652,4.796913146972656,,3.0,2.0,1.0,1.0,3.0,0.0,4,4,0.0,0.0,1.0,2.0,0.0,9.0,3.0,3.0,3.0,2.0,4.0,2.0,20.0,0.0,9.0,3.0,2.0,1.0,0.0,0.0,1.0,1.0,0.0,1.0,1.0,1.0,0.0,1.0,1.0,0.0
md58_23,pretest_md58,Avito_Goods_gc-25-05-SP-First car & first repair-T1-2C,brief column,Avito_Goods_gc-25-05-SP-First car & first repair-T1-2C.AVI,/Users/asekorneev/Desktop/Creatives_validation/Avito_Goods_gc-25-05-SP-First car & first repair-T1-2C.AVI,/Users/asekorneev/outputs/message_delivery_features_20260819/prepared_media/avitogoodsgc2505spfirstcarfirstrepairt12c.mp4,True,Avito,23,train,0.16,0.16,0,0,8.0,0.0,0.1363,0.31,/Users/asekorneev/outputs/aipm3_value_context_20260914/sources/promiser_comparison/combo_input.csv,current_saved_target,50.0,Existing OPM / existing message fraction,False,/Users/asekorneev/outputs/aipm_stability_20260919/human_quality_20260920/targets.csv,/Users/asekorneev/outputs/message_delivery_features_20260819/video_manifest.csv,5a39e29f0e9382307832c0c3decd102e31e97ac583d5b0e40a02c54084dbb0e4,avitogoodsgc2505spfirstcarfirstrepairt12c,5a39e29f0e9382307832c0c3decd102e31e97ac583d5b0e40a02c54084dbb0e4,5a39e29f0e9382307832c0c3decd102e31e97ac583d5b0e40a02c54084dbb0e4,Goods,SP-SpareParts,md58_23,23,current 10 full runs,3.0,2.8666666666666667,0.9333333333333332,3.0,2.9,0.9333333333333332,3.0,3.4,0.9333333333333332,1.0,1.0,1.0,2.0,2.0,1.0,0.0,0.4,1.0,3.0,3.0,1.0,1.0,0.8666666666666667,0.9666666666666666,4.0,3.966666666666667,0.9666666666666666,1.0,1.1,1.0,0.0,0.1,1.0,0.0,0.0,1.0,1.0,0.7333333333333333,0.9333333333333332,0.0,0.2,1.0,0.0,0.0,1.0,2.0,2.3,0.9333333333333332,1.0,1.0,1.0,3.0,2.9,0.9333333333333332,1.0,2.9,2.5974025974025974,0.0512820512820512,0.9487179487179488,0.5,0.4487179487179487,0.0512820512820512,0.16,2.8666666666666667,2.9,3.4,1.0,2.0,0.4,3.0,0.8666666666666667,3.966666666666667,1.1,0.1,0.0,0.7333333333333333,0.2,0.0,2.3,3.1666666666666665,0.9666666666666668,2.9,2.9,1.0,2.9,9.0,0.3446914992334381,0.0455118506630256,0.2050275001292955,0.1689665486564996,0.105864324167237,0.0367489184986911,0.1335078388653936,0.2596532679738562,0.2941176470588235,0.0,0.1768029835390946,0.2520151302824462,0.1029454429920116,0.0461494214832782,7.233968734741211,0.0434782608695652,4.796913146972656,,3.0,2.0,1.0,1.0,3.0,0.0,5,5,0.0,0.0,1.0,2.0,0.0,9.0,3.0,3.0,3.0,2.0,4.0,2.0,20.0,0.0,9.0,3.0,2.0,1.0,0.0,0.0,1.0,1.0,0.0,1.0,1.0,1.0,0.0,1.0,1.0,0.0
md58_23,pretest_md58,Avito_Goods_gc-25-05-SP-First car & first repair-T1-2C,brief column,Avito_Goods_gc-25-05-SP-First car & first repair-T1-2C.AVI,/Users/asekorneev/Desktop/Creatives_validation/Avito_Goods_gc-25-05-SP-First car & first repair-T1-2C.AVI,/Users/asekorneev/outputs/message_delivery_features_20260819/prepared_media/avitogoodsgc2505spfirstcarfirstrepairt12c.mp4,True,Avito,23,train,0.16,0.16,0,0,8.0,0.0,0.1363,0.31,/Users/asekorneev/outputs/aipm3_value_context_20260914/sources/promiser_comparison/combo_input.csv,current_saved_target,50.0,Existing OPM / existing message fraction,False,/Users/asekorneev/outputs/aipm_stability_20260919/human_quality_20260920/targets.csv,/Users/asekorneev/outputs/message_delivery_features_20260819/video_manifest.csv,5a39e29f0e9382307832c0c3decd102e31e97ac583d5b0e40a02c54084dbb0e4,avitogoodsgc2505spfirstcarfirstrepairt12c,5a39e29f0e9382307832c0c3decd102e31e97ac583d5b0e40a02c54084dbb0e4,5a39e29f0e9382307832c0c3decd102e31e97ac583d5b0e40a02c54084dbb0e4,Goods,SP-SpareParts,md58_23,23,current 10 full runs,3.0,2.8333333333333335,0.9666666666666666,3.0,2.8333333333333335,0.9666666666666666,3.0,3.2,0.8999999999999998,1.0,1.0,1.0,2.0,2.0,1.0,1.0,0.7,0.9333333333333332,3.0,3.0,1.0,1.0,0.8,0.9333333333333332,4.0,3.7333333333333334,0.8666666666666666,1.0,1.2,1.0,0.0,0.1,0.9,0.0,0.0,1.0,1.0,0.6666666666666666,0.8999999999999998,0.0,0.3333333333333333,0.9666666666666666,0.0,0.0,1.0,2.0,2.2,0.9333333333333332,1.0,1.0,1.0,3.0,2.8666666666666667,0.9333333333333332,1.0,2.8666666666666667,2.5974025974025974,0.1025641025641025,0.8974358974358975,0.6538461538461539,0.4230769230769231,0.1025641025641025,0.16,2.8333333333333335,2.8333333333333335,3.2,1.0,2.0,0.7,3.0,0.8,3.7333333333333334,1.2,0.1,0.0,0.6666666666666666,0.3333333333333333,0.0,2.2,3.0,0.9,2.8333333333333335,2.8333333333333335,1.0,2.8666666666666667,9.0,0.3446914992334381,0.0455118506630256,0.2050275001292955,0.1689665486564996,0.105864324167237,0.0367489184986911,0.1335078388653936,0.2596532679738562,0.2941176470588235,0.0,0.1768029835390946,0.2520151302824462,0.1029454429920116,0.0461494214832782,7.233968734741211,0.0434782608695652,4.796913146972656,,3.0,2.0,1.0,1.0,3.0,0.0,6,6,0.0,0.0,1.0,2.0,0.0,9.0,3.0,3.0,3.0,2.0,4.0,2.0,20.0,0.0,9.0,3.0,2.0,1.0,0.0,0.0,1.0,1.0,0.0,1.0,1.0,1.0,0.0,1.0,1.0,0.0
md58_23,pretest_md58,Avito_Goods_gc-25-05-SP-First car & first repair-T1-2C,brief column,Avito_Goods_gc-25-05-SP-First car & first repair-T1-2C.AVI,/Users/asekorneev/Desktop/Creatives_validation/Avito_Goods_gc-25-05-SP-First car & first repair-T1-2C.AVI,/Users/asekorneev/outputs/message_delivery_features_20260819/prepared_media/avitogoodsgc2505spfirstcarfirstrepairt12c.mp4,True,Avito,23,train,0.16,0.16,0,0,8.0,0.0,0.1363,0.31,/Users/asekorneev/outputs/aipm3_value_context_20260914/sources/promiser_comparison/combo_input.csv,current_saved_target,50.0,Existing OPM / existing message fraction,False,/Users/asekorneev/outputs/aipm_stability_20260919/human_quality_20260920/targets.csv,/Users/asekorneev/outputs/message_delivery_features_20260819/video_manifest.csv,5a39e29f0e9382307832c0c3decd102e31e97ac583d5b0e40a02c54084dbb0e4,avitogoodsgc2505spfirstcarfirstrepairt12c,5a39e29f0e9382307832c0c3decd102e31e97ac583d5b0e40a02c54084dbb0e4,5a39e29f0e9382307832c0c3decd102e31e97ac583d5b0e40a02c54084dbb0e4,Goods,SP-SpareParts,md58_23,23,current 10 full runs,3.0,3.0,1.0,3.0,3.0,1.0,4.0,3.533333333333333,0.8666666666666666,1.0,1.1,1.0,2.0,1.9666666666666663,0.9666666666666666,0.0,0.3333333333333333,0.9666666666666666,3.0,3.0,1.0,1.0,0.6,1.0,4.0,3.7,0.9333333333333332,1.0,1.1,1.0,0.0,0.0666666666666666,0.9333333333333332,0.0,0.0,1.0,0.0,0.4666666666666667,0.9666666666666666,0.0,0.1333333333333333,0.9666666666666666,0.0,0.0,1.0,3.0,2.5,0.9333333333333332,1.0,1.0,1.0,3.0,3.0,1.0,1.0,3.0,2.5974025974025974,0.1025641025641025,0.8974358974358975,0.2692307692307692,0.2051282051282051,0.0769230769230769,0.16,3.0,3.0,3.533333333333333,1.1,1.9666666666666663,0.3333333333333333,3.0,0.6,3.7,1.1,0.0666666666666666,0.0,0.4666666666666667,0.1333333333333333,0.0,2.5,2.966666666666667,0.8666666666666667,3.0,3.0,1.0,3.0,9.0,0.3446914992334381,0.0455118506630256,0.2050275001292955,0.1689665486564996,0.105864324167237,0.0367489184986911,0.1335078388653936,0.2596532679738562,0.2941176470588235,0.0,0.1768029835390946,0.2520151302824462,0.1029454429920116,0.0461494214832782,7.233968734741211,0.0434782608695652,4.796913146972656,,3.0,2.0,1.0,1.0,3.0,0.0,7,7,0.0,0.0,1.0,2.0,0.0,9.0,3.0,3.0,3.0,2.0,4.0,3.0,20.0,0.0,9.0,3.0,2.0,1.0,0.0,0.0,1.0,1.0,0.0,1.0,1.0,1.0,0.0,1.0,1.0,0.0
md58_23,pretest_md58,Avito_Goods_gc-25-05-SP-First car & first repair-T1-2C,brief column,Avito_Goods_gc-25-05-SP-First car & first repair-T1-2C.AVI,/Users/asekorneev/Desktop/Creatives_validation/Avito_Goods_gc-25-05-SP-First car & first repair-T1-2C.AVI,/Users/asekorneev/outputs/message_delivery_features_20260819/prepared_media/avitogoodsgc2505spfirstcarfirstrepairt12c.mp4,True,Avito,23,train,0.16,0.16,0,0,8.0,0.0,0.1363,0.31,/Users/asekorneev/outputs/aipm3_value_context_20260914/sources/promiser_comparison/combo_input.csv,current_saved_target,50.0,Existing OPM / existing message fraction,False,/Users/asekorneev/outputs/aipm_stability_20260919/human_quality_20260920/targets.csv,/Users/asekorneev/outputs/message_delivery_features_20260819/video_manifest.csv,5a39e29f0e9382307832c0c3decd102e31e97ac583d5b0e40a02c54084dbb0e4,avitogoodsgc2505spfirstcarfirstrepairt12c,5a39e29f0e9382307832c0c3decd102e31e97ac583d5b0e40a02c54084dbb0e4,5a39e29f0e9382307832c0c3decd102e31e97ac583d5b0e40a02c54084dbb0e4,Goods,SP-SpareParts,md58_23,23,current 10 full runs,3.0,2.8,1.0,3.0,2.9,1.0,3.0,3.4,1.0,1.0,1.0,1.0,2.0,2.0,1.0,0.0,0.4,1.0,3.0,3.0,1.0,1.0,0.9,1.0,4.0,3.9,0.9333333333333332,1.0,1.3,1.0,0.0,0.0333333333333333,0.9666666666666666,0.0,0.0,1.0,1.0,0.8,1.0,0.0,0.3,1.0,0.0,0.0,1.0,2.0,2.2333333333333334,0.9666666666666666,1.0,1.0,1.0,3.0,2.966666666666667,0.9666666666666666,1.0,2.966666666666667,2.5974025974025974,0.0512820512820512,0.9487179487179488,0.5,0.4487179487179487,0.0512820512820512,0.16,2.8,2.9,3.4,1.0,2.0,0.4,3.0,0.9,3.9,1.3,0.0333333333333333,0.0,0.8,0.3,0.0,2.2333333333333334,2.9,1.0,2.9,2.9,1.0,2.966666666666667,9.0,0.3446914992334381,0.0455118506630256,0.2050275001292955,0.1689665486564996,0.105864324167237,0.0367489184986911,0.1335078388653936,0.2596532679738562,0.2941176470588235,0.0,0.1768029835390946,0.2520151302824462,0.1029454429920116,0.0461494214832782,7.233968734741211,0.0434782608695652,4.796913146972656,,2.0,2.0,1.0,1.0,2.0,0.0,8,8,0.0,0.0,1.0,2.0,0.0,9.0,3.0,3.0,3.0,2.0,4.0,2.0,20.0,0.0,9.0,3.0,2.0,1.0,0.0,0.0,1.0,1.0,0.0,1.0,1.0,1.0,0.0,1.0,1.0,0.0
md58_23,pretest_md58,Avito_Goods_gc-25-05-SP-First car & first repair-T1-2C,brief column,Avito_Goods_gc-25-05-SP-First car & first repair-T1-2C.AVI,/Users/asekorneev/Desktop/Creatives_validation/Avito_Goods_gc-25-05-SP-First car & first repair-T1-2C.AVI,/Users/asekorneev/outputs/message_delivery_features_20260819/prepared_media/avitogoodsgc2505spfirstcarfirstrepairt12c.mp4,True,Avito,23,train,0.16,0.16,0,0,8.0,0.0,0.1363,0.31,/Users/asekorneev/outputs/aipm3_value_context_20260914/sources/promiser_comparison/combo_input.csv,current_saved_target,50.0,Existing OPM / existing message fraction,False,/Users/asekorneev/outputs/aipm_stability_20260919/human_quality_20260920/targets.csv,/Users/asekorneev/outputs/message_delivery_features_20260819/video_manifest.csv,5a39e29f0e9382307832c0c3decd102e31e97ac583d5b0e40a02c54084dbb0e4,avitogoodsgc2505spfirstcarfirstrepairt12c,5a39e29f0e9382307832c0c3decd102e31e97ac583d5b0e40a02c54084dbb0e4,5a39e29f0e9382307832c0c3decd102e31e97ac583d5b0e40a02c54084dbb0e4,Goods,SP-SpareParts,md58_23,23,current 10 full runs,3.0,2.7666666666666666,0.9666666666666666,3.0,2.933333333333333,0.9333333333333332,3.0,3.2,0.9,1.0,1.0333333333333334,0.9666666666666666,2.0,2.0,1.0,1.0,0.5,1.0,3.0,3.0,1.0,1.0,0.6333333333333333,0.9666666666666666,4.0,3.8,0.8666666666666666,1.0,1.1,1.0,0.0,0.1,0.9,0.0,0.0,1.0,1.0,0.7333333333333333,0.9333333333333332,1.0,0.5,1.0,0.0,0.0,1.0,2.0,2.2333333333333334,0.9666666666666666,1.0,1.0,1.0,3.0,2.933333333333333,0.9333333333333332,1.0,2.933333333333333,2.5974025974025974,0.1025641025641025,0.8974358974358975,0.6538461538461539,0.3461538461538461,0.0512820512820512,0.16,2.7666666666666666,2.933333333333333,3.2,1.0333333333333334,2.0,0.5,3.0,0.6333333333333333,3.8,1.1,0.1,0.0,0.7333333333333333,0.5,0.0,2.2333333333333334,3.066666666666667,0.9666666666666668,2.933333333333333,2.933333333333333,1.0,2.933333333333333,9.0,0.3446914992334381,0.0455118506630256,0.2050275001292955,0.1689665486564996,0.105864324167237,0.0367489184986911,0.1335078388653936,0.2596532679738562,0.2941176470588235,0.0,0.1768029835390946,0.2520151302824462,0.1029454429920116,0.0461494214832782,7.233968734741211,0.0434782608695652,4.796913146972656,,3.0,2.0,1.0,1.0,3.0,0.0,9,9,0.0,0.0,1.0,2.0,0.0,9.0,3.0,3.0,3.0,2.0,4.0,2.0,20.0,0.0,9.0,3.0,2.0,1.0,0.0,0.0,1.0,1.0,0.0,1.0,1.0,1.0,0.0,1.0,1.0,0.0
md58_23,pretest_md58,Avito_Goods_gc-25-05-SP-First car & first repair-T1-2C,brief column,Avito_Goods_gc-25-05-SP-First car & first repair-T1-2C.AVI,/Users/asekorneev/Desktop/Creatives_validation/Avito_Goods_gc-25-05-SP-First car & first repair-T1-2C.AVI,/Users/asekorneev/outputs/message_delivery_features_20260819/prepared_media/avitogoodsgc2505spfirstcarfirstrepairt12c.mp4,True,Avito,23,train,0.16,0.16,0,0,8.0,0.0,0.1363,0.31,/Users/asekorneev/outputs/aipm3_value_context_20260914/sources/promiser_comparison/combo_input.csv,current_saved_target,50.0,Existing OPM / existing message fraction,False,/Users/asekorneev/outputs/aipm_stability_20260919/human_quality_20260920/targets.csv,/Users/asekorneev/outputs/message_delivery_features_20260819/video_manifest.csv,5a39e29f0e9382307832c0c3decd102e31e97ac583d5b0e40a02c54084dbb0e4,avitogoodsgc2505spfirstcarfirstrepairt12c,5a39e29f0e9382307832c0c3decd102e31e97ac583d5b0e40a02c54084dbb0e4,5a39e29f0e9382307832c0c3decd102e31e97ac583d5b0e40a02c54084dbb0e4,Goods,SP-SpareParts,md58_23,23,current 10 full runs,3.0,2.933333333333333,0.9666666666666666,3.0,2.933333333333333,0.9666666666666666,3.0,3.1,0.8999999999999998,1.0,1.0,1.0,2.0,2.0,1.0,1.0,0.5,1.0,3.0,3.0,1.0,1.0,0.7666666666666667,0.9666666666666666,4.0,3.8,0.8666666666666666,1.0,1.0,1.0,0.0,0.1666666666666666,0.9333333333333332,0.0,0.0,1.0,1.0,0.6333333333333333,0.9333333333333332,0.0,0.1,1.0,0.0,0.0,1.0,2.0,2.1,0.8999999999999998,1.0,1.0,1.0,3.0,2.933333333333333,0.9666666666666666,1.0,2.933333333333333,2.5974025974025974,0.0769230769230769,0.9230769230769232,0.5,0.4615384615384615,0.0769230769230769,0.16,2.933333333333333,2.933333333333333,3.1,1.0,2.0,0.5,3.0,0.7666666666666667,3.8,1.0,0.1666666666666666,0.0,0.6333333333333333,0.1,0.0,2.1,3.0,0.9666666666666668,2.933333333333333,2.933333333333333,1.0,2.933333333333333,9.0,0.3446914992334381,0.0455118506630256,0.2050275001292955,0.1689665486564996,0.105864324167237,0.0367489184986911,0.1335078388653936,0.2596532679738562,0.2941176470588235,0.0,0.1768029835390946,0.2520151302824462,0.1029454429920116,0.0461494214832782,7.233968734741211,0.0434782608695652,4.796913146972656,,3.0,2.0,1.0,1.0,3.0,0.0,10,10,0.0,0.0,1.0,2.0,0.0,9.0,3.0,3.0,3.0,2.0,4.0,2.0,20.0,0.0,9.0,3.0,2.0,1.0,0.0,0.0,1.0,1.0,0.0,1.0,1.0,1.0,0.0,1.0,1.0,0.0
md58_24,pretest_md58,Avito_Goods_gc-25-07-H&L-T1-Construction,brief column,Avito_Goods_gc-25-07-H&L-T1-Construction.mp4,/Users/asekorneev/Desktop/Creatives_validation/Avito_Goods_gc-25-07-H&L-T1-Construction.mp4,/Users/asekorneev/outputs/message_delivery_features_20260819/prepared_media/avitogoodsgc2507hlt1construction.mp4,True,Avito,24,train,0.32,0.32,2,2,15.0,2.0,0.1231,0.16,/Users/asekorneev/outputs/aipm3_value_context_20260914/sources/promiser_comparison/combo_input.csv,current_saved_target,46.875,Existing OPM / existing message fraction,False,/Users/asekorneev/outputs/aipm_stability_20260919/human_quality_20260920/targets.csv,/Users/asekorneev/outputs/message_delivery_features_20260819/video_manifest.csv,140bcab25cbb9038b2b7bb99dfbb9f99f37cdd5485885d8cbeb32c04bdeeea76,avitogoodsgc2507hlt1construction,140bcab25cbb9038b2b7bb99dfbb9f99f37cdd5485885d8cbeb32c04bdeeea76,140bcab25cbb9038b2b7bb99dfbb9f99f37cdd5485885d8cbeb32c04bdeeea76,Goods,HL-Construction,md58_24,24,current 10 full runs,2.0,2.2,1.0,3.0,2.7,1.0,2.0,2.0,1.0,1.0,1.1666666666666667,0.9666666666666666,2.0,2.033333333333333,0.9666666666666666,2.0,2.0,1.0,3.0,3.0,1.0,2.0,2.0,1.0,4.0,3.8,1.0,4.0,3.5,1.0,0.0,0.0,1.0,0.0,0.0,1.0,1.0,1.0,1.0,2.0,2.0,1.0,1.0,1.0,1.0,2.0,2.0,1.0,1.0,1.0,1.0,3.0,2.8,1.0,1.0,2.8,1.5992003998001,0.0512820512820513,0.9487179487179488,0.1923076923076923,0.1153846153846153,0.0,0.32,2.2,2.7,2.0,1.1666666666666667,2.033333333333333,2.0,3.0,2.0,3.8,3.5,0.0,0.0,1.0,2.0,1.0,2.0,2.1333333333333333,1.0,2.3,2.8,1.0,2.8,20.0,0.4367204044117648,0.1597059897408375,0.2281199029502306,0.1229566721132897,0.0320244641236691,0.040079771908914,0.1242502653483045,0.3191402687000726,0.2564102564102564,0.0769230769230769,0.1124654593318809,0.1621617044675849,0.1324320533769063,0.1420428156852722,11.873943328857422,0.01,5.603392601013184,,3.0,0.0,1.0,1.0,3.0,0.0,1,1,1.0,0.0,1.0,2.0,0.0,20.0,3.0,3.0,5.0,4.0,2.0,6.0,35.0,0.0,20.0,3.0,6.0,0.0,0.0,0.0,0.0,0.0,1.0,0.0,0.0,1.0,0.0,0.0,1.0,0.0
md58_24,pretest_md58,Avito_Goods_gc-25-07-H&L-T1-Construction,brief column,Avito_Goods_gc-25-07-H&L-T1-Construction.mp4,/Users/asekorneev/Desktop/Creatives_validation/Avito_Goods_gc-25-07-H&L-T1-Construction.mp4,/Users/asekorneev/outputs/message_delivery_features_20260819/prepared_media/avitogoodsgc2507hlt1construction.mp4,True,Avito,24,train,0.32,0.32,2,2,15.0,2.0,0.1231,0.16,/Users/asekorneev/outputs/aipm3_value_context_20260914/sources/promiser_comparison/combo_input.csv,current_saved_target,46.875,Existing OPM / existing message fraction,False,/Users/asekorneev/outputs/aipm_stability_20260919/human_quality_20260920/targets.csv,/Users/asekorneev/outputs/message_delivery_features_20260819/video_manifest.csv,140bcab25cbb9038b2b7bb99dfbb9f99f37cdd5485885d8cbeb32c04bdeeea76,avitogoodsgc2507hlt1construction,140bcab25cbb9038b2b7bb99dfbb9f99f37cdd5485885d8cbeb32c04bdeeea76,140bcab25cbb9038b2b7bb99dfbb9f99f37cdd5485885d8cbeb32c04bdeeea76,Goods,HL-Construction,md58_24,24,current 10 full runs,2.0,2.2666666666666666,0.9666666666666666,3.0,2.7666666666666666,0.9666666666666666,2.0,2.0,1.0,1.0,1.1,1.0,2.0,2.0,1.0,2.0,2.0,1.0,3.0,3.0,1.0,2.0,2.0,1.0,4.0,3.8333333333333335,0.9666666666666666,4.0,3.6,1.0,0.0,0.0,1.0,0.0,0.0,1.0,1.0,0.9666666666666668,0.9666666666666666,2.0,2.0,1.0,1.0,1.0,1.0,2.0,2.0,1.0,1.0,1.0,1.0,3.0,2.8666666666666667,0.9666666666666666,1.0,2.8666666666666667,1.5992003998001,0.0512820512820512,0.9487179487179488,0.3461538461538461,0.0384615384615384,0.0,0.32,2.2666666666666666,2.7666666666666666,2.0,1.1,2.0,2.0,3.0,2.0,3.8333333333333335,3.6,0.0,0.0,0.9666666666666668,2.0,1.0,2.0,2.2333333333333334,1.0,2.2666666666666666,2.7666666666666666,1.0,2.8666666666666667,20.0,0.4367204044117648,0.1597059897408375,0.2281199029502306,0.1229566721132897,0.0320244641236691,0.040079771908914,0.1242502653483045,0.3191402687000726,0.2564102564102564,0.0769230769230769,0.1124654593318809,0.1621617044675849,0.1324320533769063,0.1420428156852722,11.873943328857422,0.01,5.603392601013184,,3.0,0.0,1.0,1.0,3.0,0.0,2,2,1.0,0.0,1.0,2.0,1.0,20.0,3.0,3.0,5.0,4.0,2.0,6.0,35.0,0.0,20.0,3.0,6.0,0.0,0.0,0.0,0.0,0.0,1.0,0.0,0.0,1.0,0.0,0.0,1.0,0.0
md58_24,pretest_md58,Avito_Goods_gc-25-07-H&L-T1-Construction,brief column,Avito_Goods_gc-25-07-H&L-T1-Construction.mp4,/Users/asekorneev/Desktop/Creatives_validation/Avito_Goods_gc-25-07-H&L-T1-Construction.mp4,/Users/asekorneev/outputs/message_delivery_features_20260819/prepared_media/avitogoodsgc2507hlt1construction.mp4,True,Avito,24,train,0.32,0.32,2,2,15.0,2.0,0.1231,0.16,/Users/asekorneev/outputs/aipm3_value_context_20260914/sources/promiser_comparison/combo_input.csv,current_saved_target,46.875,Existing OPM / existing message fraction,False,/Users/asekorneev/outputs/aipm_stability_20260919/human_quality_20260920/targets.csv,/Users/asekorneev/outputs/message_delivery_features_20260819/video_manifest.csv,140bcab25cbb9038b2b7bb99dfbb9f99f37cdd5485885d8cbeb32c04bdeeea76,avitogoodsgc2507hlt1construction,140bcab25cbb9038b2b7bb99dfbb9f99f37cdd5485885d8cbeb32c04bdeeea76,140bcab25cbb9038b2b7bb99dfbb9f99f37cdd5485885d8cbeb32c04bdeeea76,Goods,HL-Construction,md58_24,24,current 10 full runs,2.0,2.2666666666666666,0.9666666666666666,3.0,2.6,1.0,2.0,2.0,1.0,1.0,1.1666666666666667,0.9666666666666666,2.0,2.033333333333333,0.9666666666666666,2.0,2.0,1.0,3.0,3.0,1.0,2.0,2.0,1.0,4.0,3.8,1.0,3.0,3.3,1.0,0.0,0.0,1.0,0.0,0.0,1.0,1.0,1.0,1.0,2.0,2.0,1.0,1.0,1.0,1.0,2.0,2.0,1.0,1.0,1.0,1.0,3.0,2.6,1.0,1.0,2.6,1.5992003998001,0.1025641025641025,0.8974358974358975,0.2692307692307692,0.0384615384615384,0.0,0.32,2.2666666666666666,2.6,2.0,1.1666666666666667,2.033333333333333,2.0,3.0,2.0,3.8,3.3,0.0,0.0,1.0,2.0,1.0,2.0,2.1666666666666665,1.0,2.2666666666666666,2.9,1.0,2.6,20.0,0.4367204044117648,0.1597059897408375,0.2281199029502306,0.1229566721132897,0.0320244641236691,0.040079771908914,0.1242502653483045,0.3191402687000726,0.2564102564102564,0.0769230769230769,0.1124654593318809,0.1621617044675849,0.1324320533769063,0.1420428156852722,11.873943328857422,0.01,5.603392601013184,,3.0,0.0,1.0,1.0,3.0,0.0,3,3,1.0,0.0,1.0,2.0,0.0,20.0,3.0,3.0,5.0,4.0,2.0,5.0,35.0,0.0,20.0,3.0,6.0,0.0,0.0,0.0,0.0,1.0,1.0,0.0,0.0,1.0,0.0,0.0,1.0,0.0
md58_24,pretest_md58,Avito_Goods_gc-25-07-H&L-T1-Construction,brief column,Avito_Goods_gc-25-07-H&L-T1-Construction.mp4,/Users/asekorneev/Desktop/Creatives_validation/Avito_Goods_gc-25-07-H&L-T1-Construction.mp4,/Users/asekorneev/outputs/message_delivery_features_20260819/prepared_media/avitogoodsgc2507hlt1construction.mp4,True,Avito,24,train,0.32,0.32,2,2,15.0,2.0,0.1231,0.16,/Users/asekorneev/outputs/aipm3_value_context_20260914/sources/promiser_comparison/combo_input.csv,current_saved_target,46.875,Existing OPM / existing message fraction,False,/Users/asekorneev/outputs/aipm_stability_20260919/human_quality_20260920/targets.csv,/Users/asekorneev/outputs/message_delivery_features_20260819/video_manifest.csv,140bcab25cbb9038b2b7bb99dfbb9f99f37cdd5485885d8cbeb32c04bdeeea76,avitogoodsgc2507hlt1construction,140bcab25cbb9038b2b7bb99dfbb9f99f37cdd5485885d8cbeb32c04bdeeea76,140bcab25cbb9038b2b7bb99dfbb9f99f37cdd5485885d8cbeb32c04bdeeea76,Goods,HL-Construction,md58_24,24,current 10 full runs,2.0,2.2333333333333334,0.9666666666666666,3.0,2.5,1.0,2.0,2.0,1.0,1.0,1.0,1.0,2.0,2.0,1.0,2.0,2.0,1.0,3.0,3.0,1.0,2.0,2.0,1.0,4.0,3.7,0.9333333333333332,3.0,3.4,1.0,0.0,0.0,1.0,0.0,0.0,1.0,1.0,0.9666666666666668,0.9666666666666666,2.0,2.0,1.0,1.0,0.9333333333333332,0.9333333333333332,2.0,2.0,1.0,1.0,1.0,1.0,2.0,2.466666666666667,0.9666666666666666,1.0,2.466666666666667,1.5992003998001,0.0769230769230769,0.9230769230769232,0.1923076923076923,0.1025641025641025,0.0256410256410256,0.32,2.2333333333333334,2.5,2.0,1.0,2.0,2.0,3.0,2.0,3.7,3.4,0.0,0.0,0.9666666666666668,2.0,0.9333333333333332,2.0,2.066666666666667,1.0,2.3666666666666667,2.5,1.0,2.466666666666667,20.0,0.4367204044117648,0.1597059897408375,0.2281199029502306,0.1229566721132897,0.0320244641236691,0.040079771908914,0.1242502653483045,0.3191402687000726,0.2564102564102564,0.0769230769230769,0.1124654593318809,0.1621617044675849,0.1324320533769063,0.1420428156852722,11.873943328857422,0.01,5.603392601013184,,3.0,0.0,1.0,1.0,3.0,0.0,4,4,1.0,0.0,1.0,2.0,0.0,20.0,3.0,3.0,5.0,4.0,2.0,5.0,35.0,0.0,20.0,3.0,6.0,0.0,0.0,0.0,0.0,1.0,1.0,0.0,0.0,1.0,0.0,0.0,1.0,0.0
md58_24,pretest_md58,Avito_Goods_gc-25-07-H&L-T1-Construction,brief column,Avito_Goods_gc-25-07-H&L-T1-Construction.mp4,/Users/asekorneev/Desktop/Creatives_validation/Avito_Goods_gc-25-07-H&L-T1-Construction.mp4,/Users/asekorneev/outputs/message_delivery_features_20260819/prepared_media/avitogoodsgc2507hlt1construction.mp4,True,Avito,24,train,0.32,0.32,2,2,15.0,2.0,0.1231,0.16,/Users/asekorneev/outputs/aipm3_value_context_20260914/sources/promiser_comparison/combo_input.csv,current_saved_target,46.875,Existing OPM / existing message fraction,False,/Users/asekorneev/outputs/aipm_stability_20260919/human_quality_20260920/targets.csv,/Users/asekorneev/outputs/message_delivery_features_20260819/video_manifest.csv,140bcab25cbb9038b2b7bb99dfbb9f99f37cdd5485885d8cbeb32c04bdeeea76,avitogoodsgc2507hlt1construction,140bcab25cbb9038b2b7bb99dfbb9f99f37cdd5485885d8cbeb32c04bdeeea76,140bcab25cbb9038b2b7bb99dfbb9f99f37cdd5485885d8cbeb32c04bdeeea76,Goods,HL-Construction,md58_24,24,current 10 full runs,2.0,2.3666666666666667,0.9666666666666666,3.0,2.8,1.0,2.0,2.0,1.0,1.0,1.2333333333333334,0.9666666666666666,2.0,2.1666666666666665,0.9333333333333332,2.0,2.0,1.0,3.0,3.0,1.0,2.0,1.8,1.0,4.0,3.7333333333333334,0.9666666666666666,4.0,3.6,1.0,0.0,0.0,1.0,0.0,0.0,1.0,1.0,0.9666666666666668,0.9666666666666666,2.0,2.0,1.0,1.0,1.0,1.0,2.0,2.0,1.0,1.0,1.0,1.0,3.0,2.8666666666666667,0.9666666666666666,1.0,2.8666666666666667,1.5992003998001,0.1282051282051282,0.8717948717948718,0.1923076923076923,0.1025641025641025,0.0256410256410256,0.32,2.3666666666666667,2.8,2.0,1.2333333333333334,2.1666666666666665,2.0,3.0,1.8,3.7333333333333334,3.6,0.0,0.0,0.9666666666666668,2.0,1.0,2.0,2.2333333333333334,1.0,2.566666666666667,2.9,1.0,2.8666666666666667,20.0,0.4367204044117648,0.1597059897408375,0.2281199029502306,0.1229566721132897,0.0320244641236691,0.040079771908914,0.1242502653483045,0.3191402687000726,0.2564102564102564,0.0769230769230769,0.1124654593318809,0.1621617044675849,0.1324320533769063,0.1420428156852722,11.873943328857422,0.01,5.603392601013184,,3.0,0.0,1.0,1.0,3.0,0.0,5,5,1.0,0.0,1.0,2.0,0.0,20.0,3.0,3.0,5.0,4.0,2.0,5.0,35.0,0.0,20.0,3.0,6.0,0.0,0.0,0.0,0.0,0.0,1.0,0.0,0.0,1.0,0.0,0.0,1.0,0.0
md58_24,pretest_md58,Avito_Goods_gc-25-07-H&L-T1-Construction,brief column,Avito_Goods_gc-25-07-H&L-T1-Construction.mp4,/Users/asekorneev/Desktop/Creatives_validation/Avito_Goods_gc-25-07-H&L-T1-Construction.mp4,/Users/asekorneev/outputs/message_delivery_features_20260819/prepared_media/avitogoodsgc2507hlt1construction.mp4,True,Avito,24,train,0.32,0.32,2,2,15.0,2.0,0.1231,0.16,/Users/asekorneev/outputs/aipm3_value_context_20260914/sources/promiser_comparison/combo_input.csv,current_saved_target,46.875,Existing OPM / existing message fraction,False,/Users/asekorneev/outputs/aipm_stability_20260919/human_quality_20260920/targets.csv,/Users/asekorneev/outputs/message_delivery_features_20260819/video_manifest.csv,140bcab25cbb9038b2b7bb99dfbb9f99f37cdd5485885d8cbeb32c04bdeeea76,avitogoodsgc2507hlt1construction,140bcab25cbb9038b2b7bb99dfbb9f99f37cdd5485885d8cbeb32c04bdeeea76,140bcab25cbb9038b2b7bb99dfbb9f99f37cdd5485885d8cbeb32c04bdeeea76,Goods,HL-Construction,md58_24,24,current 10 full runs,2.0,2.2333333333333334,0.9666666666666666,3.0,2.5,1.0,2.0,2.0,1.0,1.0,1.1666666666666667,0.9666666666666666,2.0,2.033333333333333,0.9666666666666666,2.0,2.0,1.0,3.0,3.0,1.0,2.0,2.0,1.0,3.0,3.4,1.0,4.0,3.5,1.0,0.0,0.0,1.0,0.0,0.0,1.0,1.0,0.9666666666666668,0.9666666666666666,2.0,2.0,1.0,1.0,0.8666666666666667,0.9666666666666666,2.0,2.0,1.0,1.0,1.0,1.0,3.0,2.7,1.0,1.0,2.7,1.5992003998001,0.1025641025641025,0.8974358974358975,0.2692307692307692,0.0384615384615384,0.0,0.32,2.2333333333333334,2.5,2.0,1.1666666666666667,2.033333333333333,2.0,3.0,2.0,3.4,3.5,0.0,0.0,0.9666666666666668,2.0,0.8666666666666667,2.0,2.1333333333333333,1.0,2.2333333333333334,2.8,1.0,2.7,20.0,0.4367204044117648,0.1597059897408375,0.2281199029502306,0.1229566721132897,0.0320244641236691,0.040079771908914,0.1242502653483045,0.3191402687000726,0.2564102564102564,0.0769230769230769,0.1124654593318809,0.1621617044675849,0.1324320533769063,0.1420428156852722,11.873943328857422,0.01,5.603392601013184,,3.0,0.0,1.0,1.0,3.0,0.0,6,6,1.0,0.0,1.0,2.0,0.0,20.0,3.0,3.0,5.0,4.0,2.0,5.0,35.0,0.0,20.0,3.0,6.0,0.0,0.0,0.0,0.0,1.0,1.0,0.0,0.0,1.0,0.0,0.0,1.0,0.0
md58_24,pretest_md58,Avito_Goods_gc-25-07-H&L-T1-Construction,brief column,Avito_Goods_gc-25-07-H&L-T1-Construction.mp4,/Users/asekorneev/Desktop/Creatives_validation/Avito_Goods_gc-25-07-H&L-T1-Construction.mp4,/Users/asekorneev/outputs/message_delivery_features_20260819/prepared_media/avitogoodsgc2507hlt1construction.mp4,True,Avito,24,train,0.32,0.32,2,2,15.0,2.0,0.1231,0.16,/Users/asekorneev/outputs/aipm3_value_context_20260914/sources/promiser_comparison/combo_input.csv,current_saved_target,46.875,Existing OPM / existing message fraction,False,/Users/asekorneev/outputs/aipm_stability_20260919/human_quality_20260920/targets.csv,/Users/asekorneev/outputs/message_delivery_features_20260819/video_manifest.csv,140bcab25cbb9038b2b7bb99dfbb9f99f37cdd5485885d8cbeb32c04bdeeea76,avitogoodsgc2507hlt1construction,140bcab25cbb9038b2b7bb99dfbb9f99f37cdd5485885d8cbeb32c04bdeeea76,140bcab25cbb9038b2b7bb99dfbb9f99f37cdd5485885d8cbeb32c04bdeeea76,Goods,HL-Construction,md58_24,24,current 10 full runs,2.0,2.3,1.0,3.0,2.7,1.0,2.0,2.0,1.0,1.0,1.2,1.0,2.0,2.0,1.0,2.0,2.0,1.0,3.0,3.0,1.0,2.0,2.0,1.0,4.0,3.6,1.0,4.0,3.5,1.0,0.0,0.0,1.0,0.0,0.0,1.0,1.0,1.0,1.0,2.0,2.0,1.0,1.0,1.0,1.0,2.0,2.0,1.0,1.0,1.0,1.0,3.0,2.8,1.0,1.0,2.8,1.5992003998001,0.1538461538461538,0.8461538461538461,0.1923076923076923,0.1153846153846153,0.0,0.32,2.3,2.7,2.0,1.2,2.0,2.0,3.0,2.0,3.6,3.5,0.0,0.0,1.0,2.0,1.0,2.0,2.1,1.0,2.3,2.7,1.0,2.8,20.0,0.4367204044117648,0.1597059897408375,0.2281199029502306,0.1229566721132897,0.0320244641236691,0.040079771908914,0.1242502653483045,0.3191402687000726,0.2564102564102564,0.0769230769230769,0.1124654593318809,0.1621617044675849,0.1324320533769063,0.1420428156852722,11.873943328857422,0.01,5.603392601013184,,3.0,0.0,1.0,1.0,3.0,0.0,7,7,1.0,0.0,1.0,2.0,1.0,20.0,3.0,3.0,5.0,4.0,2.0,5.0,35.0,0.0,20.0,3.0,5.0,0.0,0.0,0.0,0.0,1.0,1.0,0.0,0.0,1.0,0.0,0.0,1.0,0.0
md58_24,pretest_md58,Avito_Goods_gc-25-07-H&L-T1-Construction,brief column,Avito_Goods_gc-25-07-H&L-T1-Construction.mp4,/Users/asekorneev/Desktop/Creatives_validation/Avito_Goods_gc-25-07-H&L-T1-Construction.mp4,/Users/asekorneev/outputs/message_delivery_features_20260819/prepared_media/avitogoodsgc2507hlt1construction.mp4,True,Avito,24,train,0.32,0.32,2,2,15.0,2.0,0.1231,0.16,/Users/asekorneev/outputs/aipm3_value_context_20260914/sources/promiser_comparison/combo_input.csv,current_saved_target,46.875,Existing OPM / existing message fraction,False,/Users/asekorneev/outputs/aipm_stability_20260919/human_quality_20260920/targets.csv,/Users/asekorneev/outputs/message_delivery_features_20260819/video_manifest.csv,140bcab25cbb9038b2b7bb99dfbb9f99f37cdd5485885d8cbeb32c04bdeeea76,avitogoodsgc2507hlt1construction,140bcab25cbb9038b2b7bb99dfbb9f99f37cdd5485885d8cbeb32c04bdeeea76,140bcab25cbb9038b2b7bb99dfbb9f99f37cdd5485885d8cbeb32c04bdeeea76,Goods,HL-Construction,md58_24,24,current 10 full runs,2.0,2.466666666666667,0.9666666666666666,3.0,2.9,1.0,2.0,2.0,1.0,1.0,1.1333333333333333,0.9666666666666666,2.0,2.0,1.0,2.0,2.0,1.0,3.0,3.0,1.0,2.0,1.9,1.0,4.0,3.8333333333333335,0.9666666666666666,4.0,3.5,1.0,0.0,0.0,1.0,0.0,0.0,1.0,1.0,0.9666666666666668,0.9666666666666666,2.0,2.0,1.0,1.0,1.0,1.0,2.0,2.0,1.0,1.0,1.0,1.0,3.0,2.9,1.0,1.0,2.9,1.5992003998001,0.0769230769230769,0.923076923076923,0.3461538461538461,0.4102564102564103,0.1794871794871795,0.32,2.466666666666667,2.9,2.0,1.1333333333333333,2.0,2.0,3.0,1.9,3.8333333333333335,3.5,0.0,0.0,0.9666666666666668,2.0,1.0,2.0,2.1333333333333333,1.0,2.533333333333333,3.0,1.0,2.9,20.0,0.4367204044117648,0.1597059897408375,0.2281199029502306,0.1229566721132897,0.0320244641236691,0.040079771908914,0.1242502653483045,0.3191402687000726,0.2564102564102564,0.0769230769230769,0.1124654593318809,0.1621617044675849,0.1324320533769063,0.1420428156852722,11.873943328857422,0.01,5.603392601013184,,3.0,0.0,1.0,1.0,3.0,0.0,8,8,1.0,0.0,1.0,2.0,0.0,20.0,3.0,3.0,5.0,4.0,2.0,5.0,35.0,0.0,20.0,3.0,6.0,0.0,0.0,0.0,0.0,1.0,1.0,0.0,0.0,1.0,0.0,0.0,1.0,0.0
md58_24,pretest_md58,Avito_Goods_gc-25-07-H&L-T1-Construction,brief column,Avito_Goods_gc-25-07-H&L-T1-Construction.mp4,/Users/asekorneev/Desktop/Creatives_validation/Avito_Goods_gc-25-07-H&L-T1-Construction.mp4,/Users/asekorneev/outputs/message_delivery_features_20260819/prepared_media/avitogoodsgc2507hlt1construction.mp4,True,Avito,24,train,0.32,0.32,2,2,15.0,2.0,0.1231,0.16,/Users/asekorneev/outputs/aipm3_value_context_20260914/sources/promiser_comparison/combo_input.csv,current_saved_target,46.875,Existing OPM / existing message fraction,False,/Users/asekorneev/outputs/aipm_stability_20260919/human_quality_20260920/targets.csv,/Users/asekorneev/outputs/message_delivery_features_20260819/video_manifest.csv,140bcab25cbb9038b2b7bb99dfbb9f99f37cdd5485885d8cbeb32c04bdeeea76,avitogoodsgc2507hlt1construction,140bcab25cbb9038b2b7bb99dfbb9f99f37cdd5485885d8cbeb32c04bdeeea76,140bcab25cbb9038b2b7bb99dfbb9f99f37cdd5485885d8cbeb32c04bdeeea76,Goods,HL-Construction,md58_24,24,current 10 full runs,3.0,2.5,1.0,3.0,2.8,1.0,2.0,2.0,1.0,1.0,1.3,1.0,2.0,2.066666666666667,0.9666666666666666,2.0,2.0,1.0,3.0,3.0,1.0,2.0,2.0,1.0,4.0,3.6333333333333337,0.9666666666666666,4.0,3.5,1.0,0.0,0.0,1.0,0.0,0.0,1.0,1.0,0.9666666666666668,0.9666666666666666,2.0,2.0,1.0,1.0,1.0,1.0,2.0,2.0,1.0,1.0,1.0,1.0,3.0,2.9,1.0,1.0,2.9,1.5992003998001,0.0769230769230769,0.9230769230769232,0.3461538461538461,0.1153846153846153,0.1538461538461538,0.32,2.5,2.8,2.0,1.3,2.066666666666667,2.0,3.0,2.0,3.6333333333333337,3.5,0.0,0.0,0.9666666666666668,2.0,1.0,2.0,2.2333333333333334,1.0,2.5,3.0,1.0,2.9,20.0,0.4367204044117648,0.1597059897408375,0.2281199029502306,0.1229566721132897,0.0320244641236691,0.040079771908914,0.1242502653483045,0.3191402687000726,0.2564102564102564,0.0769230769230769,0.1124654593318809,0.1621617044675849,0.1324320533769063,0.1420428156852722,11.873943328857422,0.01,5.603392601013184,,3.0,0.0,1.0,1.0,3.0,0.0,9,9,1.0,0.0,1.0,2.0,0.0,20.0,3.0,3.0,5.0,4.0,2.0,5.0,35.0,0.0,20.0,3.0,6.0,0.0,0.0,0.0,0.0,0.0,1.0,0.0,0.0,1.0,0.0,0.0,1.0,0.0
md58_24,pretest_md58,Avito_Goods_gc-25-07-H&L-T1-Construction,brief column,Avito_Goods_gc-25-07-H&L-T1-Construction.mp4,/Users/asekorneev/Desktop/Creatives_validation/Avito_Goods_gc-25-07-H&L-T1-Construction.mp4,/Users/asekorneev/outputs/message_delivery_features_20260819/prepared_media/avitogoodsgc2507hlt1construction.mp4,True,Avito,24,train,0.32,0.32,2,2,15.0,2.0,0.1231,0.16,/Users/asekorneev/outputs/aipm3_value_context_20260914/sources/promiser_comparison/combo_input.csv,current_saved_target,46.875,Existing OPM / existing message fraction,False,/Users/asekorneev/outputs/aipm_stability_20260919/human_quality_20260920/targets.csv,/Users/asekorneev/outputs/message_delivery_features_20260819/video_manifest.csv,140bcab25cbb9038b2b7bb99dfbb9f99f37cdd5485885d8cbeb32c04bdeeea76,avitogoodsgc2507hlt1construction,140bcab25cbb9038b2b7bb99dfbb9f99f37cdd5485885d8cbeb32c04bdeeea76,140bcab25cbb9038b2b7bb99dfbb9f99f37cdd5485885d8cbeb32c04bdeeea76,Goods,HL-Construction,md58_24,24,current 10 full runs,2.0,2.033333333333333,0.9666666666666666,3.0,2.533333333333333,0.9666666666666666,2.0,2.0,1.0,1.0,1.2,1.0,2.0,2.0,1.0,2.0,2.0,1.0,3.0,3.0,1.0,2.0,1.9,1.0,4.0,3.6333333333333337,0.9666666666666666,4.0,3.6,1.0,0.0,0.0,1.0,0.0,0.0,1.0,1.0,1.0,1.0,2.0,2.0,1.0,1.0,1.0,1.0,2.0,2.0,1.0,1.0,1.0,1.0,3.0,2.6333333333333333,0.9666666666666666,1.0,2.6333333333333333,1.5992003998001,0.0769230769230769,0.9230769230769232,0.5769230769230769,0.2435897435897436,0.0512820512820512,0.32,2.033333333333333,2.533333333333333,2.0,1.2,2.0,2.0,3.0,1.9,3.6333333333333337,3.6,0.0,0.0,1.0,2.0,1.0,2.0,2.2333333333333334,1.0,2.1333333333333333,2.6333333333333333,1.0,2.6333333333333333,20.0,0.4367204044117648,0.1597059897408375,0.2281199029502306,0.1229566721132897,0.0320244641236691,0.040079771908914,0.1242502653483045,0.3191402687000726,0.2564102564102564,0.0769230769230769,0.1124654593318809,0.1621617044675849,0.1324320533769063,0.1420428156852722,11.873943328857422,0.01,5.603392601013184,,3.0,0.0,1.0,1.0,3.0,0.0,10,10,1.0,0.0,1.0,2.0,0.0,20.0,3.0,3.0,5.0,4.0,2.0,5.0,35.0,0.0,20.0,3.0,6.0,0.0,0.0,0.0,0.0,0.0,1.0,0.0,0.0,1.0,0.0,0.0,1.0,0.0
md58_25,pretest_md58,AVITO gc-25-08-CC-Back-to-school-SALE-T1-2C,brief column,Avito_Goods_gc-25-08-CC-Back-to-school-SALE-T1-2C.mp4,/Users/asekorneev/Desktop/Creatives_validation/Avito_Goods_gc-25-08-CC-Back-to-school-SALE-T1-2C.mp4,/Users/asekorneev/outputs/message_delivery_features_20260819/prepared_media/avitogoodsgc2508ccbacktoschoolsalet12c.mp4,True,Avito,25,train,0.36,0.36,2,2,10.0,1.0,0.0637,0.29,/Users/asekorneev/outputs/aipm3_value_context_20260914/sources/promiser_comparison/combo_input.csv,current_saved_target,27.77777777777778,Existing OPM / existing message fraction,False,/Users/asekorneev/outputs/aipm_stability_20260919/human_quality_20260920/targets.csv,/Users/asekorneev/outputs/message_delivery_features_20260819/video_manifest.csv,9e7b30dacca267ce0700b6d8aab0d5245797a16b13e368f1e33a5f39aa4b452c,avitogc2508ccbacktoschoolsalet12c,9e7b30dacca267ce0700b6d8aab0d5245797a16b13e368f1e33a5f39aa4b452c,9e7b30dacca267ce0700b6d8aab0d5245797a16b13e368f1e33a5f39aa4b452c,Other,Other,md58_25,25,current 10 full runs,3.0,2.8,1.0,3.0,2.8,1.0,3.0,3.033333333333333,0.9666666666666666,2.0,2.2666666666666666,0.9333333333333332,1.0,1.3,1.0,1.0,1.0,1.0,3.0,3.0,1.0,0.0,0.0,1.0,4.0,3.5,1.0,2.0,1.8666666666666667,0.9333333333333332,1.0,1.4,1.0,0.0,0.1,1.0,1.0,0.8,1.0,1.0,1.0,1.0,0.0,0.1666666666666666,0.9666666666666666,2.0,2.0,1.0,0.0,0.0,1.0,3.0,2.6666666666666665,0.9666666666666666,0.0,2.6666666666666665,2.2,0.0769230769230768,0.9230769230769232,0.1153846153846153,0.0384615384615384,0.0,0.36,2.8,2.8,3.033333333333333,2.2666666666666666,1.3,1.0,3.0,0.0,3.5,1.8666666666666667,1.4,0.1,0.8,1.0,0.1666666666666666,2.0,2.8333333333333335,1.0,2.8,2.7333333333333334,0.0,2.6666666666666665,20.0,0.4486984953703701,0.1584577876415936,0.2321108787050014,0.1366985702614379,0.0367698475031992,0.0453692830022918,0.1326398525222054,0.245311220043573,0.2564102564102564,0.0512820512820512,0.0877034465020576,0.1870915330119145,0.1441227759622367,0.059596199542284,15.232484817504885,0.0904522613065326,7.063096523284912,,1.0,1.0,2.0,2.0,2.0,0.0,1,1,0.0,1.0,0.0,3.0,1.0,20.0,2.0,4.0,1.0,1.0,10.0,3.0,45.0,0.0,20.0,4.0,0.0,2.0,0.0,0.0,0.0,0.0,0.0,0.0,0.0,1.0,1.0,0.0,0.0,0.0
md58_26,pretest_md58,Avito_Goods_gc-25-10-HL-Furniture-Loans-T1-C2C,brief column,Avito_Goods_gc-25-10-HL-Furniture-Loans-T1-C2C.mp4,/Users/asekorneev/Desktop/Creatives_validation/Avito_Goods_gc-25-10-HL-Furniture-Loans-T1-C2C.mp4,/Users/asekorneev/outputs/message_delivery_features_20260819/prepared_media/avitogoodsgc2510hlfurnitureloanst1c2c.mp4,True,Avito,26,train,0.29,0.2,2,0,8.190000000000001,0.0,,,,current_saved_target,40.95,Summary!K48,False,/Users/asekorneev/outputs/aipm_stability_20260919/human_quality_20260920/targets.csv,/Users/asekorneev/outputs/message_delivery_features_20260819/video_manifest.csv,2b887867a656bb914af76caf3279ee6b2259b0018ced5a6fb1d85652423c0930,avitogoodsgc2510hlfurnitureloanst1c2c,2b887867a656bb914af76caf3279ee6b2259b0018ced5a6fb1d85652423c0930,2b887867a656bb914af76caf3279ee6b2259b0018ced5a6fb1d85652423c0930,Goods,HL-Furniture,md58_26,26,current 10 full runs,2.0,2.0,1.0,2.0,2.0,1.0,1.0,1.3,1.0,1.0,1.3666666666666667,0.9666666666666666,2.0,2.466666666666667,0.9666666666666666,3.0,2.7,1.0,3.0,2.8666666666666667,0.9666666666666666,0.0,0.2,1.0,3.0,3.466666666666667,0.9666666666666666,2.0,2.0,1.0,1.0,1.0,1.0,0.0,0.1,1.0,1.0,1.0,1.0,3.0,2.6,1.0,1.0,1.4666666666666666,0.9666666666666666,2.0,2.0,1.0,1.0,1.0,1.0,3.0,2.9,1.0,1.0,2.9,1.8490754622688657,0.1025641025641025,0.8974358974358975,0.1923076923076923,0.0641025641025641,0.0512820512820512,0.2,2.0,2.0,1.3,1.3666666666666667,2.466666666666667,2.7,2.8666666666666667,0.2,3.466666666666667,2.0,1.0,0.1,1.0,2.6,1.4666666666666666,2.0,1.0,1.0,2.1,2.1,1.0,2.9,20.0,0.4298323188997823,0.0843579049116873,0.2169830955737653,0.1404380650871459,0.0241524775118358,0.0447100482199923,0.0826274486527754,0.2056580973129993,0.1282051282051282,0.0512820512820512,0.1591576948680706,0.201461242149588,0.1474325980392156,0.1337041109800338,15.910846710205078,0.0,6.463853359222412,,1.0,0.0,2.0,1.0,2.0,1.0,1,1,0.0,1.0,0.0,2.0,16.0,4.0,1.0,4.0,3.0,3.0,5.0,2.0,35.0,0.0,9.0,4.0,0.0,1.0,0.0,0.0,0.0,0.0,0.0,0.0,1.0,0.0,1.0,0.0,0.0,0.0
md58_26,pretest_md58,Avito_Goods_gc-25-10-HL-Furniture-Loans-T1-C2C,brief column,Avito_Goods_gc-25-10-HL-Furniture-Loans-T1-C2C.mp4,/Users/asekorneev/Desktop/Creatives_validation/Avito_Goods_gc-25-10-HL-Furniture-Loans-T1-C2C.mp4,/Users/asekorneev/outputs/message_delivery_features_20260819/prepared_media/avitogoodsgc2510hlfurnitureloanst1c2c.mp4,True,Avito,26,train,0.29,0.2,2,0,8.190000000000001,0.0,,,,current_saved_target,40.95,Summary!K48,False,/Users/asekorneev/outputs/aipm_stability_20260919/human_quality_20260920/targets.csv,/Users/asekorneev/outputs/message_delivery_features_20260819/video_manifest.csv,2b887867a656bb914af76caf3279ee6b2259b0018ced5a6fb1d85652423c0930,avitogoodsgc2510hlfurnitureloanst1c2c,2b887867a656bb914af76caf3279ee6b2259b0018ced5a6fb1d85652423c0930,2b887867a656bb914af76caf3279ee6b2259b0018ced5a6fb1d85652423c0930,Goods,HL-Furniture,md58_26,26,current 10 full runs,2.0,2.0,1.0,2.0,2.0,1.0,2.0,1.5333333333333334,0.9666666666666666,2.0,1.7666666666666666,0.9666666666666666,3.0,2.566666666666667,0.9666666666666666,2.0,2.466666666666667,0.9666666666666666,3.0,3.0,1.0,0.0,0.0,1.0,4.0,3.566666666666667,0.9666666666666666,2.0,2.1,1.0,1.0,1.0,1.0,0.0,0.0,1.0,1.0,0.9,1.0,2.0,2.4,1.0,1.0,0.9666666666666668,0.9666666666666666,2.0,2.0,1.0,1.0,1.0,1.0,3.0,3.0,1.0,1.0,3.0,1.8490754622688657,0.0256410256410256,0.9743589743589745,0.1923076923076923,0.0641025641025641,0.0512820512820512,0.2,2.0,2.0,1.5333333333333334,1.7666666666666666,2.566666666666667,2.466666666666667,3.0,0.0,3.566666666666667,2.1,1.0,0.0,0.9,2.4,0.9666666666666668,2.0,1.0,0.9,2.3,2.3,1.0,3.0,20.0,0.4298323188997823,0.0843579049116873,0.2169830955737653,0.1404380650871459,0.0241524775118358,0.0447100482199923,0.0826274486527754,0.2056580973129993,0.1282051282051282,0.0512820512820512,0.1591576948680706,0.201461242149588,0.1474325980392156,0.1337041109800338,15.910846710205078,0.0,6.463853359222412,,1.0,0.0,2.0,1.0,2.0,1.0,2,2,0.0,1.0,0.0,2.0,17.0,3.0,1.0,3.0,3.0,3.0,5.0,2.0,35.0,0.0,8.0,3.0,0.0,1.0,0.0,0.0,0.0,0.0,0.0,0.0,1.0,0.0,1.0,0.0,0.0,0.0
md58_26,pretest_md58,Avito_Goods_gc-25-10-HL-Furniture-Loans-T1-C2C,brief column,Avito_Goods_gc-25-10-HL-Furniture-Loans-T1-C2C.mp4,/Users/asekorneev/Desktop/Creatives_validation/Avito_Goods_gc-25-10-HL-Furniture-Loans-T1-C2C.mp4,/Users/asekorneev/outputs/message_delivery_features_20260819/prepared_media/avitogoodsgc2510hlfurnitureloanst1c2c.mp4,True,Avito,26,train,0.29,0.2,2,0,8.190000000000001,0.0,,,,current_saved_target,40.95,Summary!K48,False,/Users/asekorneev/outputs/aipm_stability_20260919/human_quality_20260920/targets.csv,/Users/asekorneev/outputs/message_delivery_features_20260819/video_manifest.csv,2b887867a656bb914af76caf3279ee6b2259b0018ced5a6fb1d85652423c0930,avitogoodsgc2510hlfurnitureloanst1c2c,2b887867a656bb914af76caf3279ee6b2259b0018ced5a6fb1d85652423c0930,2b887867a656bb914af76caf3279ee6b2259b0018ced5a6fb1d85652423c0930,Goods,HL-Furniture,md58_26,26,current 10 full runs,2.0,2.0,1.0,2.0,2.3,1.0,2.0,1.8,1.0,2.0,2.0,1.0,3.0,2.7,1.0,2.0,2.2,1.0,3.0,2.9,1.0,0.0,0.0,1.0,3.0,3.4,1.0,2.0,2.2,1.0,1.0,1.0,1.0,0.0,0.0,1.0,1.0,1.0,1.0,2.0,2.2,1.0,1.0,1.1,1.0,2.0,2.0,1.0,1.0,1.0,1.0,3.0,2.9,1.0,1.0,2.9,1.8490754622688657,0.0512820512820512,0.9487179487179488,0.1923076923076923,0.0512820512820512,0.0256410256410256,0.2,2.0,2.3,1.8,2.0,2.7,2.2,2.9,0.0,3.4,2.2,1.0,0.0,1.0,2.2,1.1,2.0,1.0,1.0,2.4,2.4,1.0,2.9,20.0,0.4298323188997823,0.0843579049116873,0.2169830955737653,0.1404380650871459,0.0241524775118358,0.0447100482199923,0.0826274486527754,0.2056580973129993,0.1282051282051282,0.0512820512820512,0.1591576948680706,0.201461242149588,0.1474325980392156,0.1337041109800338,15.910846710205078,0.0,6.463853359222412,,1.0,0.0,2.0,1.0,2.0,1.0,3,3,0.0,1.0,0.0,2.0,16.0,4.0,1.0,4.0,3.0,3.0,5.0,2.0,35.0,0.0,9.0,4.0,0.0,1.0,0.0,0.0,0.0,0.0,0.0,0.0,1.0,0.0,1.0,0.0,0.0,0.0
md58_26,pretest_md58,Avito_Goods_gc-25-10-HL-Furniture-Loans-T1-C2C,brief column,Avito_Goods_gc-25-10-HL-Furniture-Loans-T1-C2C.mp4,/Users/asekorneev/Desktop/Creatives_validation/Avito_Goods_gc-25-10-HL-Furniture-Loans-T1-C2C.mp4,/Users/asekorneev/outputs/message_delivery_features_20260819/prepared_media/avitogoodsgc2510hlfurnitureloanst1c2c.mp4,True,Avito,26,train,0.29,0.2,2,0,8.190000000000001,0.0,,,,current_saved_target,40.95,Summary!K48,False,/Users/asekorneev/outputs/aipm_stability_20260919/human_quality_20260920/targets.csv,/Users/asekorneev/outputs/message_delivery_features_20260819/video_manifest.csv,2b887867a656bb914af76caf3279ee6b2259b0018ced5a6fb1d85652423c0930,avitogoodsgc2510hlfurnitureloanst1c2c,2b887867a656bb914af76caf3279ee6b2259b0018ced5a6fb1d85652423c0930,2b887867a656bb914af76caf3279ee6b2259b0018ced5a6fb1d85652423c0930,Goods,HL-Furniture,md58_26,26,current 10 full runs,2.0,2.0,1.0,2.0,2.1666666666666665,0.9333333333333332,2.0,1.7333333333333334,0.9666666666666666,2.0,1.6666666666666667,0.9333333333333332,3.0,2.533333333333333,0.9666666666666666,2.0,2.2666666666666666,0.9666666666666666,3.0,2.9,0.9333333333333332,0.0,0.2333333333333333,0.9666666666666666,3.0,3.4,0.9333333333333332,2.0,2.1,1.0,1.0,1.0,1.0,0.0,0.0333333333333333,0.9666666666666666,1.0,1.0333333333333334,0.9666666666666666,2.0,2.2333333333333334,0.9666666666666666,1.0,1.2333333333333334,0.9666666666666666,2.0,2.0,1.0,1.0,1.0,1.0,3.0,3.0,1.0,1.0,3.0,1.8490754622688657,0.0769230769230769,0.9230769230769232,0.1923076923076923,0.0512820512820512,0.0256410256410256,0.2,2.0,2.1666666666666665,1.7333333333333334,1.6666666666666667,2.533333333333333,2.2666666666666666,2.9,0.2333333333333333,3.4,2.1,1.0,0.0333333333333333,1.0333333333333334,2.2333333333333334,1.2333333333333334,2.0,1.0,1.0333333333333334,2.3333333333333335,2.3,1.0,3.0,20.0,0.4298323188997823,0.0843579049116873,0.2169830955737653,0.1404380650871459,0.0241524775118358,0.0447100482199923,0.0826274486527754,0.2056580973129993,0.1282051282051282,0.0512820512820512,0.1591576948680706,0.201461242149588,0.1474325980392156,0.1337041109800338,15.910846710205078,0.0,6.463853359222412,,1.0,0.0,2.0,1.0,2.0,1.0,4,4,0.0,1.0,0.0,2.0,16.0,4.0,1.0,4.0,3.0,3.0,5.0,2.0,35.0,0.0,9.0,4.0,0.0,1.0,0.0,0.0,0.0,0.0,0.0,0.0,1.0,0.0,1.0,0.0,0.0,0.0
md58_26,pretest_md58,Avito_Goods_gc-25-10-HL-Furniture-Loans-T1-C2C,brief column,Avito_Goods_gc-25-10-HL-Furniture-Loans-T1-C2C.mp4,/Users/asekorneev/Desktop/Creatives_validation/Avito_Goods_gc-25-10-HL-Furniture-Loans-T1-C2C.mp4,/Users/asekorneev/outputs/message_delivery_features_20260819/prepared_media/avitogoodsgc2510hlfurnitureloanst1c2c.mp4,True,Avito,26,train,0.29,0.2,2,0,8.190000000000001,0.0,,,,current_saved_target,40.95,Summary!K48,False,/Users/asekorneev/outputs/aipm_stability_20260919/human_quality_20260920/targets.csv,/Users/asekorneev/outputs/message_delivery_features_20260819/video_manifest.csv,2b887867a656bb914af76caf3279ee6b2259b0018ced5a6fb1d85652423c0930,avitogoodsgc2510hlfurnitureloanst1c2c,2b887867a656bb914af76caf3279ee6b2259b0018ced5a6fb1d85652423c0930,2b887867a656bb914af76caf3279ee6b2259b0018ced5a6fb1d85652423c0930,Goods,HL-Furniture,md58_26,26,current 10 full runs,2.0,2.0,1.0,3.0,2.5,1.0,2.0,1.5,1.0,2.0,1.9666666666666663,0.9666666666666666,3.0,2.8,1.0,3.0,2.6,1.0,3.0,3.0,1.0,0.0,0.1,1.0,4.0,3.8666666666666663,0.9666666666666666,2.0,2.0,1.0,1.0,1.0,1.0,0.0,0.0,1.0,1.0,1.0,1.0,2.0,2.4,1.0,2.0,1.6666666666666667,0.9666666666666666,2.0,2.0,1.0,1.0,1.0,1.0,3.0,3.0,1.0,1.0,3.0,1.8490754622688657,0.1025641025641025,0.8974358974358975,0.2692307692307692,0.0512820512820512,0.0256410256410256,0.2,2.0,2.5,1.5,1.9666666666666663,2.8,2.6,3.0,0.1,3.8666666666666663,2.0,1.0,0.0,1.0,2.4,1.6666666666666667,2.0,1.0,1.0,2.5,2.5,1.0,3.0,20.0,0.4298323188997823,0.0843579049116873,0.2169830955737653,0.1404380650871459,0.0241524775118358,0.0447100482199923,0.0826274486527754,0.2056580973129993,0.1282051282051282,0.0512820512820512,0.1591576948680706,0.201461242149588,0.1474325980392156,0.1337041109800338,15.910846710205078,0.0,6.463853359222412,,1.0,0.0,2.0,1.0,2.0,1.0,5,5,0.0,1.0,0.0,2.0,17.0,3.0,1.0,3.0,3.0,3.0,5.0,2.0,35.0,0.0,8.0,3.0,0.0,1.0,0.0,0.0,0.0,0.0,0.0,0.0,1.0,0.0,1.0,0.0,0.0,0.0
md58_26,pretest_md58,Avito_Goods_gc-25-10-HL-Furniture-Loans-T1-C2C,brief column,Avito_Goods_gc-25-10-HL-Furniture-Loans-T1-C2C.mp4,/Users/asekorneev/Desktop/Creatives_validation/Avito_Goods_gc-25-10-HL-Furniture-Loans-T1-C2C.mp4,/Users/asekorneev/outputs/message_delivery_features_20260819/prepared_media/avitogoodsgc2510hlfurnitureloanst1c2c.mp4,True,Avito,26,train,0.29,0.2,2,0,8.190000000000001,0.0,,,,current_saved_target,40.95,Summary!K48,False,/Users/asekorneev/outputs/aipm_stability_20260919/human_quality_20260920/targets.csv,/Users/asekorneev/outputs/message_delivery_features_20260819/video_manifest.csv,2b887867a656bb914af76caf3279ee6b2259b0018ced5a6fb1d85652423c0930,avitogoodsgc2510hlfurnitureloanst1c2c,2b887867a656bb914af76caf3279ee6b2259b0018ced5a6fb1d85652423c0930,2b887867a656bb914af76caf3279ee6b2259b0018ced5a6fb1d85652423c0930,Goods,HL-Furniture,md58_26,26,current 10 full runs,2.0,2.0,1.0,2.0,2.3,1.0,1.0,1.4,1.0,2.0,1.5,1.0,2.0,2.3,1.0,3.0,2.6,1.0,3.0,2.9,1.0,0.0,0.1,1.0,3.0,3.4,1.0,2.0,2.1,1.0,1.0,1.0,1.0,0.0,0.1,1.0,1.0,1.0,1.0,3.0,2.6,1.0,1.0,1.2,1.0,2.0,2.0,1.0,1.0,1.0,1.0,3.0,3.0,1.0,1.0,3.0,1.8490754622688657,0.0512820512820512,0.9487179487179488,0.1923076923076923,0.0641025641025641,0.0512820512820512,0.2,2.0,2.3,1.4,1.5,2.3,2.6,2.9,0.1,3.4,2.1,1.0,0.1,1.0,2.6,1.2,2.0,1.0,1.0,2.4,2.4,1.0,3.0,20.0,0.4298323188997823,0.0843579049116873,0.2169830955737653,0.1404380650871459,0.0241524775118358,0.0447100482199923,0.0826274486527754,0.2056580973129993,0.1282051282051282,0.0512820512820512,0.1591576948680706,0.201461242149588,0.1474325980392156,0.1337041109800338,15.910846710205078,0.0,6.463853359222412,,1.0,0.0,2.0,1.0,2.0,1.0,6,6,0.0,1.0,0.0,2.0,17.0,3.0,1.0,3.0,3.0,3.0,5.0,2.0,35.0,0.0,8.0,3.0,0.0,1.0,0.0,0.0,0.0,0.0,0.0,0.0,1.0,0.0,1.0,0.0,0.0,0.0
md58_26,pretest_md58,Avito_Goods_gc-25-10-HL-Furniture-Loans-T1-C2C,brief column,Avito_Goods_gc-25-10-HL-Furniture-Loans-T1-C2C.mp4,/Users/asekorneev/Desktop/Creatives_validation/Avito_Goods_gc-25-10-HL-Furniture-Loans-T1-C2C.mp4,/Users/asekorneev/outputs/message_delivery_features_20260819/prepared_media/avitogoodsgc2510hlfurnitureloanst1c2c.mp4,True,Avito,26,train,0.29,0.2,2,0,8.190000000000001,0.0,,,,current_saved_target,40.95,Summary!K48,False,/Users/asekorneev/outputs/aipm_stability_20260919/human_quality_20260920/targets.csv,/Users/asekorneev/outputs/message_delivery_features_20260819/video_manifest.csv,2b887867a656bb914af76caf3279ee6b2259b0018ced5a6fb1d85652423c0930,avitogoodsgc2510hlfurnitureloanst1c2c,2b887867a656bb914af76caf3279ee6b2259b0018ced5a6fb1d85652423c0930,2b887867a656bb914af76caf3279ee6b2259b0018ced5a6fb1d85652423c0930,Goods,HL-Furniture,md58_26,26,current 10 full runs,2.0,2.0,1.0,2.0,2.3333333333333335,0.9666666666666666,1.0,1.3,1.0,2.0,1.6666666666666667,0.9333333333333332,3.0,2.6,1.0,3.0,2.7,1.0,3.0,2.9,1.0,0.0,0.2,1.0,4.0,3.6333333333333337,0.9666666666666666,2.0,2.1,1.0,1.0,1.0,1.0,0.0,0.1,1.0,1.0,1.0,1.0,3.0,2.6,1.0,2.0,1.5,1.0,2.0,2.0,1.0,1.0,1.0,1.0,3.0,3.0,1.0,1.0,3.0,1.8490754622688657,0.0769230769230769,0.9230769230769232,0.1923076923076923,0.0384615384615384,0.0,0.2,2.0,2.3333333333333335,1.3,1.6666666666666667,2.6,2.7,2.9,0.2,3.6333333333333337,2.1,1.0,0.1,1.0,2.6,1.5,2.0,1.0,1.0,2.3,2.3,1.0,3.0,20.0,0.4298323188997823,0.0843579049116873,0.2169830955737653,0.1404380650871459,0.0241524775118358,0.0447100482199923,0.0826274486527754,0.2056580973129993,0.1282051282051282,0.0512820512820512,0.1591576948680706,0.201461242149588,0.1474325980392156,0.1337041109800338,15.910846710205078,0.0,6.463853359222412,,1.0,0.0,2.0,1.0,2.0,1.0,7,7,0.0,1.0,0.0,2.0,17.0,3.0,1.0,3.0,3.0,3.0,5.0,2.0,35.0,0.0,8.0,3.0,0.0,1.0,0.0,0.0,0.0,0.0,0.0,0.0,1.0,0.0,1.0,0.0,0.0,0.0
md58_26,pretest_md58,Avito_Goods_gc-25-10-HL-Furniture-Loans-T1-C2C,brief column,Avito_Goods_gc-25-10-HL-Furniture-Loans-T1-C2C.mp4,/Users/asekorneev/Desktop/Creatives_validation/Avito_Goods_gc-25-10-HL-Furniture-Loans-T1-C2C.mp4,/Users/asekorneev/outputs/message_delivery_features_20260819/prepared_media/avitogoodsgc2510hlfurnitureloanst1c2c.mp4,True,Avito,26,train,0.29,0.2,2,0,8.190000000000001,0.0,,,,current_saved_target,40.95,Summary!K48,False,/Users/asekorneev/outputs/aipm_stability_20260919/human_quality_20260920/targets.csv,/Users/asekorneev/outputs/message_delivery_features_20260819/video_manifest.csv,2b887867a656bb914af76caf3279ee6b2259b0018ced5a6fb1d85652423c0930,avitogoodsgc2510hlfurnitureloanst1c2c,2b887867a656bb914af76caf3279ee6b2259b0018ced5a6fb1d85652423c0930,2b887867a656bb914af76caf3279ee6b2259b0018ced5a6fb1d85652423c0930,Goods,HL-Furniture,md58_26,26,current 10 full runs,2.0,2.0,1.0,2.0,2.2,1.0,1.0,1.4,1.0,2.0,1.9,0.9333333333333332,3.0,2.7,1.0,3.0,2.6,1.0,3.0,2.9,1.0,0.0,0.2,1.0,4.0,3.7666666666666666,0.9666666666666666,2.0,2.2,1.0,1.0,1.0,1.0,0.0,0.0,1.0,1.0,1.0,1.0,3.0,2.5,1.0,1.0,1.3,1.0,2.0,2.0,1.0,1.0,1.0,1.0,3.0,3.0,1.0,1.0,3.0,1.8490754622688657,0.0512820512820512,0.9487179487179488,0.2692307692307692,0.0641025641025641,0.0512820512820512,0.2,2.0,2.2,1.4,1.9,2.7,2.6,2.9,0.2,3.7666666666666666,2.2,1.0,0.0,1.0,2.5,1.3,2.0,1.0,1.0,2.4,2.4,1.0,3.0,20.0,0.4298323188997823,0.0843579049116873,0.2169830955737653,0.1404380650871459,0.0241524775118358,0.0447100482199923,0.0826274486527754,0.2056580973129993,0.1282051282051282,0.0512820512820512,0.1591576948680706,0.201461242149588,0.1474325980392156,0.1337041109800338,15.910846710205078,0.0,6.463853359222412,,1.0,0.0,2.0,1.0,2.0,1.0,8,8,0.0,1.0,0.0,2.0,17.0,3.0,1.0,3.0,3.0,3.0,5.0,2.0,35.0,0.0,8.0,3.0,0.0,1.0,0.0,0.0,0.0,0.0,0.0,0.0,1.0,0.0,1.0,0.0,0.0,0.0
md58_26,pretest_md58,Avito_Goods_gc-25-10-HL-Furniture-Loans-T1-C2C,brief column,Avito_Goods_gc-25-10-HL-Furniture-Loans-T1-C2C.mp4,/Users/asekorneev/Desktop/Creatives_validation/Avito_Goods_gc-25-10-HL-Furniture-Loans-T1-C2C.mp4,/Users/asekorneev/outputs/message_delivery_features_20260819/prepared_media/avitogoodsgc2510hlfurnitureloanst1c2c.mp4,True,Avito,26,train,0.29,0.2,2,0,8.190000000000001,0.0,,,,current_saved_target,40.95,Summary!K48,False,/Users/asekorneev/outputs/aipm_stability_20260919/human_quality_20260920/targets.csv,/Users/asekorneev/outputs/message_delivery_features_20260819/video_manifest.csv,2b887867a656bb914af76caf3279ee6b2259b0018ced5a6fb1d85652423c0930,avitogoodsgc2510hlfurnitureloanst1c2c,2b887867a656bb914af76caf3279ee6b2259b0018ced5a6fb1d85652423c0930,2b887867a656bb914af76caf3279ee6b2259b0018ced5a6fb1d85652423c0930,Goods,HL-Furniture,md58_26,26,current 10 full runs,2.0,2.0,1.0,2.0,2.433333333333333,0.9666666666666666,1.0,1.3,1.0,1.0,1.4333333333333331,0.9666666666666666,3.0,2.533333333333333,0.9666666666666666,3.0,2.7,1.0,3.0,2.933333333333333,0.9666666666666666,0.0,0.2333333333333333,0.9666666666666666,4.0,3.566666666666667,0.9666666666666666,2.0,2.1,1.0,1.0,1.0,1.0,0.0,0.1333333333333333,0.9666666666666666,1.0,1.0333333333333334,0.9666666666666666,3.0,2.7,1.0,1.0,1.1666666666666667,0.9666666666666666,2.0,2.0,1.0,1.0,1.0,1.0,3.0,2.9,1.0,1.0,2.9,1.8490754622688657,0.1025641025641025,0.8974358974358975,0.1923076923076923,0.0512820512820512,0.0256410256410256,0.2,2.0,2.433333333333333,1.3,1.4333333333333331,2.533333333333333,2.7,2.933333333333333,0.2333333333333333,3.566666666666667,2.1,1.0,0.1333333333333333,1.0333333333333334,2.7,1.1666666666666667,2.0,1.0,1.0,2.5,2.533333333333333,1.0,2.9,20.0,0.4298323188997823,0.0843579049116873,0.2169830955737653,0.1404380650871459,0.0241524775118358,0.0447100482199923,0.0826274486527754,0.2056580973129993,0.1282051282051282,0.0512820512820512,0.1591576948680706,0.201461242149588,0.1474325980392156,0.1337041109800338,15.910846710205078,0.0,6.463853359222412,,1.0,0.0,2.0,1.0,2.0,1.0,9,9,0.0,1.0,0.0,2.0,17.0,3.0,1.0,3.0,3.0,3.0,5.0,2.0,35.0,0.0,8.0,3.0,0.0,1.0,0.0,0.0,0.0,0.0,0.0,0.0,1.0,0.0,1.0,0.0,0.0,0.0
md58_26,pretest_md58,Avito_Goods_gc-25-10-HL-Furniture-Loans-T1-C2C,brief column,Avito_Goods_gc-25-10-HL-Furniture-Loans-T1-C2C.mp4,/Users/asekorneev/Desktop/Creatives_validation/Avito_Goods_gc-25-10-HL-Furniture-Loans-T1-C2C.mp4,/Users/asekorneev/outputs/message_delivery_features_20260819/prepared_media/avitogoodsgc2510hlfurnitureloanst1c2c.mp4,True,Avito,26,train,0.29,0.2,2,0,8.190000000000001,0.0,,,,current_saved_target,40.95,Summary!K48,False,/Users/asekorneev/outputs/aipm_stability_20260919/human_quality_20260920/targets.csv,/Users/asekorneev/outputs/message_delivery_features_20260819/video_manifest.csv,2b887867a656bb914af76caf3279ee6b2259b0018ced5a6fb1d85652423c0930,avitogoodsgc2510hlfurnitureloanst1c2c,2b887867a656bb914af76caf3279ee6b2259b0018ced5a6fb1d85652423c0930,2b887867a656bb914af76caf3279ee6b2259b0018ced5a6fb1d85652423c0930,Goods,HL-Furniture,md58_26,26,current 10 full runs,2.0,2.0,1.0,3.0,2.566666666666667,0.9333333333333332,1.0,1.3333333333333333,0.9666666666666666,2.0,1.6,0.9,3.0,2.533333333333333,0.9666666666666666,3.0,2.6666666666666665,0.9666666666666666,3.0,2.933333333333333,0.9666666666666666,0.0,0.1333333333333333,0.9666666666666666,4.0,3.533333333333333,0.9,2.0,2.1,1.0,1.0,1.0,1.0,0.0,0.0,1.0,1.0,1.1333333333333333,0.9666666666666666,3.0,2.6333333333333333,0.9666666666666666,1.0,1.1333333333333333,0.9666666666666666,2.0,2.0,1.0,1.0,1.0,1.0,3.0,3.0,1.0,1.0,3.0,1.8490754622688657,0.0769230769230769,0.9230769230769232,0.2692307692307692,0.2564102564102564,0.0769230769230769,0.2,2.0,2.566666666666667,1.3333333333333333,1.6,2.533333333333333,2.6666666666666665,2.933333333333333,0.1333333333333333,3.533333333333333,2.1,1.0,0.0,1.1333333333333333,2.6333333333333333,1.1333333333333333,2.0,1.0,1.0,2.7333333333333334,2.7333333333333334,1.0,3.0,20.0,0.4298323188997823,0.0843579049116873,0.2169830955737653,0.1404380650871459,0.0241524775118358,0.0447100482199923,0.0826274486527754,0.2056580973129993,0.1282051282051282,0.0512820512820512,0.1591576948680706,0.201461242149588,0.1474325980392156,0.1337041109800338,15.910846710205078,0.0,6.463853359222412,,1.0,0.0,2.0,1.0,2.0,1.0,10,10,0.0,1.0,0.0,2.0,17.0,3.0,1.0,3.0,3.0,3.0,5.0,2.0,35.0,0.0,8.0,3.0,0.0,1.0,0.0,0.0,0.0,0.0,0.0,0.0,1.0,0.0,1.0,0.0,0.0,0.0
md58_27,pretest_md58,gc-2025-10-SP-Winter Tires & Service-T1-C2C,brief column,Avito_Goods_gc-25-10-SP-Winter Tires & Service-T1-2C.mp4,/Users/asekorneev/Desktop/Creatives_validation/Avito_Goods_gc-25-10-SP-Winter Tires & Service-T1-2C.mp4,/Users/asekorneev/outputs/message_delivery_features_20260819/prepared_media/avitogoodsgc2510spwintertiresservicet12c.mp4,True,Avito,27,train,0.18,0.18,0,0,7.0,0.0,0.1,0.26,/Users/asekorneev/outputs/aipm3_value_context_20260914/sources/promiser_comparison/combo_input.csv,current_saved_target,38.88888888888889,Existing OPM / existing message fraction,False,/Users/asekorneev/outputs/aipm_stability_20260919/human_quality_20260920/targets.csv,/Users/asekorneev/outputs/message_delivery_features_20260819/video_manifest.csv,14891ce3f527c465a284c05d9bfdaefd3e356728d525f96b1bbcdcb5b4f02fa1,gc202510spwintertiresservicet1c2c,14891ce3f527c465a284c05d9bfdaefd3e356728d525f96b1bbcdcb5b4f02fa1,14891ce3f527c465a284c05d9bfdaefd3e356728d525f96b1bbcdcb5b4f02fa1,Other,Other,md58_27,27,current 10 full runs,3.0,2.5,1.0,3.0,2.7,1.0,3.0,3.0,1.0,2.0,2.0,1.0,3.0,3.2,1.0,1.0,1.0,1.0,3.0,3.0,1.0,0.0,0.1,1.0,4.0,3.9,1.0,1.0,1.0,1.0,1.0,1.0,1.0,0.0,0.0,1.0,1.0,1.0,1.0,1.0,1.0,1.0,2.0,1.5,1.0,2.0,2.1,1.0,1.0,1.0,1.0,3.0,3.0,1.0,1.0,3.0,1.5992003998001,0.0512820512820512,0.9487179487179488,0.2692307692307692,0.0512820512820512,0.0256410256410256,0.18,2.5,2.7,3.0,2.0,3.2,1.0,3.0,0.1,3.9,1.0,1.0,0.0,1.0,1.0,1.5,2.1,2.1,1.0,2.7,2.7,1.0,3.0,20.0,0.3649628154502542,0.0957674396040091,0.212390255901253,0.1835737064270152,0.0866071762419007,0.0425674350303234,0.119921806044355,0.2884247821350763,0.2307692307692307,0.0256410256410256,0.1233709150326797,0.1833346551535417,0.1065809731299927,0.3570102751255035,13.620284080505373,0.015,7.926546096801758,,2.0,0.0,3.0,1.0,3.0,2.0,1,1,0.0,1.0,1.0,2.0,1.0,20.0,2.0,3.0,3.0,2.0,4.0,3.0,28.0,0.0,16.0,3.0,0.0,2.0,0.0,0.0,0.0,1.0,1.0,0.0,0.0,1.0,0.0,0.0,1.0,0.0
md58_27,pretest_md58,gc-2025-10-SP-Winter Tires & Service-T1-C2C,brief column,Avito_Goods_gc-25-10-SP-Winter Tires & Service-T1-2C.mp4,/Users/asekorneev/Desktop/Creatives_validation/Avito_Goods_gc-25-10-SP-Winter Tires & Service-T1-2C.mp4,/Users/asekorneev/outputs/message_delivery_features_20260819/prepared_media/avitogoodsgc2510spwintertiresservicet12c.mp4,True,Avito,27,train,0.18,0.18,0,0,7.0,0.0,0.1,0.26,/Users/asekorneev/outputs/aipm3_value_context_20260914/sources/promiser_comparison/combo_input.csv,current_saved_target,38.88888888888889,Existing OPM / existing message fraction,False,/Users/asekorneev/outputs/aipm_stability_20260919/human_quality_20260920/targets.csv,/Users/asekorneev/outputs/message_delivery_features_20260819/video_manifest.csv,14891ce3f527c465a284c05d9bfdaefd3e356728d525f96b1bbcdcb5b4f02fa1,gc202510spwintertiresservicet1c2c,14891ce3f527c465a284c05d9bfdaefd3e356728d525f96b1bbcdcb5b4f02fa1,14891ce3f527c465a284c05d9bfdaefd3e356728d525f96b1bbcdcb5b4f02fa1,Other,Other,md58_27,27,current 10 full runs,3.0,2.5,1.0,3.0,2.7,1.0,3.0,3.0,1.0,2.0,2.0,1.0,3.0,3.1,1.0,1.0,1.0,1.0,3.0,3.0,1.0,0.0,0.0,1.0,4.0,3.9,1.0,1.0,1.0,1.0,1.0,1.0,1.0,0.0,0.0,1.0,1.0,1.0,1.0,1.0,1.0,1.0,1.0,1.3,1.0,2.0,2.0,1.0,1.0,1.0,1.0,3.0,3.0,1.0,1.0,3.0,1.5992003998001,0.1025641025641025,0.8974358974358975,0.2692307692307692,0.0897435897435897,0.0512820512820512,0.18,2.5,2.7,3.0,2.0,3.1,1.0,3.0,0.0,3.9,1.0,1.0,0.0,1.0,1.0,1.3,2.0,2.033333333333333,1.0,2.6,2.7,1.0,3.0,20.0,0.3649628154502542,0.0957674396040091,0.212390255901253,0.1835737064270152,0.0866071762419007,0.0425674350303234,0.119921806044355,0.2884247821350763,0.2307692307692307,0.0256410256410256,0.1233709150326797,0.1833346551535417,0.1065809731299927,0.3570102751255035,13.620284080505373,0.015,7.926546096801758,,2.0,1.0,3.0,1.0,3.0,2.0,2,2,0.0,1.0,1.0,2.0,1.0,20.0,2.0,3.0,3.0,2.0,4.0,3.0,28.0,0.0,16.0,3.0,0.0,2.0,0.0,0.0,0.0,1.0,1.0,0.0,0.0,1.0,0.0,0.0,1.0,0.0
md58_27,pretest_md58,gc-2025-10-SP-Winter Tires & Service-T1-C2C,brief column,Avito_Goods_gc-25-10-SP-Winter Tires & Service-T1-2C.mp4,/Users/asekorneev/Desktop/Creatives_validation/Avito_Goods_gc-25-10-SP-Winter Tires & Service-T1-2C.mp4,/Users/asekorneev/outputs/message_delivery_features_20260819/prepared_media/avitogoodsgc2510spwintertiresservicet12c.mp4,True,Avito,27,train,0.18,0.18,0,0,7.0,0.0,0.1,0.26,/Users/asekorneev/outputs/aipm3_value_context_20260914/sources/promiser_comparison/combo_input.csv,current_saved_target,38.88888888888889,Existing OPM / existing message fraction,False,/Users/asekorneev/outputs/aipm_stability_20260919/human_quality_20260920/targets.csv,/Users/asekorneev/outputs/message_delivery_features_20260819/video_manifest.csv,14891ce3f527c465a284c05d9bfdaefd3e356728d525f96b1bbcdcb5b4f02fa1,gc202510spwintertiresservicet1c2c,14891ce3f527c465a284c05d9bfdaefd3e356728d525f96b1bbcdcb5b4f02fa1,14891ce3f527c465a284c05d9bfdaefd3e356728d525f96b1bbcdcb5b4f02fa1,Other,Other,md58_27,27,current 10 full runs,2.0,2.4,1.0,3.0,2.7,1.0,3.0,3.0,1.0,2.0,2.0,1.0,3.0,3.066666666666667,0.9666666666666666,1.0,1.0,1.0,3.0,3.0,1.0,0.0,0.2,1.0,4.0,4.0,1.0,1.0,1.0,1.0,1.0,1.0,1.0,0.0,0.0,1.0,1.0,1.0,1.0,1.0,1.0,1.0,2.0,1.6,0.9333333333333332,2.0,2.0,1.0,1.0,1.0,1.0,3.0,3.0,1.0,1.0,3.0,1.5992003998001,0.0769230769230769,0.9230769230769232,0.2692307692307692,0.0769230769230769,0.0256410256410256,0.18,2.4,2.7,3.0,2.0,3.066666666666667,1.0,3.0,0.2,4.0,1.0,1.0,0.0,1.0,1.0,1.6,2.0,2.066666666666667,1.0,2.6,2.7,1.0,3.0,20.0,0.3649628154502542,0.0957674396040091,0.212390255901253,0.1835737064270152,0.0866071762419007,0.0425674350303234,0.119921806044355,0.2884247821350763,0.2307692307692307,0.0256410256410256,0.1233709150326797,0.1833346551535417,0.1065809731299927,0.3570102751255035,13.620284080505373,0.015,7.926546096801758,,2.0,0.0,3.0,1.0,3.0,2.0,3,3,0.0,1.0,1.0,2.0,1.0,20.0,2.0,3.0,3.0,2.0,4.0,3.0,32.0,0.0,18.0,3.0,0.0,4.0,0.0,0.0,0.0,1.0,1.0,1.0,0.0,1.0,0.0,0.0,1.0,0.0
md58_27,pretest_md58,gc-2025-10-SP-Winter Tires & Service-T1-C2C,brief column,Avito_Goods_gc-25-10-SP-Winter Tires & Service-T1-2C.mp4,/Users/asekorneev/Desktop/Creatives_validation/Avito_Goods_gc-25-10-SP-Winter Tires & Service-T1-2C.mp4,/Users/asekorneev/outputs/message_delivery_features_20260819/prepared_media/avitogoodsgc2510spwintertiresservicet12c.mp4,True,Avito,27,train,0.18,0.18,0,0,7.0,0.0,0.1,0.26,/Users/asekorneev/outputs/aipm3_value_context_20260914/sources/promiser_comparison/combo_input.csv,current_saved_target,38.88888888888889,Existing OPM / existing message fraction,False,/Users/asekorneev/outputs/aipm_stability_20260919/human_quality_20260920/targets.csv,/Users/asekorneev/outputs/message_delivery_features_20260819/video_manifest.csv,14891ce3f527c465a284c05d9bfdaefd3e356728d525f96b1bbcdcb5b4f02fa1,gc202510spwintertiresservicet1c2c,14891ce3f527c465a284c05d9bfdaefd3e356728d525f96b1bbcdcb5b4f02fa1,14891ce3f527c465a284c05d9bfdaefd3e356728d525f96b1bbcdcb5b4f02fa1,Other,Other,md58_27,27,current 10 full runs,2.0,2.4,1.0,2.0,2.4,1.0,3.0,3.0,1.0,2.0,2.0,1.0,3.0,3.0,1.0,1.0,1.0,1.0,3.0,3.0,1.0,0.0,0.3,1.0,4.0,4.0,1.0,1.0,1.0,1.0,1.0,1.0,1.0,0.0,0.1,1.0,1.0,1.0,1.0,1.0,1.0,1.0,2.0,1.5,1.0,2.0,2.0,1.0,1.0,1.0,1.0,3.0,3.0,1.0,1.0,3.0,1.5992003998001,0.1538461538461538,0.8461538461538461,0.1923076923076923,0.0641025641025641,0.0512820512820512,0.18,2.4,2.4,3.0,2.0,3.0,1.0,3.0,0.3,4.0,1.0,1.0,0.1,1.0,1.0,1.5,2.0,2.0,1.0,2.4,2.4,1.0,3.0,20.0,0.3649628154502542,0.0957674396040091,0.212390255901253,0.1835737064270152,0.0866071762419007,0.0425674350303234,0.119921806044355,0.2884247821350763,0.2307692307692307,0.0256410256410256,0.1233709150326797,0.1833346551535417,0.1065809731299927,0.3570102751255035,13.620284080505373,0.015,7.926546096801758,,2.0,1.0,3.0,1.0,3.0,2.0,4,4,0.0,1.0,1.0,2.0,0.0,20.0,2.0,3.0,3.0,2.0,4.0,3.0,30.0,0.0,16.0,3.0,0.0,2.0,0.0,0.0,1.0,1.0,1.0,1.0,0.0,1.0,0.0,1.0,1.0,1.0
md58_27,pretest_md58,gc-2025-10-SP-Winter Tires & Service-T1-C2C,brief column,Avito_Goods_gc-25-10-SP-Winter Tires & Service-T1-2C.mp4,/Users/asekorneev/Desktop/Creatives_validation/Avito_Goods_gc-25-10-SP-Winter Tires & Service-T1-2C.mp4,/Users/asekorneev/outputs/message_delivery_features_20260819/prepared_media/avitogoodsgc2510spwintertiresservicet12c.mp4,True,Avito,27,train,0.18,0.18,0,0,7.0,0.0,0.1,0.26,/Users/asekorneev/outputs/aipm3_value_context_20260914/sources/promiser_comparison/combo_input.csv,current_saved_target,38.88888888888889,Existing OPM / existing message fraction,False,/Users/asekorneev/outputs/aipm_stability_20260919/human_quality_20260920/targets.csv,/Users/asekorneev/outputs/message_delivery_features_20260819/video_manifest.csv,14891ce3f527c465a284c05d9bfdaefd3e356728d525f96b1bbcdcb5b4f02fa1,gc202510spwintertiresservicet1c2c,14891ce3f527c465a284c05d9bfdaefd3e356728d525f96b1bbcdcb5b4f02fa1,14891ce3f527c465a284c05d9bfdaefd3e356728d525f96b1bbcdcb5b4f02fa1,Other,Other,md58_27,27,current 10 full runs,3.0,2.5,1.0,3.0,2.6,1.0,3.0,3.0,1.0,2.0,2.0,1.0,3.0,3.1,1.0,1.0,1.0,1.0,3.0,3.0,1.0,0.0,0.1,1.0,4.0,4.0,1.0,1.0,1.0,1.0,1.0,1.0,1.0,0.0,0.1,1.0,1.0,1.0,1.0,1.0,1.0,1.0,2.0,1.7,1.0,2.0,2.0,1.0,1.0,1.0,1.0,3.0,3.0,1.0,1.0,3.0,1.5992003998001,0.1282051282051282,0.8717948717948718,0.2692307692307692,0.0897435897435897,0.0512820512820512,0.18,2.5,2.6,3.0,2.0,3.1,1.0,3.0,0.1,4.0,1.0,1.0,0.1,1.0,1.0,1.7,2.0,2.466666666666667,1.0,2.6,2.6,1.0,3.0,20.0,0.3649628154502542,0.0957674396040091,0.212390255901253,0.1835737064270152,0.0866071762419007,0.0425674350303234,0.119921806044355,0.2884247821350763,0.2307692307692307,0.0256410256410256,0.1233709150326797,0.1833346551535417,0.1065809731299927,0.3570102751255035,13.620284080505373,0.015,7.926546096801758,,2.0,1.0,3.0,1.0,3.0,2.0,5,5,0.0,1.0,1.0,2.0,1.0,20.0,2.0,3.0,3.0,2.0,4.0,3.0,28.0,0.0,17.0,3.0,0.0,3.0,0.0,0.0,0.0,1.0,1.0,1.0,0.0,1.0,0.0,0.0,1.0,0.0
md58_27,pretest_md58,gc-2025-10-SP-Winter Tires & Service-T1-C2C,brief column,Avito_Goods_gc-25-10-SP-Winter Tires & Service-T1-2C.mp4,/Users/asekorneev/Desktop/Creatives_validation/Avito_Goods_gc-25-10-SP-Winter Tires & Service-T1-2C.mp4,/Users/asekorneev/outputs/message_delivery_features_20260819/prepared_media/avitogoodsgc2510spwintertiresservicet12c.mp4,True,Avito,27,train,0.18,0.18,0,0,7.0,0.0,0.1,0.26,/Users/asekorneev/outputs/aipm3_value_context_20260914/sources/promiser_comparison/combo_input.csv,current_saved_target,38.88888888888889,Existing OPM / existing message fraction,False,/Users/asekorneev/outputs/aipm_stability_20260919/human_quality_20260920/targets.csv,/Users/asekorneev/outputs/message_delivery_features_20260819/video_manifest.csv,14891ce3f527c465a284c05d9bfdaefd3e356728d525f96b1bbcdcb5b4f02fa1,gc202510spwintertiresservicet1c2c,14891ce3f527c465a284c05d9bfdaefd3e356728d525f96b1bbcdcb5b4f02fa1,14891ce3f527c465a284c05d9bfdaefd3e356728d525f96b1bbcdcb5b4f02fa1,Other,Other,md58_27,27,current 10 full runs,3.0,2.5,1.0,3.0,2.7,1.0,3.0,3.0,1.0,2.0,2.0,1.0,3.0,3.1,1.0,1.0,1.0,1.0,3.0,3.0,1.0,0.0,0.1,1.0,4.0,3.933333333333333,0.9666666666666666,1.0,1.0,1.0,1.0,1.0,1.0,0.0,0.0,1.0,1.0,1.0,1.0,1.0,1.0,1.0,2.0,1.8,1.0,2.0,2.2,1.0,1.0,1.0,1.0,3.0,3.0,1.0,1.0,3.0,1.5992003998001,0.1025641025641025,0.8974358974358975,0.2692307692307692,0.0897435897435897,0.0512820512820512,0.18,2.5,2.7,3.0,2.0,3.1,1.0,3.0,0.1,3.933333333333333,1.0,1.0,0.0,1.0,1.0,1.8,2.2,2.0,1.0,2.6,2.7,1.0,3.0,20.0,0.3649628154502542,0.0957674396040091,0.212390255901253,0.1835737064270152,0.0866071762419007,0.0425674350303234,0.119921806044355,0.2884247821350763,0.2307692307692307,0.0256410256410256,0.1233709150326797,0.1833346551535417,0.1065809731299927,0.3570102751255035,13.620284080505373,0.015,7.926546096801758,,2.0,1.0,3.0,1.0,3.0,2.0,6,6,0.0,1.0,1.0,2.0,1.0,20.0,2.0,3.0,3.0,2.0,4.0,3.0,28.0,0.0,16.0,3.0,0.0,2.0,0.0,0.0,0.0,1.0,1.0,0.0,0.0,1.0,0.0,0.0,1.0,0.0
md58_27,pretest_md58,gc-2025-10-SP-Winter Tires & Service-T1-C2C,brief column,Avito_Goods_gc-25-10-SP-Winter Tires & Service-T1-2C.mp4,/Users/asekorneev/Desktop/Creatives_validation/Avito_Goods_gc-25-10-SP-Winter Tires & Service-T1-2C.mp4,/Users/asekorneev/outputs/message_delivery_features_20260819/prepared_media/avitogoodsgc2510spwintertiresservicet12c.mp4,True,Avito,27,train,0.18,0.18,0,0,7.0,0.0,0.1,0.26,/Users/asekorneev/outputs/aipm3_value_context_20260914/sources/promiser_comparison/combo_input.csv,current_saved_target,38.88888888888889,Existing OPM / existing message fraction,False,/Users/asekorneev/outputs/aipm_stability_20260919/human_quality_20260920/targets.csv,/Users/asekorneev/outputs/message_delivery_features_20260819/video_manifest.csv,14891ce3f527c465a284c05d9bfdaefd3e356728d525f96b1bbcdcb5b4f02fa1,gc202510spwintertiresservicet1c2c,14891ce3f527c465a284c05d9bfdaefd3e356728d525f96b1bbcdcb5b4f02fa1,14891ce3f527c465a284c05d9bfdaefd3e356728d525f96b1bbcdcb5b4f02fa1,Other,Other,md58_27,27,current 10 full runs,2.0,2.4,1.0,3.0,2.6,1.0,3.0,3.0,1.0,2.0,2.0,1.0,3.0,3.2,1.0,1.0,1.0,1.0,3.0,3.0,1.0,0.0,0.1,1.0,4.0,4.0,1.0,1.0,1.0,1.0,1.0,1.0,1.0,0.0,0.0,1.0,1.0,1.0,1.0,1.0,1.0,1.0,1.0,1.0,1.0,2.0,2.0,1.0,1.0,1.0,1.0,3.0,3.0,1.0,1.0,3.0,1.5992003998001,0.1025641025641025,0.8974358974358975,0.2692307692307692,0.0641025641025641,0.0512820512820512,0.18,2.4,2.6,3.0,2.0,3.2,1.0,3.0,0.1,4.0,1.0,1.0,0.0,1.0,1.0,1.0,2.0,2.1,1.0,2.6,2.6,1.0,3.0,20.0,0.3649628154502542,0.0957674396040091,0.212390255901253,0.1835737064270152,0.0866071762419007,0.0425674350303234,0.119921806044355,0.2884247821350763,0.2307692307692307,0.0256410256410256,0.1233709150326797,0.1833346551535417,0.1065809731299927,0.3570102751255035,13.620284080505373,0.015,7.926546096801758,,2.0,0.0,3.0,1.0,3.0,2.0,7,7,0.0,1.0,1.0,2.0,1.0,20.0,2.0,3.0,3.0,2.0,4.0,3.0,28.0,0.0,16.0,3.0,0.0,2.0,0.0,0.0,0.0,1.0,1.0,1.0,0.0,1.0,0.0,0.0,1.0,0.0
md58_27,pretest_md58,gc-2025-10-SP-Winter Tires & Service-T1-C2C,brief column,Avito_Goods_gc-25-10-SP-Winter Tires & Service-T1-2C.mp4,/Users/asekorneev/Desktop/Creatives_validation/Avito_Goods_gc-25-10-SP-Winter Tires & Service-T1-2C.mp4,/Users/asekorneev/outputs/message_delivery_features_20260819/prepared_media/avitogoodsgc2510spwintertiresservicet12c.mp4,True,Avito,27,train,0.18,0.18,0,0,7.0,0.0,0.1,0.26,/Users/asekorneev/outputs/aipm3_value_context_20260914/sources/promiser_comparison/combo_input.csv,current_saved_target,38.88888888888889,Existing OPM / existing message fraction,False,/Users/asekorneev/outputs/aipm_stability_20260919/human_quality_20260920/targets.csv,/Users/asekorneev/outputs/message_delivery_features_20260819/video_manifest.csv,14891ce3f527c465a284c05d9bfdaefd3e356728d525f96b1bbcdcb5b4f02fa1,gc202510spwintertiresservicet1c2c,14891ce3f527c465a284c05d9bfdaefd3e356728d525f96b1bbcdcb5b4f02fa1,14891ce3f527c465a284c05d9bfdaefd3e356728d525f96b1bbcdcb5b4f02fa1,Other,Other,md58_27,27,current 10 full runs,3.0,2.6,1.0,3.0,2.6,1.0,3.0,3.0,1.0,2.0,2.0,1.0,3.0,3.1666666666666665,0.9666666666666666,1.0,1.0,1.0,3.0,3.0,1.0,0.0,0.0,1.0,4.0,4.0,1.0,1.0,1.1,1.0,1.0,1.0,1.0,0.0,0.0,1.0,1.0,1.0,1.0,1.0,1.0,1.0,1.0,1.3666666666666667,0.9666666666666666,2.0,2.1,1.0,1.0,1.0,1.0,3.0,3.0,1.0,1.0,3.0,1.5992003998001,0.0512820512820512,0.9487179487179488,0.2692307692307692,0.0897435897435897,0.0512820512820512,0.18,2.6,2.6,3.0,2.0,3.1666666666666665,1.0,3.0,0.0,4.0,1.1,1.0,0.0,1.0,1.0,1.3666666666666667,2.1,2.5,1.0,2.6,2.7,1.0,3.0,20.0,0.3649628154502542,0.0957674396040091,0.212390255901253,0.1835737064270152,0.0866071762419007,0.0425674350303234,0.119921806044355,0.2884247821350763,0.2307692307692307,0.0256410256410256,0.1233709150326797,0.1833346551535417,0.1065809731299927,0.3570102751255035,13.620284080505373,0.015,7.926546096801758,,2.0,0.0,3.0,1.0,3.0,2.0,8,8,0.0,1.0,1.0,2.0,1.0,20.0,2.0,3.0,3.0,2.0,4.0,3.0,28.0,0.0,16.0,3.0,0.0,2.0,0.0,0.0,0.0,1.0,1.0,0.0,0.0,1.0,0.0,0.0,1.0,0.0
md58_27,pretest_md58,gc-2025-10-SP-Winter Tires & Service-T1-C2C,brief column,Avito_Goods_gc-25-10-SP-Winter Tires & Service-T1-2C.mp4,/Users/asekorneev/Desktop/Creatives_validation/Avito_Goods_gc-25-10-SP-Winter Tires & Service-T1-2C.mp4,/Users/asekorneev/outputs/message_delivery_features_20260819/prepared_media/avitogoodsgc2510spwintertiresservicet12c.mp4,True,Avito,27,train,0.18,0.18,0,0,7.0,0.0,0.1,0.26,/Users/asekorneev/outputs/aipm3_value_context_20260914/sources/promiser_comparison/combo_input.csv,current_saved_target,38.88888888888889,Existing OPM / existing message fraction,False,/Users/asekorneev/outputs/aipm_stability_20260919/human_quality_20260920/targets.csv,/Users/asekorneev/outputs/message_delivery_features_20260819/video_manifest.csv,14891ce3f527c465a284c05d9bfdaefd3e356728d525f96b1bbcdcb5b4f02fa1,gc202510spwintertiresservicet1c2c,14891ce3f527c465a284c05d9bfdaefd3e356728d525f96b1bbcdcb5b4f02fa1,14891ce3f527c465a284c05d9bfdaefd3e356728d525f96b1bbcdcb5b4f02fa1,Other,Other,md58_27,27,current 10 full runs,3.0,2.5,1.0,3.0,2.5,1.0,3.0,3.0,1.0,2.0,2.0,1.0,3.0,3.2666666666666666,0.9666666666666666,1.0,1.0,1.0,3.0,3.0,1.0,0.0,0.0,1.0,4.0,3.966666666666667,0.9666666666666666,1.0,1.1,1.0,1.0,1.0,1.0,0.0,0.0,1.0,1.0,1.0,1.0,1.0,1.0,1.0,2.0,1.5666666666666669,0.9666666666666666,2.0,2.0,1.0,1.0,1.0,1.0,3.0,3.0,1.0,1.0,3.0,1.5992003998001,0.1025641025641025,0.8974358974358975,0.2692307692307692,0.0641025641025641,0.0512820512820512,0.18,2.5,2.5,3.0,2.0,3.2666666666666666,1.0,3.0,0.0,3.966666666666667,1.1,1.0,0.0,1.0,1.0,1.5666666666666669,2.0,2.0,1.0,2.5,2.5,1.0,3.0,20.0,0.3649628154502542,0.0957674396040091,0.212390255901253,0.1835737064270152,0.0866071762419007,0.0425674350303234,0.119921806044355,0.2884247821350763,0.2307692307692307,0.0256410256410256,0.1233709150326797,0.1833346551535417,0.1065809731299927,0.3570102751255035,13.620284080505373,0.015,7.926546096801758,,2.0,0.0,3.0,1.0,3.0,2.0,9,9,0.0,1.0,1.0,2.0,1.0,20.0,2.0,3.0,3.0,2.0,4.0,3.0,28.0,0.0,17.0,3.0,0.0,3.0,0.0,0.0,0.0,1.0,1.0,1.0,0.0,1.0,0.0,0.0,1.0,0.0
md58_27,pretest_md58,gc-2025-10-SP-Winter Tires & Service-T1-C2C,brief column,Avito_Goods_gc-25-10-SP-Winter Tires & Service-T1-2C.mp4,/Users/asekorneev/Desktop/Creatives_validation/Avito_Goods_gc-25-10-SP-Winter Tires & Service-T1-2C.mp4,/Users/asekorneev/outputs/message_delivery_features_20260819/prepared_media/avitogoodsgc2510spwintertiresservicet12c.mp4,True,Avito,27,train,0.18,0.18,0,0,7.0,0.0,0.1,0.26,/Users/asekorneev/outputs/aipm3_value_context_20260914/sources/promiser_comparison/combo_input.csv,current_saved_target,38.88888888888889,Existing OPM / existing message fraction,False,/Users/asekorneev/outputs/aipm_stability_20260919/human_quality_20260920/targets.csv,/Users/asekorneev/outputs/message_delivery_features_20260819/video_manifest.csv,14891ce3f527c465a284c05d9bfdaefd3e356728d525f96b1bbcdcb5b4f02fa1,gc202510spwintertiresservicet1c2c,14891ce3f527c465a284c05d9bfdaefd3e356728d525f96b1bbcdcb5b4f02fa1,14891ce3f527c465a284c05d9bfdaefd3e356728d525f96b1bbcdcb5b4f02fa1,Other,Other,md58_27,27,current 10 full runs,3.0,2.5,1.0,3.0,2.7,1.0,3.0,3.0,1.0,2.0,2.0,1.0,3.0,3.0,1.0,1.0,1.0,1.0,3.0,3.0,1.0,0.0,0.0,1.0,4.0,4.0,1.0,1.0,1.0,1.0,1.0,1.0,1.0,0.0,0.0,1.0,1.0,1.0,1.0,1.0,1.0,1.0,2.0,1.9,1.0,2.0,2.0,1.0,1.0,1.0,1.0,3.0,3.0,1.0,1.0,3.0,1.5992003998001,0.1025641025641025,0.8974358974358975,0.2692307692307692,0.0641025641025641,0.0512820512820512,0.18,2.5,2.7,3.0,2.0,3.0,1.0,3.0,0.0,4.0,1.0,1.0,0.0,1.0,1.0,1.9,2.0,2.1,1.0,2.6,2.7,1.0,3.0,20.0,0.3649628154502542,0.0957674396040091,0.212390255901253,0.1835737064270152,0.0866071762419007,0.0425674350303234,0.119921806044355,0.2884247821350763,0.2307692307692307,0.0256410256410256,0.1233709150326797,0.1833346551535417,0.1065809731299927,0.3570102751255035,13.620284080505373,0.015,7.926546096801758,,2.0,0.0,3.0,1.0,3.0,2.0,10,10,0.0,1.0,1.0,2.0,1.0,20.0,2.0,3.0,3.0,2.0,4.0,3.0,28.0,0.0,16.0,3.0,0.0,2.0,0.0,0.0,0.0,1.0,1.0,0.0,0.0,1.0,0.0,0.0,1.0,0.0
md58_28,pretest_md58,Avito_Goods_gc-25-12-СС-New Year SALE-T1-2C,brief column,Avito_Goods_gc-25-12-CC-New-Year-SALE-T1-2C.AVI,/Users/asekorneev/Desktop/Creatives_validation/Avito_Goods_gc-25-12-CC-New-Year-SALE-T1-2C.AVI,/Users/asekorneev/outputs/message_delivery_features_20260819/prepared_media/avitogoodsgc2512ccnewyearsalet12c.mp4,True,Avito,28,holdout,0.25,0.25,1,1,7.5,0.0,,,,current_saved_target,30.0,Summary!K53,False,/Users/asekorneev/outputs/aipm_stability_20260919/human_quality_20260920/targets.csv,/Users/asekorneev/outputs/message_delivery_features_20260819/video_manifest.csv,0bca12f6bb27ca0445db96d8e5d26682c1e0dcfb6fe8b4c5b6ce14ff8029f2f7,avitogoodsgc2512ccnewyearsalet12c,0bca12f6bb27ca0445db96d8e5d26682c1e0dcfb6fe8b4c5b6ce14ff8029f2f7,0bca12f6bb27ca0445db96d8e5d26682c1e0dcfb6fe8b4c5b6ce14ff8029f2f7,Goods,Goods,md58_28,28,current 10 full runs,2.0,2.1,1.0,3.0,2.9,1.0,3.0,3.3333333333333335,0.9333333333333332,1.0,1.0,1.0,1.0,1.0,1.0,0.0,0.0333333333333333,0.9666666666666666,3.0,2.9,1.0,0.0,0.1,1.0,4.0,3.9,0.9333333333333332,1.0,1.0,1.0,1.0,1.0,1.0,0.0,0.0,1.0,0.0,0.0,1.0,0.0,0.0,1.0,0.0,0.0,1.0,3.0,3.0,1.0,0.0,0.0,1.0,3.0,2.933333333333333,0.9333333333333332,0.0,2.933333333333333,1.865284974093264,0.0769230769230768,0.9230769230769232,0.2692307692307692,0.1025641025641025,0.0256410256410256,0.25,2.1,2.9,3.3333333333333335,1.0,1.0,0.0333333333333333,2.9,0.1,3.9,1.0,1.0,0.0,0.0,0.0,0.0,3.0,2.4,0.0,3.0,2.9,0.0,2.933333333333333,9.5,0.3878677091694377,0.1208701105467324,0.2320090066683749,0.1174131550280931,0.0254522867409472,0.0527619982285299,0.1107910513999838,0.2430330156136528,0.2222222222222222,0.0555555555555555,0.1309004327039457,0.2180715269236466,0.1297543119099491,0.0397606268525123,7.835393905639648,0.0208333333333333,3.639859914779663,,1.0,1.0,2.0,1.0,2.0,0.0,1,1,1.0,1.0,0.0,3.0,0.0,10.0,2.0,3.0,2.0,2.0,5.0,2.0,18.0,0.0,10.0,3.0,0.0,1.0,0.0,0.0,0.0,1.0,0.0,0.0,0.0,1.0,1.0,0.0,0.0,0.0
md58_29,pretest_md58,Avito_Goods_gc-26-02-CC-Gender-T1,brief column,Avito_Goods_gc-26-02-CC-Gender-T1.AVI,/Users/asekorneev/Desktop/Creatives_validation/Avito_Goods_gc-26-02-CC-Gender-T1.AVI,/Users/asekorneev/outputs/message_delivery_features_20260819/prepared_media/avitogoodsgc2602ccgendert1.mp4,True,Avito,29,holdout,0.34,0.34,2,2,10.0,1.0,0.0629,0.31,/Users/asekorneev/outputs/aipm3_value_context_20260914/sources/promiser_comparison/combo_input.csv,current_saved_target,29.41176470588235,Existing OPM / existing message fraction,False,/Users/asekorneev/outputs/aipm_stability_20260919/human_quality_20260920/targets.csv,/Users/asekorneev/outputs/message_delivery_features_20260819/video_manifest.csv,3e95b3bd882af4011ce70740567c96fb9ecf78aa2c9cfd859546d596ffa49715,avitogoodsgc2602ccgendert1,3e95b3bd882af4011ce70740567c96fb9ecf78aa2c9cfd859546d596ffa49715,3e95b3bd882af4011ce70740567c96fb9ecf78aa2c9cfd859546d596ffa49715,Goods,Sale,md58_29,29,current 10 full runs,3.0,2.933333333333333,0.9666666666666666,3.0,2.966666666666667,0.9666666666666666,4.0,3.933333333333333,0.9666666666666666,2.0,2.433333333333333,0.9333333333333332,3.0,2.933333333333333,0.9666666666666666,0.0,0.1,1.0,3.0,3.0,1.0,1.0,1.0,1.0,4.0,3.933333333333333,0.9666666666666666,4.0,3.6333333333333337,0.9666666666666666,2.0,1.7333333333333334,0.9666666666666666,1.0,1.0,1.0,1.0,1.0333333333333334,0.9666666666666666,0.0,0.1,1.0,2.0,2.033333333333333,0.9666666666666666,2.0,2.0,1.0,1.0,1.0,1.0,3.0,2.933333333333333,0.9666666666666666,1.0,2.933333333333333,2.0273694880892044,0.1025641025641025,0.8974358974358975,0.1923076923076923,0.0512820512820512,0.0256410256410256,0.34,2.933333333333333,2.966666666666667,3.933333333333333,2.433333333333333,2.933333333333333,0.1,3.0,1.0,3.933333333333333,3.6333333333333337,1.7333333333333334,1.0,1.0333333333333334,0.1,2.033333333333333,2.0,3.6,1.0,2.933333333333333,2.933333333333333,1.0,2.933333333333333,19.5,0.3703085861125076,0.1208827597072283,0.2183040864109483,0.0996398595050555,0.0426202752246276,0.0353453108600652,0.1622753650193021,0.228726397966594,0.2631578947368421,0.0263157894736842,0.1572294995158557,0.1883258199651558,0.1051029865649963,0.0414211899042129,7.934926986694336,0.0050761421319796,3.406320333480835,,3.0,1.0,2.0,1.0,3.0,1.0,1,1,1.0,1.0,1.0,3.0,1.0,20.0,1.0,4.0,6.0,5.0,8.0,3.0,45.0,0.0,16.0,4.0,0.0,2.0,0.0,0.0,1.0,0.0,1.0,1.0,0.0,1.0,1.0,1.0,1.0,0.0
md58_29,pretest_md58,Avito_Goods_gc-26-02-CC-Gender-T1,brief column,Avito_Goods_gc-26-02-CC-Gender-T1.AVI,/Users/asekorneev/Desktop/Creatives_validation/Avito_Goods_gc-26-02-CC-Gender-T1.AVI,/Users/asekorneev/outputs/message_delivery_features_20260819/prepared_media/avitogoodsgc2602ccgendert1.mp4,True,Avito,29,holdout,0.34,0.34,2,2,10.0,1.0,0.0629,0.31,/Users/asekorneev/outputs/aipm3_value_context_20260914/sources/promiser_comparison/combo_input.csv,current_saved_target,29.41176470588235,Existing OPM / existing message fraction,False,/Users/asekorneev/outputs/aipm_stability_20260919/human_quality_20260920/targets.csv,/Users/asekorneev/outputs/message_delivery_features_20260819/video_manifest.csv,3e95b3bd882af4011ce70740567c96fb9ecf78aa2c9cfd859546d596ffa49715,avitogoodsgc2602ccgendert1,3e95b3bd882af4011ce70740567c96fb9ecf78aa2c9cfd859546d596ffa49715,3e95b3bd882af4011ce70740567c96fb9ecf78aa2c9cfd859546d596ffa49715,Goods,Sale,md58_29,29,current 10 full runs,3.0,3.0,1.0,3.0,3.0,1.0,4.0,4.0,1.0,2.0,2.433333333333333,0.9,3.0,3.033333333333333,0.9666666666666666,0.0,0.0,1.0,3.0,3.0,1.0,1.0,0.9,1.0,4.0,4.0,0.9333333333333332,4.0,3.8,1.0,2.0,1.7666666666666666,0.9666666666666666,1.0,0.8666666666666667,0.9666666666666666,1.0,1.0333333333333334,0.9666666666666666,0.0,0.0,1.0,2.0,1.9666666666666663,0.9666666666666666,2.0,2.0,1.0,1.0,1.0,1.0,3.0,3.0,1.0,1.0,3.0,2.0273694880892044,0.1282051282051282,0.8717948717948718,0.1923076923076923,0.0641025641025641,0.0,0.34,3.0,3.0,4.0,2.433333333333333,3.033333333333333,0.0,3.0,0.9,4.0,3.8,1.7666666666666666,0.8666666666666667,1.0333333333333334,0.0,1.9666666666666663,2.0,3.6,1.0,3.0,3.0,1.0,3.0,19.5,0.3703085861125076,0.1208827597072283,0.2183040864109483,0.0996398595050555,0.0426202752246276,0.0353453108600652,0.1622753650193021,0.228726397966594,0.2631578947368421,0.0263157894736842,0.1572294995158557,0.1883258199651558,0.1051029865649963,0.0414211899042129,7.934926986694336,0.0050761421319796,3.406320333480835,,3.0,1.0,2.0,1.0,3.0,1.0,2,2,1.0,1.0,1.0,3.0,1.0,20.0,1.0,4.0,6.0,5.0,8.0,3.0,45.0,0.0,16.0,4.0,0.0,2.0,0.0,0.0,1.0,0.0,1.0,1.0,0.0,1.0,1.0,1.0,1.0,0.0
md58_29,pretest_md58,Avito_Goods_gc-26-02-CC-Gender-T1,brief column,Avito_Goods_gc-26-02-CC-Gender-T1.AVI,/Users/asekorneev/Desktop/Creatives_validation/Avito_Goods_gc-26-02-CC-Gender-T1.AVI,/Users/asekorneev/outputs/message_delivery_features_20260819/prepared_media/avitogoodsgc2602ccgendert1.mp4,True,Avito,29,holdout,0.34,0.34,2,2,10.0,1.0,0.0629,0.31,/Users/asekorneev/outputs/aipm3_value_context_20260914/sources/promiser_comparison/combo_input.csv,current_saved_target,29.41176470588235,Existing OPM / existing message fraction,False,/Users/asekorneev/outputs/aipm_stability_20260919/human_quality_20260920/targets.csv,/Users/asekorneev/outputs/message_delivery_features_20260819/video_manifest.csv,3e95b3bd882af4011ce70740567c96fb9ecf78aa2c9cfd859546d596ffa49715,avitogoodsgc2602ccgendert1,3e95b3bd882af4011ce70740567c96fb9ecf78aa2c9cfd859546d596ffa49715,3e95b3bd882af4011ce70740567c96fb9ecf78aa2c9cfd859546d596ffa49715,Goods,Sale,md58_29,29,current 10 full runs,3.0,2.8666666666666667,0.9333333333333332,3.0,2.9,0.9333333333333332,4.0,3.8666666666666663,0.9333333333333332,2.0,2.3,0.8999999999999998,3.0,2.966666666666667,0.8999999999999998,0.0,0.2,1.0,3.0,3.0,1.0,1.0,0.9333333333333332,0.9333333333333332,4.0,4.066666666666666,0.8999999999999998,4.0,3.566666666666667,0.8999999999999998,2.0,1.6333333333333333,0.8999999999999998,1.0,0.8666666666666667,0.9333333333333332,1.0,1.1666666666666667,0.9333333333333332,0.0,0.2,1.0,2.0,2.0,0.8999999999999998,2.0,2.0,1.0,1.0,1.0,1.0,3.0,2.933333333333333,0.9666666666666666,1.0,2.933333333333333,2.0273694880892044,0.1025641025641025,0.8974358974358975,0.2692307692307692,0.1282051282051282,0.0256410256410256,0.34,2.8666666666666667,2.9,3.8666666666666663,2.3,2.966666666666667,0.2,3.0,0.9333333333333332,4.066666666666666,3.566666666666667,1.6333333333333333,0.8666666666666667,1.1666666666666667,0.2,2.0,2.0,3.3666666666666667,1.0,2.8666666666666667,2.8666666666666667,1.0,2.933333333333333,19.5,0.3703085861125076,0.1208827597072283,0.2183040864109483,0.0996398595050555,0.0426202752246276,0.0353453108600652,0.1622753650193021,0.228726397966594,0.2631578947368421,0.0263157894736842,0.1572294995158557,0.1883258199651558,0.1051029865649963,0.0414211899042129,7.934926986694336,0.0050761421319796,3.406320333480835,,3.0,1.0,2.0,1.0,3.0,1.0,3,3,1.0,1.0,1.0,3.0,1.0,20.0,1.0,4.0,6.0,5.0,8.0,3.0,45.0,0.0,16.0,4.0,0.0,2.0,0.0,0.0,1.0,0.0,1.0,1.0,0.0,1.0,1.0,1.0,1.0,0.0
md58_29,pretest_md58,Avito_Goods_gc-26-02-CC-Gender-T1,brief column,Avito_Goods_gc-26-02-CC-Gender-T1.AVI,/Users/asekorneev/Desktop/Creatives_validation/Avito_Goods_gc-26-02-CC-Gender-T1.AVI,/Users/asekorneev/outputs/message_delivery_features_20260819/prepared_media/avitogoodsgc2602ccgendert1.mp4,True,Avito,29,holdout,0.34,0.34,2,2,10.0,1.0,0.0629,0.31,/Users/asekorneev/outputs/aipm3_value_context_20260914/sources/promiser_comparison/combo_input.csv,current_saved_target,29.41176470588235,Existing OPM / existing message fraction,False,/Users/asekorneev/outputs/aipm_stability_20260919/human_quality_20260920/targets.csv,/Users/asekorneev/outputs/message_delivery_features_20260819/video_manifest.csv,3e95b3bd882af4011ce70740567c96fb9ecf78aa2c9cfd859546d596ffa49715,avitogoodsgc2602ccgendert1,3e95b3bd882af4011ce70740567c96fb9ecf78aa2c9cfd859546d596ffa49715,3e95b3bd882af4011ce70740567c96fb9ecf78aa2c9cfd859546d596ffa49715,Goods,Sale,md58_29,29,current 10 full runs,3.0,2.8666666666666667,0.9333333333333332,3.0,2.9,0.9333333333333332,4.0,3.8666666666666663,0.9333333333333332,2.0,2.1666666666666665,0.9333333333333332,3.0,2.9,0.9333333333333332,0.0,0.2,1.0,3.0,3.0,1.0,1.0,0.9666666666666668,0.9666666666666666,4.0,4.033333333333333,0.9666666666666666,4.0,3.6333333333333337,0.9666666666666666,2.0,1.6333333333333333,0.9666666666666666,1.0,0.9,1.0,1.0,1.1666666666666667,0.9333333333333332,0.0,0.2,1.0,2.0,1.9333333333333331,0.9333333333333332,2.0,2.0,1.0,1.0,1.0,1.0,3.0,2.933333333333333,0.9333333333333332,1.0,2.933333333333333,2.0273694880892044,0.1025641025641025,0.8974358974358975,0.1923076923076923,0.1025641025641025,0.0256410256410256,0.34,2.8666666666666667,2.9,3.8666666666666663,2.1666666666666665,2.9,0.2,3.0,0.9666666666666668,4.033333333333333,3.6333333333333337,1.6333333333333333,0.9,1.1666666666666667,0.2,1.9333333333333331,2.0,3.3666666666666667,1.0,2.8666666666666667,2.8666666666666667,1.0,2.933333333333333,19.5,0.3703085861125076,0.1208827597072283,0.2183040864109483,0.0996398595050555,0.0426202752246276,0.0353453108600652,0.1622753650193021,0.228726397966594,0.2631578947368421,0.0263157894736842,0.1572294995158557,0.1883258199651558,0.1051029865649963,0.0414211899042129,7.934926986694336,0.0050761421319796,3.406320333480835,,3.0,1.0,2.0,1.0,3.0,1.0,4,4,1.0,1.0,1.0,3.0,1.0,20.0,1.0,4.0,6.0,5.0,8.0,3.0,45.0,0.0,16.0,4.0,0.0,2.0,0.0,0.0,1.0,0.0,1.0,1.0,0.0,1.0,1.0,1.0,1.0,0.0
md58_29,pretest_md58,Avito_Goods_gc-26-02-CC-Gender-T1,brief column,Avito_Goods_gc-26-02-CC-Gender-T1.AVI,/Users/asekorneev/Desktop/Creatives_validation/Avito_Goods_gc-26-02-CC-Gender-T1.AVI,/Users/asekorneev/outputs/message_delivery_features_20260819/prepared_media/avitogoodsgc2602ccgendert1.mp4,True,Avito,29,holdout,0.34,0.34,2,2,10.0,1.0,0.0629,0.31,/Users/asekorneev/outputs/aipm3_value_context_20260914/sources/promiser_comparison/combo_input.csv,current_saved_target,29.41176470588235,Existing OPM / existing message fraction,False,/Users/asekorneev/outputs/aipm_stability_20260919/human_quality_20260920/targets.csv,/Users/asekorneev/outputs/message_delivery_features_20260819/video_manifest.csv,3e95b3bd882af4011ce70740567c96fb9ecf78aa2c9cfd859546d596ffa49715,avitogoodsgc2602ccgendert1,3e95b3bd882af4011ce70740567c96fb9ecf78aa2c9cfd859546d596ffa49715,3e95b3bd882af4011ce70740567c96fb9ecf78aa2c9cfd859546d596ffa49715,Goods,Sale,md58_29,29,current 10 full runs,3.0,2.8666666666666667,0.9333333333333332,3.0,2.966666666666667,0.9666666666666666,4.0,3.933333333333333,0.9666666666666666,2.0,2.3,0.8999999999999998,3.0,3.0,0.8666666666666666,0.0,0.1,1.0,3.0,3.0,1.0,1.0,0.9,0.8999999999999998,4.0,3.8666666666666663,0.8999999999999998,4.0,3.8,0.9333333333333332,2.0,1.7666666666666666,0.8999999999999998,1.0,0.8666666666666667,0.8999999999999998,1.0,1.1666666666666667,0.8999999999999998,0.0,0.1,1.0,2.0,2.1,0.8666666666666666,2.0,2.033333333333333,0.9666666666666666,1.0,1.0,1.0,3.0,2.933333333333333,0.9666666666666666,1.0,2.933333333333333,2.0273694880892044,0.1538461538461538,0.8461538461538461,0.2692307692307692,0.1153846153846153,0.0,0.34,2.8666666666666667,2.966666666666667,3.933333333333333,2.3,3.0,0.1,3.0,0.9,3.8666666666666663,3.8,1.7666666666666666,0.8666666666666667,1.1666666666666667,0.1,2.1,2.033333333333333,3.6333333333333337,0.9666666666666668,2.933333333333333,2.933333333333333,1.0,2.933333333333333,19.5,0.3703085861125076,0.1208827597072283,0.2183040864109483,0.0996398595050555,0.0426202752246276,0.0353453108600652,0.1622753650193021,0.228726397966594,0.2631578947368421,0.0263157894736842,0.1572294995158557,0.1883258199651558,0.1051029865649963,0.0414211899042129,7.934926986694336,0.0050761421319796,3.406320333480835,,3.0,1.0,2.0,1.0,3.0,1.0,5,5,1.0,1.0,1.0,3.0,1.0,20.0,1.0,4.0,6.0,5.0,8.0,3.0,45.0,0.0,16.0,4.0,0.0,2.0,0.0,0.0,1.0,0.0,1.0,1.0,0.0,1.0,1.0,1.0,1.0,0.0
md58_29,pretest_md58,Avito_Goods_gc-26-02-CC-Gender-T1,brief column,Avito_Goods_gc-26-02-CC-Gender-T1.AVI,/Users/asekorneev/Desktop/Creatives_validation/Avito_Goods_gc-26-02-CC-Gender-T1.AVI,/Users/asekorneev/outputs/message_delivery_features_20260819/prepared_media/avitogoodsgc2602ccgendert1.mp4,True,Avito,29,holdout,0.34,0.34,2,2,10.0,1.0,0.0629,0.31,/Users/asekorneev/outputs/aipm3_value_context_20260914/sources/promiser_comparison/combo_input.csv,current_saved_target,29.41176470588235,Existing OPM / existing message fraction,False,/Users/asekorneev/outputs/aipm_stability_20260919/human_quality_20260920/targets.csv,/Users/asekorneev/outputs/message_delivery_features_20260819/video_manifest.csv,3e95b3bd882af4011ce70740567c96fb9ecf78aa2c9cfd859546d596ffa49715,avitogoodsgc2602ccgendert1,3e95b3bd882af4011ce70740567c96fb9ecf78aa2c9cfd859546d596ffa49715,3e95b3bd882af4011ce70740567c96fb9ecf78aa2c9cfd859546d596ffa49715,Goods,Sale,md58_29,29,current 10 full runs,3.0,2.8666666666666667,0.9333333333333332,3.0,2.9,0.9333333333333332,4.0,3.8666666666666663,0.9333333333333332,3.0,2.6,0.8,3.0,2.7666666666666666,0.8333333333333334,0.0,0.2,1.0,3.0,3.0,1.0,1.0,0.9333333333333332,0.9333333333333332,4.0,3.966666666666667,0.8333333333333334,4.0,3.7,0.9333333333333332,2.0,1.8333333333333333,0.8666666666666666,1.0,0.8666666666666667,0.8999999999999998,1.0,1.1666666666666667,0.8666666666666666,0.0,0.2,1.0,2.0,1.9,0.8333333333333334,2.0,2.0,1.0,1.0,1.0,1.0,3.0,3.0,1.0,1.0,3.0,2.0273694880892044,0.1025641025641025,0.8974358974358975,0.1923076923076923,0.1282051282051282,0.0256410256410256,0.34,2.8666666666666667,2.9,3.8666666666666663,2.6,2.7666666666666666,0.2,3.0,0.9333333333333332,3.966666666666667,3.7,1.8333333333333333,0.8666666666666667,1.1666666666666667,0.2,1.9,2.0,3.7,1.0,2.8666666666666667,2.8666666666666667,1.0,3.0,19.5,0.3703085861125076,0.1208827597072283,0.2183040864109483,0.0996398595050555,0.0426202752246276,0.0353453108600652,0.1622753650193021,0.228726397966594,0.2631578947368421,0.0263157894736842,0.1572294995158557,0.1883258199651558,0.1051029865649963,0.0414211899042129,7.934926986694336,0.0050761421319796,3.406320333480835,,3.0,1.0,2.0,1.0,3.0,1.0,6,6,1.0,1.0,1.0,3.0,1.0,20.0,1.0,4.0,6.0,5.0,8.0,3.0,45.0,0.0,16.0,4.0,0.0,2.0,0.0,0.0,1.0,0.0,1.0,1.0,0.0,1.0,1.0,1.0,1.0,0.0
md58_29,pretest_md58,Avito_Goods_gc-26-02-CC-Gender-T1,brief column,Avito_Goods_gc-26-02-CC-Gender-T1.AVI,/Users/asekorneev/Desktop/Creatives_validation/Avito_Goods_gc-26-02-CC-Gender-T1.AVI,/Users/asekorneev/outputs/message_delivery_features_20260819/prepared_media/avitogoodsgc2602ccgendert1.mp4,True,Avito,29,holdout,0.34,0.34,2,2,10.0,1.0,0.0629,0.31,/Users/asekorneev/outputs/aipm3_value_context_20260914/sources/promiser_comparison/combo_input.csv,current_saved_target,29.41176470588235,Existing OPM / existing message fraction,False,/Users/asekorneev/outputs/aipm_stability_20260919/human_quality_20260920/targets.csv,/Users/asekorneev/outputs/message_delivery_features_20260819/video_manifest.csv,3e95b3bd882af4011ce70740567c96fb9ecf78aa2c9cfd859546d596ffa49715,avitogoodsgc2602ccgendert1,3e95b3bd882af4011ce70740567c96fb9ecf78aa2c9cfd859546d596ffa49715,3e95b3bd882af4011ce70740567c96fb9ecf78aa2c9cfd859546d596ffa49715,Goods,Sale,md58_29,29,current 10 full runs,3.0,2.8,0.9333333333333332,3.0,2.933333333333333,0.9333333333333332,4.0,3.9,0.9333333333333332,2.0,2.1666666666666665,0.8999999999999998,3.0,2.966666666666667,0.9333333333333332,0.0,0.2,1.0,3.0,3.0,1.0,1.0,0.9666666666666668,0.9666666666666666,4.0,4.0,0.9333333333333332,4.0,3.6333333333333337,0.9666666666666666,2.0,1.8333333333333333,0.9666666666666666,1.0,0.8,1.0,1.0,1.0666666666666669,0.9333333333333332,0.0,0.2,1.0,2.0,2.033333333333333,0.9666666666666666,2.0,2.0,1.0,1.0,1.0,1.0,3.0,2.933333333333333,0.9666666666666666,1.0,2.933333333333333,2.0273694880892044,0.1025641025641025,0.8974358974358975,0.1153846153846153,0.0641025641025641,0.0,0.34,2.8,2.933333333333333,3.9,2.1666666666666665,2.966666666666667,0.2,3.0,0.9666666666666668,4.0,3.6333333333333337,1.8333333333333333,0.8,1.0666666666666669,0.2,2.033333333333333,2.0,3.6333333333333337,0.9666666666666668,2.9,2.9,1.0,2.933333333333333,19.5,0.3703085861125076,0.1208827597072283,0.2183040864109483,0.0996398595050555,0.0426202752246276,0.0353453108600652,0.1622753650193021,0.228726397966594,0.2631578947368421,0.0263157894736842,0.1572294995158557,0.1883258199651558,0.1051029865649963,0.0414211899042129,7.934926986694336,0.0050761421319796,3.406320333480835,,3.0,1.0,2.0,1.0,3.0,1.0,7,7,1.0,1.0,1.0,3.0,1.0,20.0,1.0,4.0,6.0,5.0,8.0,3.0,45.0,0.0,16.0,4.0,0.0,2.0,0.0,0.0,1.0,0.0,1.0,1.0,0.0,1.0,1.0,1.0,1.0,0.0
md58_29,pretest_md58,Avito_Goods_gc-26-02-CC-Gender-T1,brief column,Avito_Goods_gc-26-02-CC-Gender-T1.AVI,/Users/asekorneev/Desktop/Creatives_validation/Avito_Goods_gc-26-02-CC-Gender-T1.AVI,/Users/asekorneev/outputs/message_delivery_features_20260819/prepared_media/avitogoodsgc2602ccgendert1.mp4,True,Avito,29,holdout,0.34,0.34,2,2,10.0,1.0,0.0629,0.31,/Users/asekorneev/outputs/aipm3_value_context_20260914/sources/promiser_comparison/combo_input.csv,current_saved_target,29.41176470588235,Existing OPM / existing message fraction,False,/Users/asekorneev/outputs/aipm_stability_20260919/human_quality_20260920/targets.csv,/Users/asekorneev/outputs/message_delivery_features_20260819/video_manifest.csv,3e95b3bd882af4011ce70740567c96fb9ecf78aa2c9cfd859546d596ffa49715,avitogoodsgc2602ccgendert1,3e95b3bd882af4011ce70740567c96fb9ecf78aa2c9cfd859546d596ffa49715,3e95b3bd882af4011ce70740567c96fb9ecf78aa2c9cfd859546d596ffa49715,Goods,Sale,md58_29,29,current 10 full runs,3.0,2.7666666666666666,0.9666666666666666,3.0,3.0,1.0,4.0,3.933333333333333,0.9666666666666666,2.0,2.3,0.8999999999999998,3.0,2.966666666666667,0.9666666666666666,0.0,0.2,1.0,3.0,3.0,1.0,1.0,0.9666666666666668,0.9666666666666666,4.0,3.966666666666667,0.9666666666666666,4.0,3.966666666666667,0.9666666666666666,2.0,1.8666666666666667,0.9666666666666666,1.0,0.9666666666666668,0.9666666666666666,1.0,1.0,0.9333333333333332,0.0,0.2,1.0,2.0,1.9666666666666663,0.9666666666666666,2.0,2.0,1.0,1.0,1.0,1.0,3.0,3.0,1.0,1.0,3.0,2.0273694880892044,0.1282051282051281,0.8717948717948718,0.2692307692307692,0.1153846153846153,0.0512820512820512,0.34,2.7666666666666666,3.0,3.933333333333333,2.3,2.966666666666667,0.2,3.0,0.9666666666666668,3.966666666666667,3.966666666666667,1.8666666666666667,0.9666666666666668,1.0,0.2,1.9666666666666663,2.0,3.566666666666667,1.0,3.0,3.0,1.0,3.0,19.5,0.3703085861125076,0.1208827597072283,0.2183040864109483,0.0996398595050555,0.0426202752246276,0.0353453108600652,0.1622753650193021,0.228726397966594,0.2631578947368421,0.0263157894736842,0.1572294995158557,0.1883258199651558,0.1051029865649963,0.0414211899042129,7.934926986694336,0.0050761421319796,3.406320333480835,,3.0,1.0,2.0,1.0,3.0,1.0,8,8,1.0,1.0,1.0,3.0,1.0,20.0,1.0,4.0,6.0,5.0,8.0,3.0,45.0,0.0,16.0,4.0,0.0,2.0,0.0,0.0,1.0,0.0,1.0,1.0,0.0,1.0,1.0,1.0,1.0,0.0
md58_29,pretest_md58,Avito_Goods_gc-26-02-CC-Gender-T1,brief column,Avito_Goods_gc-26-02-CC-Gender-T1.AVI,/Users/asekorneev/Desktop/Creatives_validation/Avito_Goods_gc-26-02-CC-Gender-T1.AVI,/Users/asekorneev/outputs/message_delivery_features_20260819/prepared_media/avitogoodsgc2602ccgendert1.mp4,True,Avito,29,holdout,0.34,0.34,2,2,10.0,1.0,0.0629,0.31,/Users/asekorneev/outputs/aipm3_value_context_20260914/sources/promiser_comparison/combo_input.csv,current_saved_target,29.41176470588235,Existing OPM / existing message fraction,False,/Users/asekorneev/outputs/aipm_stability_20260919/human_quality_20260920/targets.csv,/Users/asekorneev/outputs/message_delivery_features_20260819/video_manifest.csv,3e95b3bd882af4011ce70740567c96fb9ecf78aa2c9cfd859546d596ffa49715,avitogoodsgc2602ccgendert1,3e95b3bd882af4011ce70740567c96fb9ecf78aa2c9cfd859546d596ffa49715,3e95b3bd882af4011ce70740567c96fb9ecf78aa2c9cfd859546d596ffa49715,Goods,Sale,md58_29,29,current 10 full runs,3.0,2.966666666666667,0.9666666666666666,3.0,2.966666666666667,0.9666666666666666,4.0,3.966666666666667,0.9666666666666666,2.0,2.433333333333333,0.9333333333333332,3.0,3.1,0.9333333333333332,0.0,0.1,1.0,3.0,3.0,1.0,1.0,0.9666666666666668,0.9666666666666666,4.0,4.0,0.9333333333333332,4.0,3.8333333333333335,0.9666666666666666,2.0,1.9333333333333331,0.9666666666666666,1.0,0.9666666666666668,0.9666666666666666,1.0,1.1666666666666667,0.9333333333333332,0.0,0.1,1.0,2.0,2.1,0.9333333333333332,2.0,2.033333333333333,0.9666666666666666,1.0,1.0,1.0,3.0,2.966666666666667,0.9666666666666666,1.0,2.966666666666667,2.0273694880892044,0.1025641025641025,0.8974358974358975,0.2692307692307692,0.1025641025641025,0.0256410256410256,0.34,2.966666666666667,2.966666666666667,3.966666666666667,2.433333333333333,3.1,0.1,3.0,0.9666666666666668,4.0,3.8333333333333335,1.9333333333333331,0.9666666666666668,1.1666666666666667,0.1,2.1,2.033333333333333,3.8333333333333335,0.9666666666666668,2.966666666666667,2.966666666666667,1.0,2.966666666666667,19.5,0.3703085861125076,0.1208827597072283,0.2183040864109483,0.0996398595050555,0.0426202752246276,0.0353453108600652,0.1622753650193021,0.228726397966594,0.2631578947368421,0.0263157894736842,0.1572294995158557,0.1883258199651558,0.1051029865649963,0.0414211899042129,7.934926986694336,0.0050761421319796,3.406320333480835,,3.0,1.0,2.0,1.0,3.0,1.0,9,9,1.0,1.0,1.0,3.0,1.0,20.0,1.0,4.0,6.0,5.0,8.0,3.0,45.0,0.0,16.0,4.0,0.0,2.0,0.0,0.0,1.0,0.0,1.0,1.0,0.0,1.0,1.0,1.0,1.0,0.0
md58_29,pretest_md58,Avito_Goods_gc-26-02-CC-Gender-T1,brief column,Avito_Goods_gc-26-02-CC-Gender-T1.AVI,/Users/asekorneev/Desktop/Creatives_validation/Avito_Goods_gc-26-02-CC-Gender-T1.AVI,/Users/asekorneev/outputs/message_delivery_features_20260819/prepared_media/avitogoodsgc2602ccgendert1.mp4,True,Avito,29,holdout,0.34,0.34,2,2,10.0,1.0,0.0629,0.31,/Users/asekorneev/outputs/aipm3_value_context_20260914/sources/promiser_comparison/combo_input.csv,current_saved_target,29.41176470588235,Existing OPM / existing message fraction,False,/Users/asekorneev/outputs/aipm_stability_20260919/human_quality_20260920/targets.csv,/Users/asekorneev/outputs/message_delivery_features_20260819/video_manifest.csv,3e95b3bd882af4011ce70740567c96fb9ecf78aa2c9cfd859546d596ffa49715,avitogoodsgc2602ccgendert1,3e95b3bd882af4011ce70740567c96fb9ecf78aa2c9cfd859546d596ffa49715,3e95b3bd882af4011ce70740567c96fb9ecf78aa2c9cfd859546d596ffa49715,Goods,Sale,md58_29,29,current 10 full runs,3.0,2.933333333333333,0.9666666666666666,3.0,2.966666666666667,0.9666666666666666,4.0,3.933333333333333,0.9666666666666666,3.0,2.566666666666667,0.8999999999999998,3.0,2.9,0.8999999999999998,0.0,0.2,1.0,3.0,3.0,1.0,1.0,0.9666666666666668,0.9666666666666666,4.0,3.9,0.8999999999999998,4.0,3.7,0.9333333333333332,2.0,1.8666666666666667,0.8999999999999998,1.0,0.9666666666666668,0.9666666666666666,1.0,1.2333333333333334,0.8999999999999998,0.0,0.2,1.0,2.0,1.9666666666666663,0.8999999999999998,2.0,2.0,1.0,1.0,1.0,1.0,3.0,2.966666666666667,0.9666666666666666,1.0,2.966666666666667,2.0273694880892044,0.1282051282051282,0.8717948717948718,0.2692307692307692,0.0897435897435897,0.0512820512820512,0.34,2.933333333333333,2.966666666666667,3.933333333333333,2.566666666666667,2.9,0.2,3.0,0.9666666666666668,3.9,3.7,1.8666666666666667,0.9666666666666668,1.2333333333333334,0.2,1.9666666666666663,2.0,3.8666666666666663,1.0,2.933333333333333,2.933333333333333,1.0,2.966666666666667,19.5,0.3703085861125076,0.1208827597072283,0.2183040864109483,0.0996398595050555,0.0426202752246276,0.0353453108600652,0.1622753650193021,0.228726397966594,0.2631578947368421,0.0263157894736842,0.1572294995158557,0.1883258199651558,0.1051029865649963,0.0414211899042129,7.934926986694336,0.0050761421319796,3.406320333480835,,3.0,1.0,2.0,1.0,3.0,1.0,10,10,1.0,1.0,1.0,3.0,1.0,20.0,1.0,4.0,6.0,5.0,8.0,3.0,45.0,0.0,16.0,4.0,0.0,2.0,0.0,0.0,1.0,0.0,1.0,1.0,0.0,1.0,1.0,1.0,1.0,0.0
md58_30,pretest_md58,Avito_Goods_gc-26-03-CC-Resale-T1-C2C,brief column,Avito_Goods_gc-26-03-CC-Resale-T1-C2C.mp4,/Users/asekorneev/Desktop/Creatives_validation/Avito_Goods_gc-26-03-CC-Resale-T1-C2C.mp4,/Users/asekorneev/outputs/message_delivery_features_20260819/prepared_media/avitogoodsgc2603ccresalet1c2c.mp4,True,Avito,30,holdout,0.22,0.22,1,1,10.0,1.0,0.0826,0.34,/Users/asekorneev/outputs/aipm3_value_context_20260914/sources/promiser_comparison/combo_input.csv,current_saved_target,45.45454545454545,Existing OPM / existing message fraction,False,/Users/asekorneev/outputs/aipm_stability_20260919/human_quality_20260920/targets.csv,/Users/asekorneev/outputs/message_delivery_features_20260819/video_manifest.csv,e315d2710c865cf8653a263095145102512d8c729e85f6d4c61db0f02a0f2b3a,avitogoodsgc2603ccresalet1c2c,e315d2710c865cf8653a263095145102512d8c729e85f6d4c61db0f02a0f2b3a,e315d2710c865cf8653a263095145102512d8c729e85f6d4c61db0f02a0f2b3a,Goods,CC-Buyers,md58_30,30,current 10 full runs,3.0,2.933333333333333,0.9666666666666666,2.0,2.433333333333333,0.9666666666666666,2.0,2.2,1.0,2.0,2.0,1.0,1.0,1.3333333333333333,0.9666666666666666,2.0,2.0,1.0,3.0,2.966666666666667,0.9666666666666666,1.0,0.5,1.0,3.0,3.0,1.0,3.0,3.1,1.0,0.0,0.0,1.0,0.0,0.0,1.0,1.0,1.0,1.0,2.0,2.0,1.0,0.0,0.2,1.0,2.0,1.9666666666666663,0.9666666666666666,1.0,1.0,1.0,2.0,2.033333333333333,0.9666666666666666,1.0,2.033333333333333,2.548725637181409,0.0769230769230769,0.923076923076923,0.5,0.5128205128205128,0.0769230769230769,0.22,2.933333333333333,2.433333333333333,2.2,2.0,1.3333333333333333,2.0,2.966666666666667,0.5,3.0,3.1,0.0,0.0,1.0,2.0,0.2,1.9666666666666663,2.0,1.0,2.933333333333333,2.933333333333333,1.0,2.033333333333333,20.0,0.2700728395061729,0.066386498089484,0.2024459278639127,0.1195861383442265,0.0371902025086414,0.035095215889652,0.1252008779770217,0.2428784676833696,0.2564102564102564,0.0,0.0963233175986443,0.2159551763940705,0.1407782316630356,0.0581569485366344,17.614212036132812,0.055,7.687934875488281,,2.0,1.0,1.0,1.0,2.0,0.0,1,1,1.0,0.0,1.0,2.0,1.0,20.0,2.0,3.0,5.0,4.0,5.0,10.0,45.0,0.0,20.0,3.0,5.0,0.0,0.0,0.0,0.0,0.0,1.0,1.0,0.0,1.0,0.0,0.0,0.0,0.0
md58_30,pretest_md58,Avito_Goods_gc-26-03-CC-Resale-T1-C2C,brief column,Avito_Goods_gc-26-03-CC-Resale-T1-C2C.mp4,/Users/asekorneev/Desktop/Creatives_validation/Avito_Goods_gc-26-03-CC-Resale-T1-C2C.mp4,/Users/asekorneev/outputs/message_delivery_features_20260819/prepared_media/avitogoodsgc2603ccresalet1c2c.mp4,True,Avito,30,holdout,0.22,0.22,1,1,10.0,1.0,0.0826,0.34,/Users/asekorneev/outputs/aipm3_value_context_20260914/sources/promiser_comparison/combo_input.csv,current_saved_target,45.45454545454545,Existing OPM / existing message fraction,False,/Users/asekorneev/outputs/aipm_stability_20260919/human_quality_20260920/targets.csv,/Users/asekorneev/outputs/message_delivery_features_20260819/video_manifest.csv,e315d2710c865cf8653a263095145102512d8c729e85f6d4c61db0f02a0f2b3a,avitogoodsgc2603ccresalet1c2c,e315d2710c865cf8653a263095145102512d8c729e85f6d4c61db0f02a0f2b3a,e315d2710c865cf8653a263095145102512d8c729e85f6d4c61db0f02a0f2b3a,Goods,CC-Buyers,md58_30,30,current 10 full runs,3.0,3.0,1.0,2.0,2.3333333333333335,0.9666666666666666,2.0,2.1,1.0,2.0,2.1,1.0,1.0,1.3333333333333333,0.9666666666666666,2.0,2.0,1.0,3.0,3.0,1.0,1.0,0.5,1.0,3.0,3.0,1.0,3.0,3.1,1.0,0.0,0.0,1.0,0.0,0.0,1.0,1.0,1.0,1.0,2.0,2.0,1.0,0.0,0.1,1.0,2.0,2.0,1.0,1.0,1.0,1.0,2.0,2.0,1.0,1.0,2.0,2.548725637181409,0.1282051282051282,0.8717948717948718,0.3461538461538461,0.2692307692307692,0.1025641025641025,0.22,3.0,2.3333333333333335,2.1,2.1,1.3333333333333333,2.0,3.0,0.5,3.0,3.1,0.0,0.0,1.0,2.0,0.1,2.0,2.0,1.0,3.0,3.0,1.0,2.0,20.0,0.2700728395061729,0.066386498089484,0.2024459278639127,0.1195861383442265,0.0371902025086414,0.035095215889652,0.1252008779770217,0.2428784676833696,0.2564102564102564,0.0,0.0963233175986443,0.2159551763940705,0.1407782316630356,0.0581569485366344,17.614212036132812,0.055,7.687934875488281,,2.0,1.0,1.0,0.0,2.0,0.0,2,2,1.0,0.0,1.0,2.0,1.0,20.0,2.0,3.0,5.0,4.0,5.0,6.0,45.0,0.0,13.0,3.0,5.0,0.0,1.0,0.0,0.0,0.0,1.0,1.0,0.0,1.0,0.0,0.0,0.0,0.0
md58_30,pretest_md58,Avito_Goods_gc-26-03-CC-Resale-T1-C2C,brief column,Avito_Goods_gc-26-03-CC-Resale-T1-C2C.mp4,/Users/asekorneev/Desktop/Creatives_validation/Avito_Goods_gc-26-03-CC-Resale-T1-C2C.mp4,/Users/asekorneev/outputs/message_delivery_features_20260819/prepared_media/avitogoodsgc2603ccresalet1c2c.mp4,True,Avito,30,holdout,0.22,0.22,1,1,10.0,1.0,0.0826,0.34,/Users/asekorneev/outputs/aipm3_value_context_20260914/sources/promiser_comparison/combo_input.csv,current_saved_target,45.45454545454545,Existing OPM / existing message fraction,False,/Users/asekorneev/outputs/aipm_stability_20260919/human_quality_20260920/targets.csv,/Users/asekorneev/outputs/message_delivery_features_20260819/video_manifest.csv,e315d2710c865cf8653a263095145102512d8c729e85f6d4c61db0f02a0f2b3a,avitogoodsgc2603ccresalet1c2c,e315d2710c865cf8653a263095145102512d8c729e85f6d4c61db0f02a0f2b3a,e315d2710c865cf8653a263095145102512d8c729e85f6d4c61db0f02a0f2b3a,Goods,CC-Buyers,md58_30,30,current 10 full runs,3.0,3.0,1.0,2.0,2.3,1.0,2.0,2.0,1.0,2.0,2.0,1.0,1.0,1.1,1.0,2.0,2.0,1.0,3.0,3.0,1.0,0.0,0.4,1.0,3.0,3.0,1.0,3.0,3.0,1.0,0.0,0.0,1.0,0.0,0.0,1.0,1.0,1.0,1.0,2.0,2.0,1.0,0.0,0.0,1.0,2.0,2.0,1.0,1.0,1.0,1.0,2.0,2.0,1.0,1.0,2.0,2.548725637181409,0.2051282051282051,0.7948717948717948,0.2692307692307692,0.2435897435897435,0.1538461538461538,0.22,3.0,2.3,2.0,2.0,1.1,2.0,3.0,0.4,3.0,3.0,0.0,0.0,1.0,2.0,0.0,2.0,2.0,1.0,3.0,3.0,1.0,2.0,20.0,0.2700728395061729,0.066386498089484,0.2024459278639127,0.1195861383442265,0.0371902025086414,0.035095215889652,0.1252008779770217,0.2428784676833696,0.2564102564102564,0.0,0.0963233175986443,0.2159551763940705,0.1407782316630356,0.0581569485366344,17.614212036132812,0.055,7.687934875488281,,2.0,1.0,1.0,0.0,2.0,0.0,3,3,1.0,0.0,1.0,2.0,1.0,20.0,2.0,3.0,5.0,4.0,5.0,8.0,45.0,0.0,20.0,2.0,5.0,0.0,1.0,0.0,1.0,0.0,1.0,1.0,0.0,1.0,0.0,0.0,0.0,0.0
md58_30,pretest_md58,Avito_Goods_gc-26-03-CC-Resale-T1-C2C,brief column,Avito_Goods_gc-26-03-CC-Resale-T1-C2C.mp4,/Users/asekorneev/Desktop/Creatives_validation/Avito_Goods_gc-26-03-CC-Resale-T1-C2C.mp4,/Users/asekorneev/outputs/message_delivery_features_20260819/prepared_media/avitogoodsgc2603ccresalet1c2c.mp4,True,Avito,30,holdout,0.22,0.22,1,1,10.0,1.0,0.0826,0.34,/Users/asekorneev/outputs/aipm3_value_context_20260914/sources/promiser_comparison/combo_input.csv,current_saved_target,45.45454545454545,Existing OPM / existing message fraction,False,/Users/asekorneev/outputs/aipm_stability_20260919/human_quality_20260920/targets.csv,/Users/asekorneev/outputs/message_delivery_features_20260819/video_manifest.csv,e315d2710c865cf8653a263095145102512d8c729e85f6d4c61db0f02a0f2b3a,avitogoodsgc2603ccresalet1c2c,e315d2710c865cf8653a263095145102512d8c729e85f6d4c61db0f02a0f2b3a,e315d2710c865cf8653a263095145102512d8c729e85f6d4c61db0f02a0f2b3a,Goods,CC-Buyers,md58_30,30,current 10 full runs,3.0,3.0,1.0,2.0,2.2666666666666666,0.9666666666666666,2.0,2.1,1.0,2.0,2.1,1.0,1.0,1.2666666666666666,0.9666666666666666,2.0,2.0,1.0,3.0,3.0,1.0,1.0,0.5,1.0,3.0,3.0,1.0,3.0,3.0,1.0,0.0,0.0,1.0,0.0,0.0,1.0,1.0,1.0,1.0,2.0,2.0,1.0,0.0,0.2,1.0,2.0,2.0,1.0,1.0,1.0,1.0,2.0,2.1,1.0,1.0,2.1,2.548725637181409,0.1282051282051282,0.8717948717948718,0.2692307692307692,0.1666666666666666,0.0512820512820512,0.22,3.0,2.2666666666666666,2.1,2.1,1.2666666666666666,2.0,3.0,0.5,3.0,3.0,0.0,0.0,1.0,2.0,0.2,2.0,2.0,1.0,3.0,3.0,1.0,2.1,20.0,0.2700728395061729,0.066386498089484,0.2024459278639127,0.1195861383442265,0.0371902025086414,0.035095215889652,0.1252008779770217,0.2428784676833696,0.2564102564102564,0.0,0.0963233175986443,0.2159551763940705,0.1407782316630356,0.0581569485366344,17.614212036132812,0.055,7.687934875488281,,2.0,1.0,1.0,1.0,2.0,0.0,4,4,1.0,0.0,1.0,2.0,1.0,20.0,2.0,3.0,5.0,4.0,5.0,10.0,45.0,0.0,20.0,3.0,5.0,0.0,0.0,0.0,0.0,0.0,1.0,1.0,0.0,1.0,0.0,0.0,0.0,0.0
md58_30,pretest_md58,Avito_Goods_gc-26-03-CC-Resale-T1-C2C,brief column,Avito_Goods_gc-26-03-CC-Resale-T1-C2C.mp4,/Users/asekorneev/Desktop/Creatives_validation/Avito_Goods_gc-26-03-CC-Resale-T1-C2C.mp4,/Users/asekorneev/outputs/message_delivery_features_20260819/prepared_media/avitogoodsgc2603ccresalet1c2c.mp4,True,Avito,30,holdout,0.22,0.22,1,1,10.0,1.0,0.0826,0.34,/Users/asekorneev/outputs/aipm3_value_context_20260914/sources/promiser_comparison/combo_input.csv,current_saved_target,45.45454545454545,Existing OPM / existing message fraction,False,/Users/asekorneev/outputs/aipm_stability_20260919/human_quality_20260920/targets.csv,/Users/asekorneev/outputs/message_delivery_features_20260819/video_manifest.csv,e315d2710c865cf8653a263095145102512d8c729e85f6d4c61db0f02a0f2b3a,avitogoodsgc2603ccresalet1c2c,e315d2710c865cf8653a263095145102512d8c729e85f6d4c61db0f02a0f2b3a,e315d2710c865cf8653a263095145102512d8c729e85f6d4c61db0f02a0f2b3a,Goods,CC-Buyers,md58_30,30,current 10 full runs,3.0,3.0,1.0,2.0,2.2333333333333334,0.9666666666666666,2.0,2.0,1.0,2.0,2.0,1.0,1.0,1.2333333333333334,0.9666666666666666,2.0,2.0,1.0,3.0,3.0,1.0,1.0,0.6,1.0,3.0,3.0,1.0,3.0,3.1,1.0,0.0,0.0,1.0,0.0,0.0,1.0,1.0,1.0,1.0,2.0,2.0,1.0,0.0,0.1,1.0,2.0,2.0,1.0,1.0,1.0,1.0,2.0,2.1,1.0,1.0,2.1,2.548725637181409,0.1025641025641025,0.8974358974358974,0.3461538461538461,0.2692307692307692,0.1538461538461538,0.22,3.0,2.2333333333333334,2.0,2.0,1.2333333333333334,2.0,3.0,0.6,3.0,3.1,0.0,0.0,1.0,2.0,0.1,2.0,2.0,1.0,3.0,3.0,1.0,2.1,20.0,0.2700728395061729,0.066386498089484,0.2024459278639127,0.1195861383442265,0.0371902025086414,0.035095215889652,0.1252008779770217,0.2428784676833696,0.2564102564102564,0.0,0.0963233175986443,0.2159551763940705,0.1407782316630356,0.0581569485366344,17.614212036132812,0.055,7.687934875488281,,2.0,1.0,1.0,1.0,2.0,0.0,5,5,1.0,0.0,0.0,2.0,1.0,20.0,2.0,3.0,5.0,4.0,5.0,10.0,45.0,0.0,20.0,3.0,5.0,0.0,1.0,0.0,1.0,0.0,1.0,1.0,0.0,1.0,0.0,0.0,0.0,0.0
md58_30,pretest_md58,Avito_Goods_gc-26-03-CC-Resale-T1-C2C,brief column,Avito_Goods_gc-26-03-CC-Resale-T1-C2C.mp4,/Users/asekorneev/Desktop/Creatives_validation/Avito_Goods_gc-26-03-CC-Resale-T1-C2C.mp4,/Users/asekorneev/outputs/message_delivery_features_20260819/prepared_media/avitogoodsgc2603ccresalet1c2c.mp4,True,Avito,30,holdout,0.22,0.22,1,1,10.0,1.0,0.0826,0.34,/Users/asekorneev/outputs/aipm3_value_context_20260914/sources/promiser_comparison/combo_input.csv,current_saved_target,45.45454545454545,Existing OPM / existing message fraction,False,/Users/asekorneev/outputs/aipm_stability_20260919/human_quality_20260920/targets.csv,/Users/asekorneev/outputs/message_delivery_features_20260819/video_manifest.csv,e315d2710c865cf8653a263095145102512d8c729e85f6d4c61db0f02a0f2b3a,avitogoodsgc2603ccresalet1c2c,e315d2710c865cf8653a263095145102512d8c729e85f6d4c61db0f02a0f2b3a,e315d2710c865cf8653a263095145102512d8c729e85f6d4c61db0f02a0f2b3a,Goods,CC-Buyers,md58_30,30,current 10 full runs,3.0,3.0,1.0,3.0,2.6333333333333333,0.9666666666666666,2.0,2.0,1.0,2.0,2.0,1.0,1.0,1.2333333333333334,0.9666666666666666,2.0,2.0,1.0,3.0,3.0,1.0,0.0,0.4,1.0,3.0,3.0,1.0,3.0,3.0,1.0,0.0,0.0,1.0,0.0,0.0,1.0,1.0,0.9,1.0,2.0,2.0,1.0,0.0,0.1,1.0,2.0,2.0,1.0,1.0,1.0,1.0,2.0,2.0,1.0,1.0,2.0,2.548725637181409,0.1538461538461538,0.8461538461538461,0.2692307692307692,0.141025641025641,0.0,0.22,3.0,2.6333333333333333,2.0,2.0,1.2333333333333334,2.0,3.0,0.4,3.0,3.0,0.0,0.0,0.9,2.0,0.1,2.0,2.0,1.0,3.0,3.0,1.0,2.0,20.0,0.2700728395061729,0.066386498089484,0.2024459278639127,0.1195861383442265,0.0371902025086414,0.035095215889652,0.1252008779770217,0.2428784676833696,0.2564102564102564,0.0,0.0963233175986443,0.2159551763940705,0.1407782316630356,0.0581569485366344,17.614212036132812,0.055,7.687934875488281,,2.0,1.0,1.0,1.0,2.0,0.0,6,6,1.0,0.0,1.0,2.0,1.0,20.0,2.0,3.0,5.0,4.0,5.0,10.0,45.0,0.0,20.0,3.0,5.0,0.0,1.0,0.0,1.0,0.0,1.0,1.0,0.0,1.0,0.0,0.0,0.0,0.0
md58_30,pretest_md58,Avito_Goods_gc-26-03-CC-Resale-T1-C2C,brief column,Avito_Goods_gc-26-03-CC-Resale-T1-C2C.mp4,/Users/asekorneev/Desktop/Creatives_validation/Avito_Goods_gc-26-03-CC-Resale-T1-C2C.mp4,/Users/asekorneev/outputs/message_delivery_features_20260819/prepared_media/avitogoodsgc2603ccresalet1c2c.mp4,True,Avito,30,holdout,0.22,0.22,1,1,10.0,1.0,0.0826,0.34,/Users/asekorneev/outputs/aipm3_value_context_20260914/sources/promiser_comparison/combo_input.csv,current_saved_target,45.45454545454545,Existing OPM / existing message fraction,False,/Users/asekorneev/outputs/aipm_stability_20260919/human_quality_20260920/targets.csv,/Users/asekorneev/outputs/message_delivery_features_20260819/video_manifest.csv,e315d2710c865cf8653a263095145102512d8c729e85f6d4c61db0f02a0f2b3a,avitogoodsgc2603ccresalet1c2c,e315d2710c865cf8653a263095145102512d8c729e85f6d4c61db0f02a0f2b3a,e315d2710c865cf8653a263095145102512d8c729e85f6d4c61db0f02a0f2b3a,Goods,CC-Buyers,md58_30,30,current 10 full runs,3.0,3.0,1.0,2.0,2.3,1.0,2.0,2.1,0.9333333333333332,2.0,2.0,1.0,1.0,1.3,1.0,2.0,2.0,1.0,3.0,3.0,1.0,1.0,0.6,1.0,3.0,3.0,1.0,3.0,3.0,1.0,0.0,0.0,1.0,0.0,0.0,1.0,1.0,1.0,1.0,2.0,2.0,1.0,0.0,0.1,1.0,2.0,2.0,1.0,1.0,1.0,1.0,2.0,2.0,1.0,1.0,2.0,2.548725637181409,0.0512820512820512,0.9487179487179488,0.5,0.5,0.0512820512820512,0.22,3.0,2.3,2.1,2.0,1.3,2.0,3.0,0.6,3.0,3.0,0.0,0.0,1.0,2.0,0.1,2.0,2.0,1.0,3.0,3.0,1.0,2.0,20.0,0.2700728395061729,0.066386498089484,0.2024459278639127,0.1195861383442265,0.0371902025086414,0.035095215889652,0.1252008779770217,0.2428784676833696,0.2564102564102564,0.0,0.0963233175986443,0.2159551763940705,0.1407782316630356,0.0581569485366344,17.614212036132812,0.055,7.687934875488281,,2.0,1.0,1.0,0.0,2.0,0.0,7,7,1.0,0.0,1.0,2.0,1.0,20.0,2.0,3.0,5.0,4.0,5.0,10.0,45.0,0.0,20.0,3.0,5.0,0.0,0.0,0.0,0.0,0.0,1.0,1.0,0.0,1.0,0.0,0.0,0.0,0.0
md58_30,pretest_md58,Avito_Goods_gc-26-03-CC-Resale-T1-C2C,brief column,Avito_Goods_gc-26-03-CC-Resale-T1-C2C.mp4,/Users/asekorneev/Desktop/Creatives_validation/Avito_Goods_gc-26-03-CC-Resale-T1-C2C.mp4,/Users/asekorneev/outputs/message_delivery_features_20260819/prepared_media/avitogoodsgc2603ccresalet1c2c.mp4,True,Avito,30,holdout,0.22,0.22,1,1,10.0,1.0,0.0826,0.34,/Users/asekorneev/outputs/aipm3_value_context_20260914/sources/promiser_comparison/combo_input.csv,current_saved_target,45.45454545454545,Existing OPM / existing message fraction,False,/Users/asekorneev/outputs/aipm_stability_20260919/human_quality_20260920/targets.csv,/Users/asekorneev/outputs/message_delivery_features_20260819/video_manifest.csv,e315d2710c865cf8653a263095145102512d8c729e85f6d4c61db0f02a0f2b3a,avitogoodsgc2603ccresalet1c2c,e315d2710c865cf8653a263095145102512d8c729e85f6d4c61db0f02a0f2b3a,e315d2710c865cf8653a263095145102512d8c729e85f6d4c61db0f02a0f2b3a,Goods,CC-Buyers,md58_30,30,current 10 full runs,3.0,3.0,1.0,2.0,2.3,1.0,2.0,2.0,1.0,2.0,2.0,1.0,1.0,1.4,1.0,2.0,2.0,1.0,3.0,3.0,1.0,0.0,0.4,1.0,3.0,3.0,1.0,3.0,3.1,1.0,0.0,0.0,1.0,0.0,0.0,1.0,1.0,1.0,1.0,2.0,2.0,1.0,0.0,0.2,1.0,2.0,2.0,1.0,1.0,1.0,1.0,2.0,2.0,1.0,1.0,2.0,2.548725637181409,0.1794871794871795,0.8205128205128205,0.3461538461538461,0.2435897435897435,0.1538461538461538,0.22,3.0,2.3,2.0,2.0,1.4,2.0,3.0,0.4,3.0,3.1,0.0,0.0,1.0,2.0,0.2,2.0,2.0,1.0,3.0,3.0,1.0,2.0,20.0,0.2700728395061729,0.066386498089484,0.2024459278639127,0.1195861383442265,0.0371902025086414,0.035095215889652,0.1252008779770217,0.2428784676833696,0.2564102564102564,0.0,0.0963233175986443,0.2159551763940705,0.1407782316630356,0.0581569485366344,17.614212036132812,0.055,7.687934875488281,,2.0,1.0,1.0,0.0,2.0,0.0,8,8,1.0,0.0,0.0,2.0,1.0,20.0,2.0,3.0,5.0,4.0,5.0,8.0,45.0,0.0,12.0,3.0,5.0,0.0,0.0,0.0,0.0,0.0,1.0,1.0,0.0,1.0,0.0,0.0,0.0,0.0
md58_30,pretest_md58,Avito_Goods_gc-26-03-CC-Resale-T1-C2C,brief column,Avito_Goods_gc-26-03-CC-Resale-T1-C2C.mp4,/Users/asekorneev/Desktop/Creatives_validation/Avito_Goods_gc-26-03-CC-Resale-T1-C2C.mp4,/Users/asekorneev/outputs/message_delivery_features_20260819/prepared_media/avitogoodsgc2603ccresalet1c2c.mp4,True,Avito,30,holdout,0.22,0.22,1,1,10.0,1.0,0.0826,0.34,/Users/asekorneev/outputs/aipm3_value_context_20260914/sources/promiser_comparison/combo_input.csv,current_saved_target,45.45454545454545,Existing OPM / existing message fraction,False,/Users/asekorneev/outputs/aipm_stability_20260919/human_quality_20260920/targets.csv,/Users/asekorneev/outputs/message_delivery_features_20260819/video_manifest.csv,e315d2710c865cf8653a263095145102512d8c729e85f6d4c61db0f02a0f2b3a,avitogoodsgc2603ccresalet1c2c,e315d2710c865cf8653a263095145102512d8c729e85f6d4c61db0f02a0f2b3a,e315d2710c865cf8653a263095145102512d8c729e85f6d4c61db0f02a0f2b3a,Goods,CC-Buyers,md58_30,30,current 10 full runs,3.0,3.0,1.0,3.0,2.5,1.0,2.0,2.2,1.0,2.0,2.1,1.0,1.0,1.4666666666666666,0.9666666666666666,2.0,2.0,1.0,3.0,3.0,1.0,0.0,0.4,1.0,3.0,3.0,1.0,3.0,3.3,1.0,0.0,0.0,1.0,0.0,0.0,1.0,1.0,1.0,1.0,2.0,2.0,1.0,0.0,0.1,1.0,2.0,2.0,1.0,1.0,1.0,1.0,2.0,2.0,1.0,1.0,2.0,2.548725637181409,0.1025641025641025,0.8974358974358975,0.3461538461538461,0.2435897435897435,0.1025641025641025,0.22,3.0,2.5,2.2,2.1,1.4666666666666666,2.0,3.0,0.4,3.0,3.3,0.0,0.0,1.0,2.0,0.1,2.0,2.0,1.0,3.0,3.0,1.0,2.0,20.0,0.2700728395061729,0.066386498089484,0.2024459278639127,0.1195861383442265,0.0371902025086414,0.035095215889652,0.1252008779770217,0.2428784676833696,0.2564102564102564,0.0,0.0963233175986443,0.2159551763940705,0.1407782316630356,0.0581569485366344,17.614212036132812,0.055,7.687934875488281,,2.0,1.0,1.0,0.0,2.0,0.0,9,9,1.0,0.0,1.0,2.0,1.0,20.0,3.0,3.0,5.0,4.0,5.0,10.0,45.0,0.0,20.0,3.0,5.0,0.0,1.0,0.0,1.0,0.0,1.0,1.0,0.0,1.0,0.0,0.0,0.0,0.0
md58_30,pretest_md58,Avito_Goods_gc-26-03-CC-Resale-T1-C2C,brief column,Avito_Goods_gc-26-03-CC-Resale-T1-C2C.mp4,/Users/asekorneev/Desktop/Creatives_validation/Avito_Goods_gc-26-03-CC-Resale-T1-C2C.mp4,/Users/asekorneev/outputs/message_delivery_features_20260819/prepared_media/avitogoodsgc2603ccresalet1c2c.mp4,True,Avito,30,holdout,0.22,0.22,1,1,10.0,1.0,0.0826,0.34,/Users/asekorneev/outputs/aipm3_value_context_20260914/sources/promiser_comparison/combo_input.csv,current_saved_target,45.45454545454545,Existing OPM / existing message fraction,False,/Users/asekorneev/outputs/aipm_stability_20260919/human_quality_20260920/targets.csv,/Users/asekorneev/outputs/message_delivery_features_20260819/video_manifest.csv,e315d2710c865cf8653a263095145102512d8c729e85f6d4c61db0f02a0f2b3a,avitogoodsgc2603ccresalet1c2c,e315d2710c865cf8653a263095145102512d8c729e85f6d4c61db0f02a0f2b3a,e315d2710c865cf8653a263095145102512d8c729e85f6d4c61db0f02a0f2b3a,Goods,CC-Buyers,md58_30,30,current 10 full runs,3.0,2.966666666666667,0.9666666666666666,2.0,2.466666666666667,0.9666666666666666,2.0,2.033333333333333,0.9666666666666666,2.0,2.033333333333333,0.9666666666666666,1.0,1.3333333333333333,0.9333333333333332,2.0,2.0,1.0,3.0,2.966666666666667,0.9666666666666666,0.0,0.3,1.0,3.0,3.033333333333333,0.9666666666666666,3.0,3.033333333333333,0.9666666666666666,0.0,0.0333333333333333,0.9666666666666666,0.0,0.0,1.0,1.0,0.8666666666666667,0.9666666666666666,2.0,2.0,1.0,0.0,0.2333333333333333,0.9666666666666666,2.0,1.9666666666666663,0.9666666666666666,1.0,1.0,1.0,2.0,2.2666666666666666,0.9666666666666666,1.0,2.2666666666666666,2.548725637181409,0.1282051282051282,0.8717948717948718,0.4230769230769231,0.3974358974358974,0.1538461538461538,0.22,2.966666666666667,2.466666666666667,2.033333333333333,2.033333333333333,1.3333333333333333,2.0,2.966666666666667,0.3,3.033333333333333,3.033333333333333,0.0333333333333333,0.0,0.8666666666666667,2.0,0.2333333333333333,1.9666666666666663,2.0,0.9666666666666668,2.966666666666667,2.966666666666667,1.0,2.2666666666666666,20.0,0.2700728395061729,0.066386498089484,0.2024459278639127,0.1195861383442265,0.0371902025086414,0.035095215889652,0.1252008779770217,0.2428784676833696,0.2564102564102564,0.0,0.0963233175986443,0.2159551763940705,0.1407782316630356,0.0581569485366344,17.614212036132812,0.055,7.687934875488281,,2.0,1.0,1.0,0.0,2.0,0.0,10,10,1.0,0.0,1.0,2.0,1.0,20.0,2.0,3.0,5.0,4.0,5.0,10.0,45.0,0.0,20.0,3.0,5.0,0.0,0.0,0.0,0.0,0.0,1.0,1.0,0.0,1.0,0.0,0.0,0.0,0.0
md58_31,pretest_md58,Avito_Goods_gc-26-03-SP-Warranty on Spare Parts-T1-C2C,brief column,Avito_Goods_gc-26-03-SP-Warranty on Spare Parts-T1-C2C.mp4,/Users/asekorneev/Desktop/Creatives_validation/Avito_Goods_gc-26-03-SP-Warranty on Spare Parts-T1-C2C.mp4,/Users/asekorneev/Desktop/Creatives_validation/Avito_Goods_gc-26-03-SP-Warranty on Spare Parts-T1-C2C.mp4,True,Avito,31,holdout,0.29,0.29,2,2,14.0,2.0,,0.37,/Users/asekorneev/outputs/aipm3_value_context_20260914/sources/promiser_comparison/combo_input.csv,current_saved_target,48.27586206896552,Existing OPM / existing message fraction,False,/Users/asekorneev/outputs/aipm_stability_20260919/human_quality_20260920/targets.csv,/Users/asekorneev/outputs/message_delivery_features_20260819/video_manifest.csv,a6438e79890f3977484c39fa0fa422fbed4dd09b3f137b9bda3f2dccd1ca875f,avitogoodsgc2603spwarrantyonsparepartst1c2c,a6438e79890f3977484c39fa0fa422fbed4dd09b3f137b9bda3f2dccd1ca875f,a6438e79890f3977484c39fa0fa422fbed4dd09b3f137b9bda3f2dccd1ca875f,Goods,SP-SpareParts,md58_31,31,current 10 full runs,3.0,3.0,1.0,3.0,2.7333333333333334,0.9333333333333332,3.0,2.9,0.9,1.0,1.0,1.0,2.0,1.7,0.9333333333333332,1.0,1.1,0.9,3.0,2.966666666666667,0.9666666666666666,0.0,0.4666666666666667,0.9666666666666666,3.0,3.066666666666667,0.9333333333333332,1.0,1.0,1.0,1.0,0.9666666666666668,0.9666666666666666,1.0,0.9333333333333332,0.9666666666666666,1.0,0.6333333333333333,0.9333333333333332,1.0,1.0,1.0,0.0,0.0666666666666666,0.9333333333333332,2.0,2.033333333333333,0.9666666666666666,0.0,0.0,1.0,3.0,3.0,1.0,0.0,3.0,1.7666666666666668,0.0512820512820512,0.9487179487179488,0.2692307692307692,0.2051282051282051,0.1282051282051282,0.29,3.0,2.7333333333333334,2.9,1.0,1.7,1.1,2.966666666666667,0.4666666666666667,3.066666666666667,1.0,0.9666666666666668,0.9333333333333332,0.6333333333333333,1.0,0.0666666666666666,2.033333333333333,2.033333333333333,0.9666666666666668,3.0,3.0,0.0,3.0,20.0,0.4191717365649965,0.0926664388253353,0.2072097393581624,0.1486135416666666,0.1226712034203302,0.0401599799635205,0.1359514854849821,0.2147454066811911,0.1282051282051282,0.0,0.1296768942144759,0.1971549347218151,0.1120324074074074,0.0735928043723106,10.78919792175293,0.0,4.350315093994141,,2.0,0.0,2.0,1.0,3.0,0.0,1,1,1.0,0.0,1.0,2.0,1.0,20.0,2.0,3.0,3.0,2.0,4.0,5.0,40.0,2.0,10.0,3.0,5.0,1.0,1.0,0.0,0.0,1.0,0.0,1.0,0.0,0.0,0.0,0.0,1.0,0.0
md58_31,pretest_md58,Avito_Goods_gc-26-03-SP-Warranty on Spare Parts-T1-C2C,brief column,Avito_Goods_gc-26-03-SP-Warranty on Spare Parts-T1-C2C.mp4,/Users/asekorneev/Desktop/Creatives_validation/Avito_Goods_gc-26-03-SP-Warranty on Spare Parts-T1-C2C.mp4,/Users/asekorneev/Desktop/Creatives_validation/Avito_Goods_gc-26-03-SP-Warranty on Spare Parts-T1-C2C.mp4,True,Avito,31,holdout,0.29,0.29,2,2,14.0,2.0,,0.37,/Users/asekorneev/outputs/aipm3_value_context_20260914/sources/promiser_comparison/combo_input.csv,current_saved_target,48.27586206896552,Existing OPM / existing message fraction,False,/Users/asekorneev/outputs/aipm_stability_20260919/human_quality_20260920/targets.csv,/Users/asekorneev/outputs/message_delivery_features_20260819/video_manifest.csv,a6438e79890f3977484c39fa0fa422fbed4dd09b3f137b9bda3f2dccd1ca875f,avitogoodsgc2603spwarrantyonsparepartst1c2c,a6438e79890f3977484c39fa0fa422fbed4dd09b3f137b9bda3f2dccd1ca875f,a6438e79890f3977484c39fa0fa422fbed4dd09b3f137b9bda3f2dccd1ca875f,Goods,SP-SpareParts,md58_31,31,current 10 full runs,3.0,3.0,1.0,3.0,3.0,1.0,3.0,2.9,0.9,1.0,1.0,1.0,1.0,1.2333333333333334,0.9666666666666666,1.0,1.1,0.9,3.0,3.0,1.0,0.0,0.3,1.0,3.0,3.0,1.0,1.0,1.0,1.0,1.0,0.8,1.0,1.0,0.9,1.0,0.0,0.0333333333333333,0.9666666666666666,1.0,1.0,1.0,0.0,0.0333333333333333,0.9666666666666666,2.0,2.0,1.0,0.0,0.0,1.0,3.0,3.0,1.0,0.0,3.0,1.75,0.0769230769230769,0.923076923076923,0.3461538461538461,0.4102564102564102,0.1282051282051282,0.29,3.0,3.0,2.9,1.0,1.2333333333333334,1.1,3.0,0.3,3.0,1.0,0.8,0.9,0.0333333333333333,1.0,0.0333333333333333,2.0,2.1,1.0,3.0,3.0,0.0,3.0,20.0,0.4191717365649965,0.0926664388253353,0.2072097393581624,0.1486135416666666,0.1226712034203302,0.0401599799635205,0.1359514854849821,0.2147454066811911,0.1282051282051282,0.0,0.1296768942144759,0.1971549347218151,0.1120324074074074,0.0735928043723106,10.78919792175293,0.0,4.350315093994141,,2.0,0.0,2.0,1.0,3.0,0.0,2,2,1.0,0.0,1.0,2.0,1.0,20.0,2.0,3.0,3.0,2.0,4.0,5.0,35.0,2.0,10.0,3.0,5.0,1.0,1.0,0.0,0.0,1.0,0.0,1.0,0.0,1.0,0.0,1.0,1.0,0.0
md58_31,pretest_md58,Avito_Goods_gc-26-03-SP-Warranty on Spare Parts-T1-C2C,brief column,Avito_Goods_gc-26-03-SP-Warranty on Spare Parts-T1-C2C.mp4,/Users/asekorneev/Desktop/Creatives_validation/Avito_Goods_gc-26-03-SP-Warranty on Spare Parts-T1-C2C.mp4,/Users/asekorneev/Desktop/Creatives_validation/Avito_Goods_gc-26-03-SP-Warranty on Spare Parts-T1-C2C.mp4,True,Avito,31,holdout,0.29,0.29,2,2,14.0,2.0,,0.37,/Users/asekorneev/outputs/aipm3_value_context_20260914/sources/promiser_comparison/combo_input.csv,current_saved_target,48.27586206896552,Existing OPM / existing message fraction,False,/Users/asekorneev/outputs/aipm_stability_20260919/human_quality_20260920/targets.csv,/Users/asekorneev/outputs/message_delivery_features_20260819/video_manifest.csv,a6438e79890f3977484c39fa0fa422fbed4dd09b3f137b9bda3f2dccd1ca875f,avitogoodsgc2603spwarrantyonsparepartst1c2c,a6438e79890f3977484c39fa0fa422fbed4dd09b3f137b9bda3f2dccd1ca875f,a6438e79890f3977484c39fa0fa422fbed4dd09b3f137b9bda3f2dccd1ca875f,Goods,SP-SpareParts,md58_31,31,current 10 full runs,3.0,3.0,1.0,3.0,2.8666666666666667,0.9666666666666666,3.0,2.9,0.9,1.0,1.0,1.0,1.0,1.2333333333333334,0.9333333333333332,1.0,1.1333333333333333,0.8666666666666666,3.0,3.0,1.0,0.0,0.4666666666666667,0.9666666666666666,3.0,3.1666666666666665,0.8666666666666666,1.0,1.0,1.0,1.0,0.8333333333333334,0.9666666666666666,1.0,1.0,1.0,0.0,0.3333333333333333,0.9,1.0,1.0,1.0,0.0,0.0666666666666666,0.9666666666666666,2.0,2.0,1.0,0.0,0.0,1.0,3.0,3.0,1.0,0.0,3.0,1.75,0.0512820512820512,0.9487179487179488,0.2692307692307692,0.2179487179487179,0.0512820512820512,0.29,3.0,2.8666666666666667,2.9,1.0,1.2333333333333334,1.1333333333333333,3.0,0.4666666666666667,3.1666666666666665,1.0,0.8333333333333334,1.0,0.3333333333333333,1.0,0.0666666666666666,2.0,2.066666666666667,1.0,3.0,3.0,0.0,3.0,20.0,0.4191717365649965,0.0926664388253353,0.2072097393581624,0.1486135416666666,0.1226712034203302,0.0401599799635205,0.1359514854849821,0.2147454066811911,0.1282051282051282,0.0,0.1296768942144759,0.1971549347218151,0.1120324074074074,0.0735928043723106,10.78919792175293,0.0,4.350315093994141,,2.0,0.0,2.0,1.0,3.0,0.0,3,3,1.0,0.0,1.0,2.0,1.0,20.0,2.0,3.0,2.0,2.0,4.0,5.0,35.0,2.0,15.0,3.0,5.0,1.0,1.0,0.0,0.0,1.0,0.0,1.0,0.0,1.0,0.0,1.0,1.0,0.0
md58_31,pretest_md58,Avito_Goods_gc-26-03-SP-Warranty on Spare Parts-T1-C2C,brief column,Avito_Goods_gc-26-03-SP-Warranty on Spare Parts-T1-C2C.mp4,/Users/asekorneev/Desktop/Creatives_validation/Avito_Goods_gc-26-03-SP-Warranty on Spare Parts-T1-C2C.mp4,/Users/asekorneev/Desktop/Creatives_validation/Avito_Goods_gc-26-03-SP-Warranty on Spare Parts-T1-C2C.mp4,True,Avito,31,holdout,0.29,0.29,2,2,14.0,2.0,,0.37,/Users/asekorneev/outputs/aipm3_value_context_20260914/sources/promiser_comparison/combo_input.csv,current_saved_target,48.27586206896552,Existing OPM / existing message fraction,False,/Users/asekorneev/outputs/aipm_stability_20260919/human_quality_20260920/targets.csv,/Users/asekorneev/outputs/message_delivery_features_20260819/video_manifest.csv,a6438e79890f3977484c39fa0fa422fbed4dd09b3f137b9bda3f2dccd1ca875f,avitogoodsgc2603spwarrantyonsparepartst1c2c,a6438e79890f3977484c39fa0fa422fbed4dd09b3f137b9bda3f2dccd1ca875f,a6438e79890f3977484c39fa0fa422fbed4dd09b3f137b9bda3f2dccd1ca875f,Goods,SP-SpareParts,md58_31,31,current 10 full runs,3.0,3.0,1.0,3.0,3.0,1.0,3.0,2.8666666666666667,0.8666666666666666,1.0,1.0,1.0,1.0,1.4666666666666666,0.9666666666666666,1.0,1.1333333333333333,0.8666666666666666,3.0,3.0,1.0,0.0,0.1333333333333333,0.9666666666666666,3.0,3.1,1.0,1.0,1.0,1.0,1.0,0.9,1.0,1.0,0.9,1.0,0.0,0.1333333333333333,0.9666666666666666,1.0,1.0,1.0,0.0,0.0,1.0,2.0,2.0,1.0,0.0,0.0,1.0,3.0,3.0,1.0,0.0,3.0,1.75,0.0769230769230769,0.9230769230769232,0.3461538461538461,0.3974358974358974,0.1538461538461538,0.29,3.0,3.0,2.8666666666666667,1.0,1.4666666666666666,1.1333333333333333,3.0,0.1333333333333333,3.1,1.0,0.9,0.9,0.1333333333333333,1.0,0.0,2.0,2.1,1.0,3.0,3.0,0.0,3.0,20.0,0.4191717365649965,0.0926664388253353,0.2072097393581624,0.1486135416666666,0.1226712034203302,0.0401599799635205,0.1359514854849821,0.2147454066811911,0.1282051282051282,0.0,0.1296768942144759,0.1971549347218151,0.1120324074074074,0.0735928043723106,10.78919792175293,0.0,4.350315093994141,,2.0,0.0,2.0,1.0,3.0,0.0,4,4,1.0,0.0,1.0,2.0,1.0,20.0,2.0,3.0,2.0,2.0,4.0,5.0,35.0,2.0,20.0,3.0,5.0,1.0,1.0,0.0,0.0,1.0,0.0,1.0,0.0,1.0,0.0,0.0,1.0,0.0
md58_31,pretest_md58,Avito_Goods_gc-26-03-SP-Warranty on Spare Parts-T1-C2C,brief column,Avito_Goods_gc-26-03-SP-Warranty on Spare Parts-T1-C2C.mp4,/Users/asekorneev/Desktop/Creatives_validation/Avito_Goods_gc-26-03-SP-Warranty on Spare Parts-T1-C2C.mp4,/Users/asekorneev/Desktop/Creatives_validation/Avito_Goods_gc-26-03-SP-Warranty on Spare Parts-T1-C2C.mp4,True,Avito,31,holdout,0.29,0.29,2,2,14.0,2.0,,0.37,/Users/asekorneev/outputs/aipm3_value_context_20260914/sources/promiser_comparison/combo_input.csv,current_saved_target,48.27586206896552,Existing OPM / existing message fraction,False,/Users/asekorneev/outputs/aipm_stability_20260919/human_quality_20260920/targets.csv,/Users/asekorneev/outputs/message_delivery_features_20260819/video_manifest.csv,a6438e79890f3977484c39fa0fa422fbed4dd09b3f137b9bda3f2dccd1ca875f,avitogoodsgc2603spwarrantyonsparepartst1c2c,a6438e79890f3977484c39fa0fa422fbed4dd09b3f137b9bda3f2dccd1ca875f,a6438e79890f3977484c39fa0fa422fbed4dd09b3f137b9bda3f2dccd1ca875f,Goods,SP-SpareParts,md58_31,31,current 10 full runs,3.0,3.0,1.0,3.0,3.0,1.0,3.0,2.933333333333333,0.9333333333333332,1.0,1.0,1.0,1.0,1.2333333333333334,0.9666666666666666,1.0,1.0666666666666669,0.9333333333333332,3.0,3.0,1.0,1.0,0.5,1.0,3.0,3.0,1.0,1.0,1.0,1.0,1.0,0.8,1.0,1.0,0.8,1.0,0.0,0.2,1.0,1.0,1.0,1.0,0.0,0.0,1.0,2.0,2.0,1.0,0.0,0.0,1.0,3.0,3.0,1.0,0.0,3.0,1.75,0.0512820512820512,0.9487179487179488,0.5769230769230769,0.4230769230769231,0.1025641025641025,0.29,3.0,3.0,2.933333333333333,1.0,1.2333333333333334,1.0666666666666669,3.0,0.5,3.0,1.0,0.8,0.8,0.2,1.0,0.0,2.0,2.2,1.0,3.0,3.0,0.0,3.0,20.0,0.4191717365649965,0.0926664388253353,0.2072097393581624,0.1486135416666666,0.1226712034203302,0.0401599799635205,0.1359514854849821,0.2147454066811911,0.1282051282051282,0.0,0.1296768942144759,0.1971549347218151,0.1120324074074074,0.0735928043723106,10.78919792175293,0.0,4.350315093994141,,2.0,0.0,2.0,1.0,3.0,0.0,5,5,1.0,0.0,1.0,2.0,1.0,20.0,2.0,3.0,2.0,2.0,4.0,5.0,35.0,2.0,15.0,3.0,5.0,1.0,1.0,0.0,0.0,1.0,0.0,1.0,0.0,1.0,0.0,1.0,1.0,0.0
md58_31,pretest_md58,Avito_Goods_gc-26-03-SP-Warranty on Spare Parts-T1-C2C,brief column,Avito_Goods_gc-26-03-SP-Warranty on Spare Parts-T1-C2C.mp4,/Users/asekorneev/Desktop/Creatives_validation/Avito_Goods_gc-26-03-SP-Warranty on Spare Parts-T1-C2C.mp4,/Users/asekorneev/Desktop/Creatives_validation/Avito_Goods_gc-26-03-SP-Warranty on Spare Parts-T1-C2C.mp4,True,Avito,31,holdout,0.29,0.29,2,2,14.0,2.0,,0.37,/Users/asekorneev/outputs/aipm3_value_context_20260914/sources/promiser_comparison/combo_input.csv,current_saved_target,48.27586206896552,Existing OPM / existing message fraction,False,/Users/asekorneev/outputs/aipm_stability_20260919/human_quality_20260920/targets.csv,/Users/asekorneev/outputs/message_delivery_features_20260819/video_manifest.csv,a6438e79890f3977484c39fa0fa422fbed4dd09b3f137b9bda3f2dccd1ca875f,avitogoodsgc2603spwarrantyonsparepartst1c2c,a6438e79890f3977484c39fa0fa422fbed4dd09b3f137b9bda3f2dccd1ca875f,a6438e79890f3977484c39fa0fa422fbed4dd09b3f137b9bda3f2dccd1ca875f,Goods,SP-SpareParts,md58_31,31,current 10 full runs,3.0,3.0,1.0,3.0,2.933333333333333,0.9333333333333332,3.0,2.8666666666666667,0.8666666666666666,1.0,1.0,1.0,2.0,1.6,0.9333333333333332,1.0,1.1333333333333333,0.8666666666666666,3.0,3.0,1.0,1.0,0.5,1.0,3.0,3.066666666666667,0.9333333333333332,1.0,1.0,1.0,1.0,1.0,1.0,1.0,1.0,1.0,0.0,0.4666666666666667,0.9333333333333332,1.0,1.0,1.0,0.0,0.0,1.0,2.0,2.0,1.0,0.0,0.0,1.0,3.0,3.0,1.0,0.0,3.0,1.7666666666666668,0.0769230769230768,0.9230769230769232,0.3461538461538461,0.4102564102564102,0.1794871794871795,0.29,3.0,2.933333333333333,2.8666666666666667,1.0,1.6,1.1333333333333333,3.0,0.5,3.066666666666667,1.0,1.0,1.0,0.4666666666666667,1.0,0.0,2.0,2.1,1.0,3.0,3.0,0.0,3.0,20.0,0.4191717365649965,0.0926664388253353,0.2072097393581624,0.1486135416666666,0.1226712034203302,0.0401599799635205,0.1359514854849821,0.2147454066811911,0.1282051282051282,0.0,0.1296768942144759,0.1971549347218151,0.1120324074074074,0.0735928043723106,10.78919792175293,0.0,4.350315093994141,,2.0,0.0,2.0,1.0,3.0,0.0,6,6,1.0,0.0,1.0,2.0,1.0,20.0,2.0,3.0,2.0,2.0,4.0,5.0,35.0,2.0,15.0,3.0,5.0,1.0,1.0,0.0,0.0,1.0,0.0,1.0,0.0,1.0,0.0,1.0,1.0,0.0
md58_31,pretest_md58,Avito_Goods_gc-26-03-SP-Warranty on Spare Parts-T1-C2C,brief column,Avito_Goods_gc-26-03-SP-Warranty on Spare Parts-T1-C2C.mp4,/Users/asekorneev/Desktop/Creatives_validation/Avito_Goods_gc-26-03-SP-Warranty on Spare Parts-T1-C2C.mp4,/Users/asekorneev/Desktop/Creatives_validation/Avito_Goods_gc-26-03-SP-Warranty on Spare Parts-T1-C2C.mp4,True,Avito,31,holdout,0.29,0.29,2,2,14.0,2.0,,0.37,/Users/asekorneev/outputs/aipm3_value_context_20260914/sources/promiser_comparison/combo_input.csv,current_saved_target,48.27586206896552,Existing OPM / existing message fraction,False,/Users/asekorneev/outputs/aipm_stability_20260919/human_quality_20260920/targets.csv,/Users/asekorneev/outputs/message_delivery_features_20260819/video_manifest.csv,a6438e79890f3977484c39fa0fa422fbed4dd09b3f137b9bda3f2dccd1ca875f,avitogoodsgc2603spwarrantyonsparepartst1c2c,a6438e79890f3977484c39fa0fa422fbed4dd09b3f137b9bda3f2dccd1ca875f,a6438e79890f3977484c39fa0fa422fbed4dd09b3f137b9bda3f2dccd1ca875f,Goods,SP-SpareParts,md58_31,31,current 10 full runs,3.0,2.9,1.0,3.0,2.9,1.0,3.0,2.9,0.9,1.0,1.0,1.0,1.0,1.4666666666666666,0.9,1.0,1.1333333333333333,0.8666666666666666,3.0,3.0,1.0,0.0,0.4,1.0,3.0,3.033333333333333,0.9666666666666666,1.0,1.0,1.0,1.0,1.0,1.0,1.0,1.0,1.0,1.0,0.5666666666666667,0.9,1.0,1.0,1.0,0.0,0.1666666666666666,0.9,2.0,2.0,1.0,0.0,0.0,1.0,3.0,2.9,1.0,0.0,2.9,1.75,0.0512820512820513,0.9487179487179488,0.4230769230769231,0.4358974358974359,0.1282051282051282,0.29,2.9,2.9,2.9,1.0,1.4666666666666666,1.1333333333333333,3.0,0.4,3.033333333333333,1.0,1.0,1.0,0.5666666666666667,1.0,0.1666666666666666,2.0,2.066666666666667,1.0,2.9,2.9,0.0,2.9,20.0,0.4191717365649965,0.0926664388253353,0.2072097393581624,0.1486135416666666,0.1226712034203302,0.0401599799635205,0.1359514854849821,0.2147454066811911,0.1282051282051282,0.0,0.1296768942144759,0.1971549347218151,0.1120324074074074,0.0735928043723106,10.78919792175293,0.0,4.350315093994141,,2.0,0.0,2.0,1.0,3.0,0.0,7,7,1.0,0.0,1.0,2.0,1.0,20.0,2.0,3.0,2.0,2.0,4.0,5.0,35.0,2.0,20.0,3.0,5.0,1.0,1.0,0.0,0.0,1.0,0.0,1.0,0.0,1.0,0.0,0.0,1.0,0.0
md58_31,pretest_md58,Avito_Goods_gc-26-03-SP-Warranty on Spare Parts-T1-C2C,brief column,Avito_Goods_gc-26-03-SP-Warranty on Spare Parts-T1-C2C.mp4,/Users/asekorneev/Desktop/Creatives_validation/Avito_Goods_gc-26-03-SP-Warranty on Spare Parts-T1-C2C.mp4,/Users/asekorneev/Desktop/Creatives_validation/Avito_Goods_gc-26-03-SP-Warranty on Spare Parts-T1-C2C.mp4,True,Avito,31,holdout,0.29,0.29,2,2,14.0,2.0,,0.37,/Users/asekorneev/outputs/aipm3_value_context_20260914/sources/promiser_comparison/combo_input.csv,current_saved_target,48.27586206896552,Existing OPM / existing message fraction,False,/Users/asekorneev/outputs/aipm_stability_20260919/human_quality_20260920/targets.csv,/Users/asekorneev/outputs/message_delivery_features_20260819/video_manifest.csv,a6438e79890f3977484c39fa0fa422fbed4dd09b3f137b9bda3f2dccd1ca875f,avitogoodsgc2603spwarrantyonsparepartst1c2c,a6438e79890f3977484c39fa0fa422fbed4dd09b3f137b9bda3f2dccd1ca875f,a6438e79890f3977484c39fa0fa422fbed4dd09b3f137b9bda3f2dccd1ca875f,Goods,SP-SpareParts,md58_31,31,current 10 full runs,3.0,3.0,1.0,3.0,2.8666666666666667,0.8666666666666666,3.0,2.8,0.8,1.0,1.0,1.0,2.0,1.5,0.8666666666666666,1.0,1.2,0.8,3.0,3.0,1.0,0.0,0.2666666666666666,0.9666666666666666,3.0,3.1333333333333333,0.9,1.0,1.0,1.0,1.0,0.9,1.0,1.0,0.8333333333333334,0.9666666666666666,0.0,0.2333333333333333,0.8666666666666666,1.0,1.0,1.0,0.0,0.0333333333333333,0.9666666666666666,2.0,2.0,1.0,0.0,0.0,1.0,3.0,3.0,1.0,0.0,3.0,1.75,0.0512820512820512,0.9487179487179488,0.3461538461538461,0.3461538461538462,0.1025641025641025,0.29,3.0,2.8666666666666667,2.8,1.0,1.5,1.2,3.0,0.2666666666666666,3.1333333333333333,1.0,0.9,0.8333333333333334,0.2333333333333333,1.0,0.0333333333333333,2.0,2.1,1.0,3.0,3.0,0.0,3.0,20.0,0.4191717365649965,0.0926664388253353,0.2072097393581624,0.1486135416666666,0.1226712034203302,0.0401599799635205,0.1359514854849821,0.2147454066811911,0.1282051282051282,0.0,0.1296768942144759,0.1971549347218151,0.1120324074074074,0.0735928043723106,10.78919792175293,0.0,4.350315093994141,,2.0,0.0,2.0,1.0,3.0,0.0,8,8,1.0,0.0,1.0,2.0,1.0,20.0,2.0,3.0,2.0,2.0,4.0,5.0,40.0,2.0,15.0,3.0,5.0,1.0,1.0,0.0,0.0,1.0,0.0,1.0,0.0,1.0,0.0,0.0,1.0,0.0
md58_31,pretest_md58,Avito_Goods_gc-26-03-SP-Warranty on Spare Parts-T1-C2C,brief column,Avito_Goods_gc-26-03-SP-Warranty on Spare Parts-T1-C2C.mp4,/Users/asekorneev/Desktop/Creatives_validation/Avito_Goods_gc-26-03-SP-Warranty on Spare Parts-T1-C2C.mp4,/Users/asekorneev/Desktop/Creatives_validation/Avito_Goods_gc-26-03-SP-Warranty on Spare Parts-T1-C2C.mp4,True,Avito,31,holdout,0.29,0.29,2,2,14.0,2.0,,0.37,/Users/asekorneev/outputs/aipm3_value_context_20260914/sources/promiser_comparison/combo_input.csv,current_saved_target,48.27586206896552,Existing OPM / existing message fraction,False,/Users/asekorneev/outputs/aipm_stability_20260919/human_quality_20260920/targets.csv,/Users/asekorneev/outputs/message_delivery_features_20260819/video_manifest.csv,a6438e79890f3977484c39fa0fa422fbed4dd09b3f137b9bda3f2dccd1ca875f,avitogoodsgc2603spwarrantyonsparepartst1c2c,a6438e79890f3977484c39fa0fa422fbed4dd09b3f137b9bda3f2dccd1ca875f,a6438e79890f3977484c39fa0fa422fbed4dd09b3f137b9bda3f2dccd1ca875f,Goods,SP-SpareParts,md58_31,31,current 10 full runs,3.0,3.0,1.0,3.0,2.8333333333333335,0.9333333333333332,3.0,2.8333333333333335,0.8333333333333333,1.0,1.0,1.0,2.0,1.6,0.9333333333333332,1.0,1.1666666666666667,0.8333333333333333,3.0,3.0,1.0,0.0,0.3333333333333333,0.9666666666666666,3.0,3.1666666666666665,0.9333333333333332,1.0,1.0,1.0,1.0,0.8,1.0,1.0,0.9,1.0,0.0,0.3666666666666666,0.9333333333333332,1.0,1.0,1.0,0.0,0.0,1.0,2.0,2.0,1.0,0.0,0.0,1.0,3.0,3.0,1.0,0.0,3.0,1.7666666666666668,0.0512820512820513,0.9487179487179488,0.2692307692307692,0.2307692307692307,0.0769230769230769,0.29,3.0,2.8333333333333335,2.8333333333333335,1.0,1.6,1.1666666666666667,3.0,0.3333333333333333,3.1666666666666665,1.0,0.8,0.9,0.3666666666666666,1.0,0.0,2.0,2.0,1.0,3.0,3.0,0.0,3.0,20.0,0.4191717365649965,0.0926664388253353,0.2072097393581624,0.1486135416666666,0.1226712034203302,0.0401599799635205,0.1359514854849821,0.2147454066811911,0.1282051282051282,0.0,0.1296768942144759,0.1971549347218151,0.1120324074074074,0.0735928043723106,10.78919792175293,0.0,4.350315093994141,,2.0,0.0,2.0,1.0,3.0,0.0,9,9,1.0,0.0,1.0,2.0,1.0,20.0,2.0,3.0,3.0,2.0,4.0,5.0,35.0,2.0,10.0,3.0,5.0,1.0,1.0,0.0,0.0,1.0,0.0,1.0,0.0,1.0,0.0,1.0,1.0,0.0
md58_31,pretest_md58,Avito_Goods_gc-26-03-SP-Warranty on Spare Parts-T1-C2C,brief column,Avito_Goods_gc-26-03-SP-Warranty on Spare Parts-T1-C2C.mp4,/Users/asekorneev/Desktop/Creatives_validation/Avito_Goods_gc-26-03-SP-Warranty on Spare Parts-T1-C2C.mp4,/Users/asekorneev/Desktop/Creatives_validation/Avito_Goods_gc-26-03-SP-Warranty on Spare Parts-T1-C2C.mp4,True,Avito,31,holdout,0.29,0.29,2,2,14.0,2.0,,0.37,/Users/asekorneev/outputs/aipm3_value_context_20260914/sources/promiser_comparison/combo_input.csv,current_saved_target,48.27586206896552,Existing OPM / existing message fraction,False,/Users/asekorneev/outputs/aipm_stability_20260919/human_quality_20260920/targets.csv,/Users/asekorneev/outputs/message_delivery_features_20260819/video_manifest.csv,a6438e79890f3977484c39fa0fa422fbed4dd09b3f137b9bda3f2dccd1ca875f,avitogoodsgc2603spwarrantyonsparepartst1c2c,a6438e79890f3977484c39fa0fa422fbed4dd09b3f137b9bda3f2dccd1ca875f,a6438e79890f3977484c39fa0fa422fbed4dd09b3f137b9bda3f2dccd1ca875f,Goods,SP-SpareParts,md58_31,31,current 10 full runs,3.0,3.0,1.0,3.0,3.0,1.0,3.0,2.8333333333333335,0.8333333333333333,1.0,1.0,1.0,2.0,1.5666666666666669,0.9,1.0,1.1666666666666667,0.8333333333333333,3.0,3.0,1.0,0.0,0.3,1.0,3.0,3.066666666666667,0.9333333333333332,1.0,1.0,1.0,1.0,1.0,1.0,1.0,1.0,1.0,0.0,0.3666666666666666,0.9666666666666666,1.0,1.0,1.0,0.0,0.0,1.0,2.0,2.0,1.0,0.0,0.0,1.0,3.0,3.0,1.0,0.0,3.0,1.75,0.0256410256410256,0.9743589743589745,0.4230769230769231,0.3974358974358974,0.1025641025641025,0.29,3.0,3.0,2.8333333333333335,1.0,1.5666666666666669,1.1666666666666667,3.0,0.3,3.066666666666667,1.0,1.0,1.0,0.3666666666666666,1.0,0.0,2.0,2.0,1.0,3.0,3.0,0.0,3.0,20.0,0.4191717365649965,0.0926664388253353,0.2072097393581624,0.1486135416666666,0.1226712034203302,0.0401599799635205,0.1359514854849821,0.2147454066811911,0.1282051282051282,0.0,0.1296768942144759,0.1971549347218151,0.1120324074074074,0.0735928043723106,10.78919792175293,0.0,4.350315093994141,,2.0,0.0,2.0,1.0,3.0,0.0,10,10,1.0,0.0,1.0,2.0,1.0,20.0,2.0,3.0,2.0,2.0,4.0,5.0,35.0,2.0,20.0,3.0,5.0,1.0,1.0,0.0,0.0,1.0,0.0,1.0,0.0,1.0,0.0,0.0,1.0,0.0
md58_32,pretest_md58,gc-26-04-Sellers-cross-private-resale-T1-B2C,brief column,Avito_Goods_gc-26-04-Sellers-cross-private-resale-T1-B2C.mp4,/Users/asekorneev/Desktop/Creatives_validation/Avito_Goods_gc-26-04-Sellers-cross-private-resale-T1-B2C.mp4,/Users/asekorneev/outputs/message_delivery_features_20260819/prepared_media/avitogoodsgc2604sellerscrossprivateresalet1b2c.mp4,True,Avito,32,holdout,0.14,0.14,0,0,8.0,0.0,,0.39,/Users/asekorneev/outputs/aipm3_value_context_20260914/sources/promiser_comparison/combo_input.csv,current_saved_target,57.14285714285714,Existing OPM / existing message fraction,False,/Users/asekorneev/outputs/aipm_stability_20260919/human_quality_20260920/targets.csv,/Users/asekorneev/outputs/message_delivery_features_20260819/video_manifest.csv,271f1a3b8c729931f50bd12020d474dee352d6d8369c6f824e160d54d14a4070,gc2604sellerscrossprivateresalet1b2c,271f1a3b8c729931f50bd12020d474dee352d6d8369c6f824e160d54d14a4070,271f1a3b8c729931f50bd12020d474dee352d6d8369c6f824e160d54d14a4070,Other,Other,md58_32,32,current 10 full runs,2.0,2.0,1.0,3.0,3.0,1.0,4.0,3.9,0.9333333333333332,3.0,2.966666666666667,0.9666666666666666,2.0,2.0,1.0,1.0,1.0,1.0,3.0,3.0,1.0,1.0,0.6,1.0,4.0,3.8333333333333335,0.9666666666666666,0.0,0.0,1.0,0.0,0.0,1.0,0.0,0.0,1.0,1.0,1.0,1.0,1.0,1.0,1.0,0.0,0.0,1.0,3.0,2.9,1.0,0.0,0.0,1.0,3.0,2.7,1.0,0.0,2.7,1.9490254872563717,0.0256410256410256,0.9743589743589745,0.3461538461538461,0.2564102564102564,0.0769230769230769,0.14,2.0,3.0,3.9,2.966666666666667,2.0,1.0,3.0,0.6,3.8333333333333335,0.0,0.0,0.0,1.0,1.0,0.0,2.9,2.6,1.0,2.7,3.0,0.0,2.7,20.0,0.3405272739651415,0.1496264241748139,0.2057725722573074,0.1451652028867102,0.028762713115023,0.0464672358471513,0.1057977720052883,0.2043409767610748,0.1282051282051282,0.0769230769230769,0.0711646544420237,0.1591225166591421,0.1474092683369644,0.0609885305166244,12.658077239990234,0.05,6.800971031188965,,2.0,0.0,1.0,1.0,3.0,0.0,1,1,1.0,0.0,1.0,2.0,0.0,20.0,1.0,4.0,1.0,1.0,1.0,3.0,45.0,0.0,20.0,4.0,10.0,0.0,0.0,0.0,0.0,1.0,1.0,1.0,0.0,1.0,1.0,1.0,0.0,0.0
md58_32,pretest_md58,gc-26-04-Sellers-cross-private-resale-T1-B2C,brief column,Avito_Goods_gc-26-04-Sellers-cross-private-resale-T1-B2C.mp4,/Users/asekorneev/Desktop/Creatives_validation/Avito_Goods_gc-26-04-Sellers-cross-private-resale-T1-B2C.mp4,/Users/asekorneev/outputs/message_delivery_features_20260819/prepared_media/avitogoodsgc2604sellerscrossprivateresalet1b2c.mp4,True,Avito,32,holdout,0.14,0.14,0,0,8.0,0.0,,0.39,/Users/asekorneev/outputs/aipm3_value_context_20260914/sources/promiser_comparison/combo_input.csv,current_saved_target,57.14285714285714,Existing OPM / existing message fraction,False,/Users/asekorneev/outputs/aipm_stability_20260919/human_quality_20260920/targets.csv,/Users/asekorneev/outputs/message_delivery_features_20260819/video_manifest.csv,271f1a3b8c729931f50bd12020d474dee352d6d8369c6f824e160d54d14a4070,gc2604sellerscrossprivateresalet1b2c,271f1a3b8c729931f50bd12020d474dee352d6d8369c6f824e160d54d14a4070,271f1a3b8c729931f50bd12020d474dee352d6d8369c6f824e160d54d14a4070,Other,Other,md58_32,32,current 10 full runs,2.0,2.0,1.0,3.0,3.0,1.0,4.0,3.8333333333333335,0.8999999999999998,3.0,3.0,1.0,2.0,2.0,1.0,1.0,1.0,1.0,3.0,3.0,1.0,1.0,0.5,1.0,4.0,4.0,1.0,0.0,0.0,1.0,0.0,0.0,1.0,0.0,0.0,1.0,1.0,1.0,1.0,1.0,1.0,1.0,0.0,0.0,1.0,3.0,2.933333333333333,0.9666666666666666,0.0,0.0,1.0,3.0,3.0,1.0,0.0,3.0,1.9490254872563717,0.0769230769230768,0.9230769230769232,0.2692307692307692,0.3205128205128205,0.1025641025641025,0.14,2.0,3.0,3.8333333333333335,3.0,2.0,1.0,3.0,0.5,4.0,0.0,0.0,0.0,1.0,1.0,0.0,2.933333333333333,2.533333333333333,1.0,2.8,3.0,0.0,3.0,20.0,0.3405272739651415,0.1496264241748139,0.2057725722573074,0.1451652028867102,0.028762713115023,0.0464672358471513,0.1057977720052883,0.2043409767610748,0.1282051282051282,0.0769230769230769,0.0711646544420237,0.1591225166591421,0.1474092683369644,0.0609885305166244,12.658077239990234,0.05,6.800971031188965,,2.0,0.0,1.0,1.0,3.0,0.0,2,2,1.0,0.0,1.0,2.0,0.0,20.0,1.0,4.0,1.0,1.0,1.0,3.0,45.0,0.0,20.0,4.0,10.0,0.0,1.0,0.0,0.0,1.0,0.0,1.0,0.0,1.0,1.0,1.0,0.0,0.0
md58_32,pretest_md58,gc-26-04-Sellers-cross-private-resale-T1-B2C,brief column,Avito_Goods_gc-26-04-Sellers-cross-private-resale-T1-B2C.mp4,/Users/asekorneev/Desktop/Creatives_validation/Avito_Goods_gc-26-04-Sellers-cross-private-resale-T1-B2C.mp4,/Users/asekorneev/outputs/message_delivery_features_20260819/prepared_media/avitogoodsgc2604sellerscrossprivateresalet1b2c.mp4,True,Avito,32,holdout,0.14,0.14,0,0,8.0,0.0,,0.39,/Users/asekorneev/outputs/aipm3_value_context_20260914/sources/promiser_comparison/combo_input.csv,current_saved_target,57.14285714285714,Existing OPM / existing message fraction,False,/Users/asekorneev/outputs/aipm_stability_20260919/human_quality_20260920/targets.csv,/Users/asekorneev/outputs/message_delivery_features_20260819/video_manifest.csv,271f1a3b8c729931f50bd12020d474dee352d6d8369c6f824e160d54d14a4070,gc2604sellerscrossprivateresalet1b2c,271f1a3b8c729931f50bd12020d474dee352d6d8369c6f824e160d54d14a4070,271f1a3b8c729931f50bd12020d474dee352d6d8369c6f824e160d54d14a4070,Other,Other,md58_32,32,current 10 full runs,2.0,2.0,1.0,3.0,3.0,1.0,4.0,3.8666666666666663,0.9333333333333332,3.0,3.0,1.0,2.0,2.0,1.0,1.0,1.0,1.0,3.0,3.0,1.0,1.0,0.8,1.0,4.0,3.966666666666667,0.9666666666666666,0.0,0.0,1.0,0.0,0.0,1.0,0.0,0.0,1.0,1.0,0.9666666666666668,0.9666666666666666,1.0,1.0,1.0,0.0,0.1,0.9333333333333332,3.0,2.933333333333333,0.9666666666666666,0.0,0.0,1.0,3.0,2.6,1.0,0.0,2.6,1.9490254872563717,0.1025641025641025,0.8974358974358975,0.2692307692307692,0.3461538461538461,0.2051282051282051,0.14,2.0,3.0,3.8666666666666663,3.0,2.0,1.0,3.0,0.8,3.966666666666667,0.0,0.0,0.0,0.9666666666666668,1.0,0.1,2.933333333333333,2.533333333333333,1.0,2.566666666666667,3.0,0.0,2.6,20.0,0.3405272739651415,0.1496264241748139,0.2057725722573074,0.1451652028867102,0.028762713115023,0.0464672358471513,0.1057977720052883,0.2043409767610748,0.1282051282051282,0.0769230769230769,0.0711646544420237,0.1591225166591421,0.1474092683369644,0.0609885305166244,12.658077239990234,0.05,6.800971031188965,,2.0,0.0,1.0,1.0,3.0,0.0,3,3,1.0,0.0,1.0,2.0,0.0,20.0,1.0,4.0,1.0,1.0,1.0,3.0,45.0,0.0,20.0,4.0,10.0,0.0,0.0,0.0,0.0,1.0,1.0,1.0,0.0,1.0,1.0,1.0,0.0,0.0
md58_32,pretest_md58,gc-26-04-Sellers-cross-private-resale-T1-B2C,brief column,Avito_Goods_gc-26-04-Sellers-cross-private-resale-T1-B2C.mp4,/Users/asekorneev/Desktop/Creatives_validation/Avito_Goods_gc-26-04-Sellers-cross-private-resale-T1-B2C.mp4,/Users/asekorneev/outputs/message_delivery_features_20260819/prepared_media/avitogoodsgc2604sellerscrossprivateresalet1b2c.mp4,True,Avito,32,holdout,0.14,0.14,0,0,8.0,0.0,,0.39,/Users/asekorneev/outputs/aipm3_value_context_20260914/sources/promiser_comparison/combo_input.csv,current_saved_target,57.14285714285714,Existing OPM / existing message fraction,False,/Users/asekorneev/outputs/aipm_stability_20260919/human_quality_20260920/targets.csv,/Users/asekorneev/outputs/message_delivery_features_20260819/video_manifest.csv,271f1a3b8c729931f50bd12020d474dee352d6d8369c6f824e160d54d14a4070,gc2604sellerscrossprivateresalet1b2c,271f1a3b8c729931f50bd12020d474dee352d6d8369c6f824e160d54d14a4070,271f1a3b8c729931f50bd12020d474dee352d6d8369c6f824e160d54d14a4070,Other,Other,md58_32,32,current 10 full runs,2.0,2.0,1.0,3.0,3.0,1.0,4.0,3.8666666666666663,0.9333333333333332,3.0,3.0,1.0,2.0,2.0,1.0,1.0,1.0,1.0,3.0,3.0,1.0,1.0,0.6,1.0,4.0,3.966666666666667,0.9666666666666666,0.0,0.1,1.0,0.0,0.0,1.0,0.0,0.0,1.0,1.0,1.0,1.0,1.0,1.0,1.0,0.0,0.0666666666666666,0.9333333333333332,3.0,2.933333333333333,0.9666666666666666,0.0,0.0,1.0,3.0,2.8,1.0,0.0,2.8,1.9490254872563717,0.0512820512820512,0.9487179487179488,0.2692307692307692,0.3333333333333333,0.0769230769230769,0.14,2.0,3.0,3.8666666666666663,3.0,2.0,1.0,3.0,0.6,3.966666666666667,0.1,0.0,0.0,1.0,1.0,0.0666666666666666,2.933333333333333,2.966666666666667,0.9666666666666668,2.9,3.0,0.0,2.8,20.0,0.3405272739651415,0.1496264241748139,0.2057725722573074,0.1451652028867102,0.028762713115023,0.0464672358471513,0.1057977720052883,0.2043409767610748,0.1282051282051282,0.0769230769230769,0.0711646544420237,0.1591225166591421,0.1474092683369644,0.0609885305166244,12.658077239990234,0.05,6.800971031188965,,2.0,0.0,1.0,1.0,3.0,0.0,4,4,1.0,0.0,1.0,2.0,0.0,20.0,1.0,4.0,1.0,1.0,1.0,3.0,45.0,0.0,20.0,4.0,10.0,0.0,1.0,0.0,0.0,1.0,0.0,1.0,0.0,1.0,1.0,1.0,0.0,0.0
md58_32,pretest_md58,gc-26-04-Sellers-cross-private-resale-T1-B2C,brief column,Avito_Goods_gc-26-04-Sellers-cross-private-resale-T1-B2C.mp4,/Users/asekorneev/Desktop/Creatives_validation/Avito_Goods_gc-26-04-Sellers-cross-private-resale-T1-B2C.mp4,/Users/asekorneev/outputs/message_delivery_features_20260819/prepared_media/avitogoodsgc2604sellerscrossprivateresalet1b2c.mp4,True,Avito,32,holdout,0.14,0.14,0,0,8.0,0.0,,0.39,/Users/asekorneev/outputs/aipm3_value_context_20260914/sources/promiser_comparison/combo_input.csv,current_saved_target,57.14285714285714,Existing OPM / existing message fraction,False,/Users/asekorneev/outputs/aipm_stability_20260919/human_quality_20260920/targets.csv,/Users/asekorneev/outputs/message_delivery_features_20260819/video_manifest.csv,271f1a3b8c729931f50bd12020d474dee352d6d8369c6f824e160d54d14a4070,gc2604sellerscrossprivateresalet1b2c,271f1a3b8c729931f50bd12020d474dee352d6d8369c6f824e160d54d14a4070,271f1a3b8c729931f50bd12020d474dee352d6d8369c6f824e160d54d14a4070,Other,Other,md58_32,32,current 10 full runs,2.0,2.0,1.0,3.0,3.0,1.0,4.0,3.7333333333333334,0.8666666666666666,3.0,3.0,1.0,2.0,2.0,1.0,1.0,1.0,1.0,3.0,3.0,1.0,1.0,0.6,1.0,4.0,3.966666666666667,0.9666666666666666,0.0,0.0,1.0,0.0,0.0,1.0,0.0,0.0,1.0,1.0,0.9666666666666668,0.9666666666666666,1.0,1.0,1.0,0.0,0.0333333333333333,0.9666666666666666,3.0,2.933333333333333,0.9666666666666666,0.0,0.0,1.0,3.0,2.7333333333333334,0.9666666666666666,0.0,2.7333333333333334,1.9490254872563717,0.1025641025641025,0.8974358974358975,0.2692307692307692,0.3205128205128205,0.1538461538461538,0.14,2.0,3.0,3.7333333333333334,3.0,2.0,1.0,3.0,0.6,3.966666666666667,0.0,0.0,0.0,0.9666666666666668,1.0,0.0333333333333333,2.933333333333333,2.8666666666666667,0.9666666666666668,2.8666666666666667,3.0,0.0,2.7333333333333334,20.0,0.3405272739651415,0.1496264241748139,0.2057725722573074,0.1451652028867102,0.028762713115023,0.0464672358471513,0.1057977720052883,0.2043409767610748,0.1282051282051282,0.0769230769230769,0.0711646544420237,0.1591225166591421,0.1474092683369644,0.0609885305166244,12.658077239990234,0.05,6.800971031188965,,2.0,0.0,1.0,1.0,3.0,0.0,5,5,1.0,0.0,1.0,2.0,0.0,20.0,1.0,4.0,1.0,1.0,1.0,3.0,45.0,0.0,20.0,4.0,10.0,0.0,0.0,0.0,0.0,1.0,1.0,1.0,0.0,1.0,1.0,1.0,0.0,0.0
md58_32,pretest_md58,gc-26-04-Sellers-cross-private-resale-T1-B2C,brief column,Avito_Goods_gc-26-04-Sellers-cross-private-resale-T1-B2C.mp4,/Users/asekorneev/Desktop/Creatives_validation/Avito_Goods_gc-26-04-Sellers-cross-private-resale-T1-B2C.mp4,/Users/asekorneev/outputs/message_delivery_features_20260819/prepared_media/avitogoodsgc2604sellerscrossprivateresalet1b2c.mp4,True,Avito,32,holdout,0.14,0.14,0,0,8.0,0.0,,0.39,/Users/asekorneev/outputs/aipm3_value_context_20260914/sources/promiser_comparison/combo_input.csv,current_saved_target,57.14285714285714,Existing OPM / existing message fraction,False,/Users/asekorneev/outputs/aipm_stability_20260919/human_quality_20260920/targets.csv,/Users/asekorneev/outputs/message_delivery_features_20260819/video_manifest.csv,271f1a3b8c729931f50bd12020d474dee352d6d8369c6f824e160d54d14a4070,gc2604sellerscrossprivateresalet1b2c,271f1a3b8c729931f50bd12020d474dee352d6d8369c6f824e160d54d14a4070,271f1a3b8c729931f50bd12020d474dee352d6d8369c6f824e160d54d14a4070,Other,Other,md58_32,32,current 10 full runs,2.0,2.0,1.0,3.0,2.933333333333333,0.9666666666666666,4.0,3.8,0.8999999999999998,3.0,3.0,1.0,2.0,2.0,1.0,1.0,1.0,1.0,3.0,3.0,1.0,0.0,0.3,1.0,4.0,3.9,0.9333333333333332,0.0,0.0,1.0,0.0,0.0,1.0,0.0,0.0,1.0,1.0,0.9666666666666668,0.9666666666666666,1.0,1.0,1.0,0.0,0.0333333333333333,0.9666666666666666,3.0,2.8333333333333335,0.9666666666666666,0.0,0.0,1.0,3.0,2.8666666666666667,0.9333333333333332,0.0,2.8666666666666667,1.9490254872563717,0.0769230769230769,0.9230769230769232,0.2692307692307692,0.2948717948717949,0.1025641025641025,0.14,2.0,2.933333333333333,3.8,3.0,2.0,1.0,3.0,0.3,3.9,0.0,0.0,0.0,0.9666666666666668,1.0,0.0333333333333333,2.8333333333333335,2.6333333333333333,1.0,2.7333333333333334,2.933333333333333,0.0,2.8666666666666667,20.0,0.3405272739651415,0.1496264241748139,0.2057725722573074,0.1451652028867102,0.028762713115023,0.0464672358471513,0.1057977720052883,0.2043409767610748,0.1282051282051282,0.0769230769230769,0.0711646544420237,0.1591225166591421,0.1474092683369644,0.0609885305166244,12.658077239990234,0.05,6.800971031188965,,2.0,0.0,1.0,1.0,3.0,0.0,6,6,1.0,0.0,1.0,2.0,0.0,20.0,1.0,4.0,1.0,1.0,1.0,3.0,45.0,0.0,20.0,4.0,10.0,0.0,0.0,0.0,0.0,1.0,1.0,1.0,0.0,1.0,1.0,1.0,0.0,0.0
md58_32,pretest_md58,gc-26-04-Sellers-cross-private-resale-T1-B2C,brief column,Avito_Goods_gc-26-04-Sellers-cross-private-resale-T1-B2C.mp4,/Users/asekorneev/Desktop/Creatives_validation/Avito_Goods_gc-26-04-Sellers-cross-private-resale-T1-B2C.mp4,/Users/asekorneev/outputs/message_delivery_features_20260819/prepared_media/avitogoodsgc2604sellerscrossprivateresalet1b2c.mp4,True,Avito,32,holdout,0.14,0.14,0,0,8.0,0.0,,0.39,/Users/asekorneev/outputs/aipm3_value_context_20260914/sources/promiser_comparison/combo_input.csv,current_saved_target,57.14285714285714,Existing OPM / existing message fraction,False,/Users/asekorneev/outputs/aipm_stability_20260919/human_quality_20260920/targets.csv,/Users/asekorneev/outputs/message_delivery_features_20260819/video_manifest.csv,271f1a3b8c729931f50bd12020d474dee352d6d8369c6f824e160d54d14a4070,gc2604sellerscrossprivateresalet1b2c,271f1a3b8c729931f50bd12020d474dee352d6d8369c6f824e160d54d14a4070,271f1a3b8c729931f50bd12020d474dee352d6d8369c6f824e160d54d14a4070,Other,Other,md58_32,32,current 10 full runs,2.0,2.0,1.0,3.0,3.0,1.0,4.0,3.8666666666666663,0.8666666666666666,3.0,3.0,1.0,2.0,2.0,1.0,1.0,0.9,1.0,3.0,3.0,1.0,1.0,0.8,1.0,4.0,3.8,1.0,0.0,0.2,1.0,0.0,0.0,1.0,0.0,0.0,1.0,1.0,0.9666666666666668,0.9666666666666666,1.0,1.0,1.0,0.0,0.0,1.0,3.0,2.933333333333333,0.9666666666666666,0.0,0.0,1.0,3.0,2.7666666666666666,0.9666666666666666,0.0,2.7666666666666666,1.9490254872563717,0.0769230769230769,0.9230769230769232,0.2692307692307692,0.3205128205128205,0.1025641025641025,0.14,2.0,3.0,3.8666666666666663,3.0,2.0,0.9,3.0,0.8,3.8,0.2,0.0,0.0,0.9666666666666668,1.0,0.0,2.933333333333333,2.6666666666666665,1.0,2.966666666666667,3.0,0.0,2.7666666666666666,20.0,0.3405272739651415,0.1496264241748139,0.2057725722573074,0.1451652028867102,0.028762713115023,0.0464672358471513,0.1057977720052883,0.2043409767610748,0.1282051282051282,0.0769230769230769,0.0711646544420237,0.1591225166591421,0.1474092683369644,0.0609885305166244,12.658077239990234,0.05,6.800971031188965,,2.0,0.0,1.0,1.0,3.0,0.0,7,7,1.0,0.0,1.0,2.0,0.0,20.0,1.0,4.0,1.0,1.0,1.0,3.0,45.0,0.0,20.0,4.0,10.0,0.0,1.0,0.0,0.0,1.0,0.0,1.0,0.0,1.0,1.0,1.0,0.0,0.0
md58_32,pretest_md58,gc-26-04-Sellers-cross-private-resale-T1-B2C,brief column,Avito_Goods_gc-26-04-Sellers-cross-private-resale-T1-B2C.mp4,/Users/asekorneev/Desktop/Creatives_validation/Avito_Goods_gc-26-04-Sellers-cross-private-resale-T1-B2C.mp4,/Users/asekorneev/outputs/message_delivery_features_20260819/prepared_media/avitogoodsgc2604sellerscrossprivateresalet1b2c.mp4,True,Avito,32,holdout,0.14,0.14,0,0,8.0,0.0,,0.39,/Users/asekorneev/outputs/aipm3_value_context_20260914/sources/promiser_comparison/combo_input.csv,current_saved_target,57.14285714285714,Existing OPM / existing message fraction,False,/Users/asekorneev/outputs/aipm_stability_20260919/human_quality_20260920/targets.csv,/Users/asekorneev/outputs/message_delivery_features_20260819/video_manifest.csv,271f1a3b8c729931f50bd12020d474dee352d6d8369c6f824e160d54d14a4070,gc2604sellerscrossprivateresalet1b2c,271f1a3b8c729931f50bd12020d474dee352d6d8369c6f824e160d54d14a4070,271f1a3b8c729931f50bd12020d474dee352d6d8369c6f824e160d54d14a4070,Other,Other,md58_32,32,current 10 full runs,2.0,2.0,1.0,3.0,3.0,1.0,4.0,3.8666666666666663,0.9333333333333332,3.0,3.0,1.0,2.0,2.0,1.0,1.0,1.0,1.0,3.0,3.0,1.0,1.0,0.6,1.0,4.0,4.0,1.0,0.0,0.0,1.0,0.0,0.0,1.0,0.0,0.0,1.0,1.0,1.0,1.0,1.0,1.0,1.0,0.0,0.0,1.0,3.0,3.0,1.0,0.0,0.0,1.0,3.0,2.8,1.0,0.0,2.8,1.9490254872563717,0.0769230769230769,0.9230769230769232,0.2692307692307692,0.358974358974359,0.0769230769230769,0.14,2.0,3.0,3.8666666666666663,3.0,2.0,1.0,3.0,0.6,4.0,0.0,0.0,0.0,1.0,1.0,0.0,3.0,2.7,1.0,2.8333333333333335,3.0,0.0,2.8,20.0,0.3405272739651415,0.1496264241748139,0.2057725722573074,0.1451652028867102,0.028762713115023,0.0464672358471513,0.1057977720052883,0.2043409767610748,0.1282051282051282,0.0769230769230769,0.0711646544420237,0.1591225166591421,0.1474092683369644,0.0609885305166244,12.658077239990234,0.05,6.800971031188965,,2.0,0.0,1.0,1.0,3.0,0.0,8,8,1.0,0.0,1.0,2.0,0.0,20.0,1.0,4.0,1.0,1.0,1.0,3.0,45.0,0.0,20.0,4.0,10.0,0.0,0.0,0.0,0.0,1.0,1.0,1.0,0.0,1.0,1.0,1.0,0.0,0.0
md58_32,pretest_md58,gc-26-04-Sellers-cross-private-resale-T1-B2C,brief column,Avito_Goods_gc-26-04-Sellers-cross-private-resale-T1-B2C.mp4,/Users/asekorneev/Desktop/Creatives_validation/Avito_Goods_gc-26-04-Sellers-cross-private-resale-T1-B2C.mp4,/Users/asekorneev/outputs/message_delivery_features_20260819/prepared_media/avitogoodsgc2604sellerscrossprivateresalet1b2c.mp4,True,Avito,32,holdout,0.14,0.14,0,0,8.0,0.0,,0.39,/Users/asekorneev/outputs/aipm3_value_context_20260914/sources/promiser_comparison/combo_input.csv,current_saved_target,57.14285714285714,Existing OPM / existing message fraction,False,/Users/asekorneev/outputs/aipm_stability_20260919/human_quality_20260920/targets.csv,/Users/asekorneev/outputs/message_delivery_features_20260819/video_manifest.csv,271f1a3b8c729931f50bd12020d474dee352d6d8369c6f824e160d54d14a4070,gc2604sellerscrossprivateresalet1b2c,271f1a3b8c729931f50bd12020d474dee352d6d8369c6f824e160d54d14a4070,271f1a3b8c729931f50bd12020d474dee352d6d8369c6f824e160d54d14a4070,Other,Other,md58_32,32,current 10 full runs,2.0,2.0,1.0,3.0,3.0,1.0,4.0,3.7,0.8333333333333334,3.0,3.0,1.0,2.0,2.0,1.0,1.0,1.0,1.0,3.0,3.0,1.0,1.0,0.8,1.0,4.0,3.7666666666666666,0.9666666666666666,0.0,0.0,1.0,0.0,0.0,1.0,0.0,0.0,1.0,1.0,1.0,1.0,1.0,1.0,1.0,0.0,0.0,1.0,3.0,2.8333333333333335,0.9666666666666666,0.0,0.0,1.0,3.0,2.7,0.9333333333333332,0.0,2.7,1.9490254872563717,0.0769230769230769,0.9230769230769232,0.2692307692307692,0.3717948717948718,0.2051282051282051,0.14,2.0,3.0,3.7,3.0,2.0,1.0,3.0,0.8,3.7666666666666666,0.0,0.0,0.0,1.0,1.0,0.0,2.8333333333333335,2.566666666666667,1.0,2.7333333333333334,3.0,0.0,2.7,20.0,0.3405272739651415,0.1496264241748139,0.2057725722573074,0.1451652028867102,0.028762713115023,0.0464672358471513,0.1057977720052883,0.2043409767610748,0.1282051282051282,0.0769230769230769,0.0711646544420237,0.1591225166591421,0.1474092683369644,0.0609885305166244,12.658077239990234,0.05,6.800971031188965,,2.0,0.0,1.0,1.0,3.0,0.0,9,9,1.0,0.0,1.0,2.0,0.0,20.0,1.0,4.0,1.0,1.0,1.0,3.0,45.0,0.0,20.0,4.0,10.0,0.0,1.0,0.0,0.0,1.0,0.0,1.0,0.0,1.0,1.0,1.0,0.0,0.0
md58_32,pretest_md58,gc-26-04-Sellers-cross-private-resale-T1-B2C,brief column,Avito_Goods_gc-26-04-Sellers-cross-private-resale-T1-B2C.mp4,/Users/asekorneev/Desktop/Creatives_validation/Avito_Goods_gc-26-04-Sellers-cross-private-resale-T1-B2C.mp4,/Users/asekorneev/outputs/message_delivery_features_20260819/prepared_media/avitogoodsgc2604sellerscrossprivateresalet1b2c.mp4,True,Avito,32,holdout,0.14,0.14,0,0,8.0,0.0,,0.39,/Users/asekorneev/outputs/aipm3_value_context_20260914/sources/promiser_comparison/combo_input.csv,current_saved_target,57.14285714285714,Existing OPM / existing message fraction,False,/Users/asekorneev/outputs/aipm_stability_20260919/human_quality_20260920/targets.csv,/Users/asekorneev/outputs/message_delivery_features_20260819/video_manifest.csv,271f1a3b8c729931f50bd12020d474dee352d6d8369c6f824e160d54d14a4070,gc2604sellerscrossprivateresalet1b2c,271f1a3b8c729931f50bd12020d474dee352d6d8369c6f824e160d54d14a4070,271f1a3b8c729931f50bd12020d474dee352d6d8369c6f824e160d54d14a4070,Other,Other,md58_32,32,current 10 full runs,2.0,2.0,1.0,3.0,3.0,1.0,4.0,3.8333333333333335,0.8999999999999998,3.0,3.0,1.0,2.0,2.0,1.0,1.0,1.0,1.0,3.0,3.0,1.0,1.0,0.5,1.0,4.0,3.8,1.0,0.0,0.0,1.0,0.0,0.0,1.0,0.0,0.0,1.0,1.0,1.0,1.0,1.0,1.0,1.0,0.0,0.0,1.0,3.0,2.8666666666666667,0.9333333333333332,0.0,0.0,1.0,3.0,2.8666666666666667,0.9333333333333332,0.0,2.8666666666666667,1.9490254872563717,0.0512820512820512,0.9487179487179488,0.2692307692307692,0.3333333333333333,0.0769230769230769,0.14,2.0,3.0,3.8333333333333335,3.0,2.0,1.0,3.0,0.5,3.8,0.0,0.0,0.0,1.0,1.0,0.0,2.8666666666666667,2.5,1.0,2.6666666666666665,3.0,0.0,2.8666666666666667,20.0,0.3405272739651415,0.1496264241748139,0.2057725722573074,0.1451652028867102,0.028762713115023,0.0464672358471513,0.1057977720052883,0.2043409767610748,0.1282051282051282,0.0769230769230769,0.0711646544420237,0.1591225166591421,0.1474092683369644,0.0609885305166244,12.658077239990234,0.05,6.800971031188965,,2.0,0.0,1.0,1.0,3.0,0.0,10,10,1.0,0.0,1.0,2.0,0.0,20.0,1.0,4.0,1.0,1.0,1.0,3.0,45.0,0.0,20.0,4.0,10.0,0.0,1.0,0.0,0.0,1.0,0.0,1.0,0.0,1.0,1.0,1.0,0.0,0.0
md58_33,pretest_md58,Avito_Goods_gс-25-11-CC-November-BIG-SALE-T1-2C,brief column,Avito_Goods_gс-25-11-CC-November-BIG-SALE-T1-2C.AVI,/Users/asekorneev/Desktop/Creatives_validation/Avito_Goods_gс-25-11-CC-November-BIG-SALE-T1-2C.AVI,/Users/asekorneev/outputs/message_delivery_features_20260819/prepared_media/avitogoodsgс2511ccnovemberbigsalet12c.mp4,True,Avito,33,train,0.41,0.41,2,2,14.0,2.0,0.0447,0.29,/Users/asekorneev/outputs/aipm3_value_context_20260914/sources/promiser_comparison/combo_input.csv,current_saved_target,34.146341463414636,Existing OPM / existing message fraction,False,/Users/asekorneev/outputs/aipm_stability_20260919/human_quality_20260920/targets.csv,/Users/asekorneev/outputs/message_delivery_features_20260819/video_manifest.csv,07126f6e08c2dfbcf4e150806faafd435f6d95063df8881abc6bd5b3a8f03d7a,avitogoodsgc2511ccnovemberbigsalet12c,07126f6e08c2dfbcf4e150806faafd435f6d95063df8881abc6bd5b3a8f03d7a,07126f6e08c2dfbcf4e150806faafd435f6d95063df8881abc6bd5b3a8f03d7a,Goods,Goods,md58_33,33,current 10 full runs,2.0,2.2666666666666666,0.8333333333333334,2.0,2.2666666666666666,0.8333333333333334,3.0,3.1666666666666665,0.8333333333333334,2.0,2.033333333333333,0.8,2.0,1.5333333333333334,0.8999999999999998,1.0,1.0,1.0,3.0,2.966666666666667,0.9666666666666666,1.0,0.5666666666666667,0.8333333333333334,3.0,3.3333333333333335,0.8333333333333334,1.0,1.2333333333333334,0.8666666666666666,1.0,1.0666666666666669,0.9333333333333332,1.0,0.5,0.9333333333333332,1.0,0.8,0.8333333333333334,1.0,1.0,1.0,1.0,0.7,0.8666666666666666,2.0,2.1,0.8333333333333334,1.0,0.9666666666666668,0.9666666666666666,2.0,2.3,0.8333333333333333,1.0,2.3,1.720647773279352,0.0769230769230769,0.9230769230769232,0.2692307692307692,0.1923076923076923,0.2564102564102564,0.41,2.2666666666666666,2.2666666666666666,3.1666666666666665,2.033333333333333,1.5333333333333334,1.0,2.966666666666667,0.5666666666666667,3.3333333333333335,1.2333333333333334,1.0666666666666669,0.5,0.8,1.0,0.7,2.1,3.0,1.0,2.2666666666666666,2.2,0.9666666666666668,2.3,20.0,0.2268765227850399,0.1555178411190165,0.1638498028599408,0.0638199142156862,0.0216008384679309,0.0248364842619817,0.1068988254846097,0.1878363289760349,0.1025641025641025,0.1025641025641025,0.0294125816993463,0.0799277340225212,0.0462514070442992,0.0345611684024333,17.712575912475586,0.1218274111675127,7.360627174377441,,2.0,1.0,1.0,1.0,2.0,0.0,1,1,1.0,1.0,0.0,2.0,1.0,19.0,2.0,4.0,4.0,3.0,6.0,4.0,34.0,1.0,4.0,4.0,0.0,3.0,0.0,0.0,0.0,1.0,0.0,0.0,0.0,0.0,1.0,1.0,1.0,0.0
md58_34,pretest_md58,Avito_Job_jc-24-01-General-Find_your_place-T1-B2C,video filename; not an independently verified brief,Avito_Job_jc-24-01-General-Find_your_place-T1-B2C.AVI,/Users/asekorneev/Desktop/Creatives_validation/Avito_Job_jc-24-01-General-Find_your_place-T1-B2C.AVI,/Users/asekorneev/outputs/message_delivery_features_20260819/prepared_media/avitojobjc2401generalfindyourplacet1b2c.mp4,True,Avito,34,train,0.19,0.19,0,0,6.0,0.0,,,/Users/asekorneev/outputs/aipm3_value_context_20260914/sources/promiser_comparison/combo_input.csv,current_saved_target,31.57894736842105,Existing OPM / existing message fraction,False,/Users/asekorneev/outputs/aipm_stability_20260919/human_quality_20260920/targets.csv,/Users/asekorneev/outputs/message_delivery_features_20260819/video_manifest.csv,adaaef39a367b212707dff76f70524ec784a8c91b07534392ca53cefce8d3c3b,avitojobjc2401generalfindyourplacet1b2c,adaaef39a367b212707dff76f70524ec784a8c91b07534392ca53cefce8d3c3b,adaaef39a367b212707dff76f70524ec784a8c91b07534392ca53cefce8d3c3b,Jobs,JobsCore,md58_34,34,current 10 full runs,2.0,2.3,1.0,3.0,2.9,1.0,4.0,4.0,1.0,3.0,3.0,1.0,3.0,3.033333333333333,0.9666666666666666,0.0,0.0,1.0,3.0,3.0,1.0,0.0,0.0,1.0,3.0,3.1,1.0,2.0,2.3,1.0,0.0,0.0,1.0,0.0,0.0,1.0,1.0,1.0333333333333334,0.9666666666666666,0.0,0.0,1.0,2.0,2.033333333333333,0.9666666666666666,2.0,2.0,1.0,0.0,0.0,1.0,2.0,2.0,1.0,0.0,2.0,1.9354838709677415,0.0769230769230769,0.9230769230769232,0.1923076923076923,0.0641025641025641,0.0512820512820512,0.19,2.3,2.9,4.0,3.0,3.033333333333333,0.0,3.0,0.0,3.1,2.3,0.0,0.0,1.0333333333333334,0.0,2.033333333333333,2.0,2.8,1.0,2.9,2.9,0.0,2.0,25.0,0.4018532824981843,0.1410951046381243,0.1978559573425355,0.0996830392156862,0.026179850570526,0.0357159594120156,0.1161641267618158,0.1991093137254902,0.1020408163265306,0.0,0.1060067628903413,0.1744293314127376,0.0989100399419027,0.0399175621569156,12.435853958129885,0.0241935483870967,7.912782669067383,,1.0,0.0,1.0,1.0,2.0,0.0,1,1,0.0,0.0,0.0,2.0,0.0,25.0,2.0,3.0,4.0,4.0,4.0,5.0,45.0,0.0,25.0,3.0,0.0,3.0,0.0,0.0,0.0,0.0,0.0,1.0,0.0,1.0,0.0,0.0,0.0,0.0
md58_34,pretest_md58,Avito_Job_jc-24-01-General-Find_your_place-T1-B2C,video filename; not an independently verified brief,Avito_Job_jc-24-01-General-Find_your_place-T1-B2C.AVI,/Users/asekorneev/Desktop/Creatives_validation/Avito_Job_jc-24-01-General-Find_your_place-T1-B2C.AVI,/Users/asekorneev/outputs/message_delivery_features_20260819/prepared_media/avitojobjc2401generalfindyourplacet1b2c.mp4,True,Avito,34,train,0.19,0.19,0,0,6.0,0.0,,,/Users/asekorneev/outputs/aipm3_value_context_20260914/sources/promiser_comparison/combo_input.csv,current_saved_target,31.57894736842105,Existing OPM / existing message fraction,False,/Users/asekorneev/outputs/aipm_stability_20260919/human_quality_20260920/targets.csv,/Users/asekorneev/outputs/message_delivery_features_20260819/video_manifest.csv,adaaef39a367b212707dff76f70524ec784a8c91b07534392ca53cefce8d3c3b,avitojobjc2401generalfindyourplacet1b2c,adaaef39a367b212707dff76f70524ec784a8c91b07534392ca53cefce8d3c3b,adaaef39a367b212707dff76f70524ec784a8c91b07534392ca53cefce8d3c3b,Jobs,JobsCore,md58_34,34,current 10 full runs,2.0,2.433333333333333,0.9333333333333332,3.0,2.9,1.0,4.0,4.0,1.0,3.0,3.0,1.0,3.0,3.033333333333333,0.9666666666666666,0.0,0.0,1.0,3.0,3.0,1.0,0.0,0.0,1.0,3.0,3.033333333333333,0.9666666666666666,3.0,2.6,1.0,0.0,0.0,1.0,0.0,0.0,1.0,1.0,1.0333333333333334,0.9666666666666666,0.0,0.0,1.0,2.0,1.8333333333333333,0.9666666666666666,2.0,2.033333333333333,0.9666666666666666,0.0,0.0,1.0,2.0,2.033333333333333,0.9666666666666666,0.0,2.033333333333333,1.9354838709677415,0.0769230769230768,0.9230769230769232,0.1923076923076923,0.1666666666666666,0.1538461538461538,0.19,2.433333333333333,2.9,4.0,3.0,3.033333333333333,0.0,3.0,0.0,3.033333333333333,2.6,0.0,0.0,1.0333333333333334,0.0,1.8333333333333333,2.033333333333333,3.4,1.0,2.8,2.9,0.0,2.033333333333333,25.0,0.4018532824981843,0.1410951046381243,0.1978559573425355,0.0996830392156862,0.026179850570526,0.0357159594120156,0.1161641267618158,0.1991093137254902,0.1020408163265306,0.0,0.1060067628903413,0.1744293314127376,0.0989100399419027,0.0399175621569156,12.435853958129885,0.0241935483870967,7.912782669067383,,1.0,0.0,1.0,1.0,2.0,0.0,2,2,0.0,0.0,0.0,2.0,0.0,25.0,2.0,4.0,4.0,4.0,4.0,5.0,45.0,0.0,25.0,2.0,0.0,2.0,0.0,0.0,0.0,0.0,0.0,1.0,0.0,1.0,0.0,0.0,0.0,0.0
md58_34,pretest_md58,Avito_Job_jc-24-01-General-Find_your_place-T1-B2C,video filename; not an independently verified brief,Avito_Job_jc-24-01-General-Find_your_place-T1-B2C.AVI,/Users/asekorneev/Desktop/Creatives_validation/Avito_Job_jc-24-01-General-Find_your_place-T1-B2C.AVI,/Users/asekorneev/outputs/message_delivery_features_20260819/prepared_media/avitojobjc2401generalfindyourplacet1b2c.mp4,True,Avito,34,train,0.19,0.19,0,0,6.0,0.0,,,/Users/asekorneev/outputs/aipm3_value_context_20260914/sources/promiser_comparison/combo_input.csv,current_saved_target,31.57894736842105,Existing OPM / existing message fraction,False,/Users/asekorneev/outputs/aipm_stability_20260919/human_quality_20260920/targets.csv,/Users/asekorneev/outputs/message_delivery_features_20260819/video_manifest.csv,adaaef39a367b212707dff76f70524ec784a8c91b07534392ca53cefce8d3c3b,avitojobjc2401generalfindyourplacet1b2c,adaaef39a367b212707dff76f70524ec784a8c91b07534392ca53cefce8d3c3b,adaaef39a367b212707dff76f70524ec784a8c91b07534392ca53cefce8d3c3b,Jobs,JobsCore,md58_34,34,current 10 full runs,3.0,2.5,1.0,3.0,3.0,1.0,4.0,4.0,1.0,3.0,3.0,1.0,3.0,3.1,1.0,0.0,0.0,1.0,3.0,3.0,1.0,0.0,0.0,1.0,3.0,3.2,1.0,3.0,2.8,1.0,0.0,0.0,1.0,0.0,0.0,1.0,1.0,1.0,1.0,0.0,0.0,1.0,2.0,2.1,1.0,2.0,2.0,1.0,0.0,0.0,1.0,2.0,2.0,1.0,0.0,2.0,1.9354838709677415,0.0769230769230768,0.9230769230769232,0.1923076923076923,0.1666666666666666,0.1538461538461538,0.19,2.5,3.0,4.0,3.0,3.1,0.0,3.0,0.0,3.2,2.8,0.0,0.0,1.0,0.0,2.1,2.0,2.9,1.0,3.0,3.0,0.0,2.0,25.0,0.4018532824981843,0.1410951046381243,0.1978559573425355,0.0996830392156862,0.026179850570526,0.0357159594120156,0.1161641267618158,0.1991093137254902,0.1020408163265306,0.0,0.1060067628903413,0.1744293314127376,0.0989100399419027,0.0399175621569156,12.435853958129885,0.0241935483870967,7.912782669067383,,1.0,0.0,1.0,1.0,2.0,0.0,3,3,0.0,0.0,0.0,2.0,0.0,25.0,2.0,4.0,4.0,4.0,4.0,5.0,45.0,0.0,25.0,4.0,0.0,3.0,0.0,0.0,0.0,0.0,0.0,1.0,0.0,1.0,0.0,0.0,0.0,0.0
md58_34,pretest_md58,Avito_Job_jc-24-01-General-Find_your_place-T1-B2C,video filename; not an independently verified brief,Avito_Job_jc-24-01-General-Find_your_place-T1-B2C.AVI,/Users/asekorneev/Desktop/Creatives_validation/Avito_Job_jc-24-01-General-Find_your_place-T1-B2C.AVI,/Users/asekorneev/outputs/message_delivery_features_20260819/prepared_media/avitojobjc2401generalfindyourplacet1b2c.mp4,True,Avito,34,train,0.19,0.19,0,0,6.0,0.0,,,/Users/asekorneev/outputs/aipm3_value_context_20260914/sources/promiser_comparison/combo_input.csv,current_saved_target,31.57894736842105,Existing OPM / existing message fraction,False,/Users/asekorneev/outputs/aipm_stability_20260919/human_quality_20260920/targets.csv,/Users/asekorneev/outputs/message_delivery_features_20260819/video_manifest.csv,adaaef39a367b212707dff76f70524ec784a8c91b07534392ca53cefce8d3c3b,avitojobjc2401generalfindyourplacet1b2c,adaaef39a367b212707dff76f70524ec784a8c91b07534392ca53cefce8d3c3b,adaaef39a367b212707dff76f70524ec784a8c91b07534392ca53cefce8d3c3b,Jobs,JobsCore,md58_34,34,current 10 full runs,2.0,2.4,1.0,3.0,2.933333333333333,0.9666666666666666,4.0,4.0,1.0,3.0,3.0,1.0,3.0,3.1,1.0,0.0,0.0,1.0,3.0,3.0,1.0,0.0,0.0,1.0,3.0,3.2333333333333334,0.9666666666666666,3.0,2.5,1.0,0.0,0.0,1.0,0.0,0.0,1.0,1.0,1.0,1.0,0.0,0.0,1.0,2.0,2.1333333333333333,0.9666666666666666,2.0,2.0,1.0,0.0,0.0,1.0,2.0,2.0,1.0,0.0,2.0,1.9354838709677415,0.0769230769230768,0.9230769230769232,0.1923076923076923,0.0641025641025641,0.0512820512820512,0.19,2.4,2.933333333333333,4.0,3.0,3.1,0.0,3.0,0.0,3.2333333333333334,2.5,0.0,0.0,1.0,0.0,2.1333333333333333,2.0,3.033333333333333,1.0,2.9,2.9,0.0,2.0,25.0,0.4018532824981843,0.1410951046381243,0.1978559573425355,0.0996830392156862,0.026179850570526,0.0357159594120156,0.1161641267618158,0.1991093137254902,0.1020408163265306,0.0,0.1060067628903413,0.1744293314127376,0.0989100399419027,0.0399175621569156,12.435853958129885,0.0241935483870967,7.912782669067383,,1.0,1.0,1.0,1.0,2.0,0.0,4,4,0.0,0.0,0.0,2.0,0.0,25.0,2.0,3.0,4.0,4.0,4.0,5.0,45.0,0.0,25.0,3.0,0.0,3.0,0.0,0.0,0.0,0.0,0.0,1.0,0.0,1.0,0.0,0.0,0.0,0.0
md58_34,pretest_md58,Avito_Job_jc-24-01-General-Find_your_place-T1-B2C,video filename; not an independently verified brief,Avito_Job_jc-24-01-General-Find_your_place-T1-B2C.AVI,/Users/asekorneev/Desktop/Creatives_validation/Avito_Job_jc-24-01-General-Find_your_place-T1-B2C.AVI,/Users/asekorneev/outputs/message_delivery_features_20260819/prepared_media/avitojobjc2401generalfindyourplacet1b2c.mp4,True,Avito,34,train,0.19,0.19,0,0,6.0,0.0,,,/Users/asekorneev/outputs/aipm3_value_context_20260914/sources/promiser_comparison/combo_input.csv,current_saved_target,31.57894736842105,Existing OPM / existing message fraction,False,/Users/asekorneev/outputs/aipm_stability_20260919/human_quality_20260920/targets.csv,/Users/asekorneev/outputs/message_delivery_features_20260819/video_manifest.csv,adaaef39a367b212707dff76f70524ec784a8c91b07534392ca53cefce8d3c3b,avitojobjc2401generalfindyourplacet1b2c,adaaef39a367b212707dff76f70524ec784a8c91b07534392ca53cefce8d3c3b,adaaef39a367b212707dff76f70524ec784a8c91b07534392ca53cefce8d3c3b,Jobs,JobsCore,md58_34,34,current 10 full runs,2.0,2.4,1.0,3.0,2.8,1.0,4.0,4.0,1.0,3.0,3.0,1.0,3.0,3.0,1.0,0.0,0.0,1.0,3.0,3.0,1.0,0.0,0.0,1.0,3.0,3.0,1.0,3.0,2.8,1.0,0.0,0.0,1.0,0.0,0.0,1.0,1.0,1.0,1.0,0.0,0.0,1.0,2.0,1.9,1.0,2.0,2.0,1.0,0.0,0.0,1.0,2.0,2.0,1.0,0.0,2.0,1.9354838709677415,0.0512820512820512,0.9487179487179488,0.1923076923076923,0.0512820512820512,0.0256410256410256,0.19,2.4,2.8,4.0,3.0,3.0,0.0,3.0,0.0,3.0,2.8,0.0,0.0,1.0,0.0,1.9,2.0,2.7,1.0,2.8,2.8,0.0,2.0,25.0,0.4018532824981843,0.1410951046381243,0.1978559573425355,0.0996830392156862,0.026179850570526,0.0357159594120156,0.1161641267618158,0.1991093137254902,0.1020408163265306,0.0,0.1060067628903413,0.1744293314127376,0.0989100399419027,0.0399175621569156,12.435853958129885,0.0241935483870967,7.912782669067383,,1.0,0.0,1.0,1.0,2.0,0.0,5,5,0.0,0.0,0.0,2.0,0.0,25.0,2.0,3.0,4.0,4.0,4.0,5.0,45.0,0.0,25.0,3.0,0.0,3.0,0.0,0.0,0.0,0.0,0.0,1.0,0.0,1.0,0.0,0.0,0.0,0.0
md58_34,pretest_md58,Avito_Job_jc-24-01-General-Find_your_place-T1-B2C,video filename; not an independently verified brief,Avito_Job_jc-24-01-General-Find_your_place-T1-B2C.AVI,/Users/asekorneev/Desktop/Creatives_validation/Avito_Job_jc-24-01-General-Find_your_place-T1-B2C.AVI,/Users/asekorneev/outputs/message_delivery_features_20260819/prepared_media/avitojobjc2401generalfindyourplacet1b2c.mp4,True,Avito,34,train,0.19,0.19,0,0,6.0,0.0,,,/Users/asekorneev/outputs/aipm3_value_context_20260914/sources/promiser_comparison/combo_input.csv,current_saved_target,31.57894736842105,Existing OPM / existing message fraction,False,/Users/asekorneev/outputs/aipm_stability_20260919/human_quality_20260920/targets.csv,/Users/asekorneev/outputs/message_delivery_features_20260819/video_manifest.csv,adaaef39a367b212707dff76f70524ec784a8c91b07534392ca53cefce8d3c3b,avitojobjc2401generalfindyourplacet1b2c,adaaef39a367b212707dff76f70524ec784a8c91b07534392ca53cefce8d3c3b,adaaef39a367b212707dff76f70524ec784a8c91b07534392ca53cefce8d3c3b,Jobs,JobsCore,md58_34,34,current 10 full runs,3.0,2.5,1.0,3.0,3.0,1.0,4.0,4.0,1.0,3.0,3.0,1.0,3.0,3.033333333333333,0.9666666666666666,0.0,0.0,1.0,3.0,3.0,1.0,0.0,0.0,1.0,3.0,3.0,1.0,2.0,2.4,1.0,0.0,0.0,1.0,0.0,0.0,1.0,1.0,1.0333333333333334,0.9666666666666666,0.0,0.0,1.0,2.0,2.033333333333333,0.9666666666666666,2.0,2.0,1.0,0.0,0.0,1.0,2.0,2.0,1.0,0.0,2.0,1.9354838709677415,0.0769230769230768,0.9230769230769232,0.1923076923076923,0.0512820512820512,0.0256410256410256,0.19,2.5,3.0,4.0,3.0,3.033333333333333,0.0,3.0,0.0,3.0,2.4,0.0,0.0,1.0333333333333334,0.0,2.033333333333333,2.0,3.2,1.0,3.0,3.0,0.0,2.0,25.0,0.4018532824981843,0.1410951046381243,0.1978559573425355,0.0996830392156862,0.026179850570526,0.0357159594120156,0.1161641267618158,0.1991093137254902,0.1020408163265306,0.0,0.1060067628903413,0.1744293314127376,0.0989100399419027,0.0399175621569156,12.435853958129885,0.0241935483870967,7.912782669067383,,1.0,0.0,1.0,1.0,2.0,0.0,6,6,0.0,0.0,0.0,2.0,0.0,25.0,2.0,3.0,4.0,4.0,4.0,5.0,45.0,0.0,25.0,3.0,0.0,3.0,0.0,0.0,0.0,0.0,0.0,1.0,0.0,1.0,0.0,0.0,0.0,0.0
md58_34,pretest_md58,Avito_Job_jc-24-01-General-Find_your_place-T1-B2C,video filename; not an independently verified brief,Avito_Job_jc-24-01-General-Find_your_place-T1-B2C.AVI,/Users/asekorneev/Desktop/Creatives_validation/Avito_Job_jc-24-01-General-Find_your_place-T1-B2C.AVI,/Users/asekorneev/outputs/message_delivery_features_20260819/prepared_media/avitojobjc2401generalfindyourplacet1b2c.mp4,True,Avito,34,train,0.19,0.19,0,0,6.0,0.0,,,/Users/asekorneev/outputs/aipm3_value_context_20260914/sources/promiser_comparison/combo_input.csv,current_saved_target,31.57894736842105,Existing OPM / existing message fraction,False,/Users/asekorneev/outputs/aipm_stability_20260919/human_quality_20260920/targets.csv,/Users/asekorneev/outputs/message_delivery_features_20260819/video_manifest.csv,adaaef39a367b212707dff76f70524ec784a8c91b07534392ca53cefce8d3c3b,avitojobjc2401generalfindyourplacet1b2c,adaaef39a367b212707dff76f70524ec784a8c91b07534392ca53cefce8d3c3b,adaaef39a367b212707dff76f70524ec784a8c91b07534392ca53cefce8d3c3b,Jobs,JobsCore,md58_34,34,current 10 full runs,2.0,2.3666666666666667,0.9666666666666666,3.0,3.0,1.0,4.0,4.0,1.0,3.0,3.0,1.0,3.0,3.2,1.0,0.0,0.0,1.0,3.0,3.0,1.0,0.0,0.0,1.0,3.0,3.0,1.0,2.0,2.4,1.0,0.0,0.0,1.0,0.0,0.0,1.0,1.0,0.9,1.0,0.0,0.0,1.0,2.0,2.033333333333333,0.9666666666666666,2.0,2.0,1.0,0.0,0.0,1.0,2.0,2.0,1.0,0.0,2.0,1.9354838709677415,0.0769230769230768,0.9230769230769232,0.1923076923076923,0.0512820512820512,0.0256410256410256,0.19,2.3666666666666667,3.0,4.0,3.0,3.2,0.0,3.0,0.0,3.0,2.4,0.0,0.0,0.9,0.0,2.033333333333333,2.0,3.0,1.0,3.0,3.0,0.0,2.0,25.0,0.4018532824981843,0.1410951046381243,0.1978559573425355,0.0996830392156862,0.026179850570526,0.0357159594120156,0.1161641267618158,0.1991093137254902,0.1020408163265306,0.0,0.1060067628903413,0.1744293314127376,0.0989100399419027,0.0399175621569156,12.435853958129885,0.0241935483870967,7.912782669067383,,1.0,0.0,1.0,1.0,2.0,0.0,7,7,0.0,0.0,0.0,2.0,0.0,25.0,2.0,4.0,4.0,4.0,4.0,5.0,45.0,0.0,25.0,2.0,0.0,2.0,0.0,0.0,0.0,0.0,0.0,1.0,0.0,1.0,0.0,0.0,0.0,0.0
md58_34,pretest_md58,Avito_Job_jc-24-01-General-Find_your_place-T1-B2C,video filename; not an independently verified brief,Avito_Job_jc-24-01-General-Find_your_place-T1-B2C.AVI,/Users/asekorneev/Desktop/Creatives_validation/Avito_Job_jc-24-01-General-Find_your_place-T1-B2C.AVI,/Users/asekorneev/outputs/message_delivery_features_20260819/prepared_media/avitojobjc2401generalfindyourplacet1b2c.mp4,True,Avito,34,train,0.19,0.19,0,0,6.0,0.0,,,/Users/asekorneev/outputs/aipm3_value_context_20260914/sources/promiser_comparison/combo_input.csv,current_saved_target,31.57894736842105,Existing OPM / existing message fraction,False,/Users/asekorneev/outputs/aipm_stability_20260919/human_quality_20260920/targets.csv,/Users/asekorneev/outputs/message_delivery_features_20260819/video_manifest.csv,adaaef39a367b212707dff76f70524ec784a8c91b07534392ca53cefce8d3c3b,avitojobjc2401generalfindyourplacet1b2c,adaaef39a367b212707dff76f70524ec784a8c91b07534392ca53cefce8d3c3b,adaaef39a367b212707dff76f70524ec784a8c91b07534392ca53cefce8d3c3b,Jobs,JobsCore,md58_34,34,current 10 full runs,3.0,2.6,1.0,3.0,2.9,1.0,4.0,4.0,1.0,3.0,3.0,1.0,3.0,3.1666666666666665,0.9666666666666666,0.0,0.0,1.0,3.0,3.0,1.0,0.0,0.0,1.0,3.0,3.0,1.0,3.0,2.6,1.0,0.0,0.0,1.0,0.0,0.0,1.0,1.0,1.0,1.0,0.0,0.0,1.0,2.0,2.066666666666667,0.9666666666666666,2.0,2.0,1.0,0.0,0.0,1.0,2.0,2.0,1.0,0.0,2.0,1.9354838709677415,0.0256410256410256,0.9743589743589745,0.1923076923076923,0.0641025641025641,0.0512820512820512,0.19,2.6,2.9,4.0,3.0,3.1666666666666665,0.0,3.0,0.0,3.0,2.6,0.0,0.0,1.0,0.0,2.066666666666667,2.0,2.8,1.0,2.8,2.9,0.0,2.0,25.0,0.4018532824981843,0.1410951046381243,0.1978559573425355,0.0996830392156862,0.026179850570526,0.0357159594120156,0.1161641267618158,0.1991093137254902,0.1020408163265306,0.0,0.1060067628903413,0.1744293314127376,0.0989100399419027,0.0399175621569156,12.435853958129885,0.0241935483870967,7.912782669067383,,1.0,0.0,1.0,1.0,2.0,0.0,8,8,0.0,0.0,0.0,2.0,0.0,25.0,2.0,3.0,4.0,4.0,4.0,5.0,45.0,0.0,25.0,3.0,0.0,3.0,0.0,0.0,0.0,0.0,0.0,1.0,0.0,1.0,0.0,0.0,0.0,0.0
md58_34,pretest_md58,Avito_Job_jc-24-01-General-Find_your_place-T1-B2C,video filename; not an independently verified brief,Avito_Job_jc-24-01-General-Find_your_place-T1-B2C.AVI,/Users/asekorneev/Desktop/Creatives_validation/Avito_Job_jc-24-01-General-Find_your_place-T1-B2C.AVI,/Users/asekorneev/outputs/message_delivery_features_20260819/prepared_media/avitojobjc2401generalfindyourplacet1b2c.mp4,True,Avito,34,train,0.19,0.19,0,0,6.0,0.0,,,/Users/asekorneev/outputs/aipm3_value_context_20260914/sources/promiser_comparison/combo_input.csv,current_saved_target,31.57894736842105,Existing OPM / existing message fraction,False,/Users/asekorneev/outputs/aipm_stability_20260919/human_quality_20260920/targets.csv,/Users/asekorneev/outputs/message_delivery_features_20260819/video_manifest.csv,adaaef39a367b212707dff76f70524ec784a8c91b07534392ca53cefce8d3c3b,avitojobjc2401generalfindyourplacet1b2c,adaaef39a367b212707dff76f70524ec784a8c91b07534392ca53cefce8d3c3b,adaaef39a367b212707dff76f70524ec784a8c91b07534392ca53cefce8d3c3b,Jobs,JobsCore,md58_34,34,current 10 full runs,2.0,2.2,1.0,3.0,3.0,1.0,4.0,4.0,1.0,3.0,3.0,1.0,3.0,3.3,1.0,0.0,0.0,1.0,3.0,3.0,1.0,0.0,0.0,1.0,3.0,3.1,1.0,3.0,2.6,1.0,0.0,0.0,1.0,0.0,0.0,1.0,1.0,1.0,1.0,0.0,0.0,1.0,2.0,2.033333333333333,0.9666666666666666,2.0,2.0,1.0,0.0,0.0,1.0,2.0,2.0,1.0,0.0,2.0,1.9354838709677415,0.0256410256410256,0.9743589743589745,0.1923076923076923,0.1666666666666666,0.1538461538461538,0.19,2.2,3.0,4.0,3.0,3.3,0.0,3.0,0.0,3.1,2.6,0.0,0.0,1.0,0.0,2.033333333333333,2.0,3.2,1.0,3.0,3.0,0.0,2.0,25.0,0.4018532824981843,0.1410951046381243,0.1978559573425355,0.0996830392156862,0.026179850570526,0.0357159594120156,0.1161641267618158,0.1991093137254902,0.1020408163265306,0.0,0.1060067628903413,0.1744293314127376,0.0989100399419027,0.0399175621569156,12.435853958129885,0.0241935483870967,7.912782669067383,,1.0,0.0,1.0,1.0,2.0,0.0,9,9,0.0,0.0,0.0,2.0,0.0,25.0,2.0,4.0,4.0,4.0,4.0,5.0,45.0,0.0,25.0,2.0,0.0,3.0,0.0,0.0,0.0,0.0,0.0,1.0,0.0,1.0,0.0,0.0,0.0,0.0
md58_34,pretest_md58,Avito_Job_jc-24-01-General-Find_your_place-T1-B2C,video filename; not an independently verified brief,Avito_Job_jc-24-01-General-Find_your_place-T1-B2C.AVI,/Users/asekorneev/Desktop/Creatives_validation/Avito_Job_jc-24-01-General-Find_your_place-T1-B2C.AVI,/Users/asekorneev/outputs/message_delivery_features_20260819/prepared_media/avitojobjc2401generalfindyourplacet1b2c.mp4,True,Avito,34,train,0.19,0.19,0,0,6.0,0.0,,,/Users/asekorneev/outputs/aipm3_value_context_20260914/sources/promiser_comparison/combo_input.csv,current_saved_target,31.57894736842105,Existing OPM / existing message fraction,False,/Users/asekorneev/outputs/aipm_stability_20260919/human_quality_20260920/targets.csv,/Users/asekorneev/outputs/message_delivery_features_20260819/video_manifest.csv,adaaef39a367b212707dff76f70524ec784a8c91b07534392ca53cefce8d3c3b,avitojobjc2401generalfindyourplacet1b2c,adaaef39a367b212707dff76f70524ec784a8c91b07534392ca53cefce8d3c3b,adaaef39a367b212707dff76f70524ec784a8c91b07534392ca53cefce8d3c3b,Jobs,JobsCore,md58_34,34,current 10 full runs,3.0,2.5,1.0,3.0,2.8,1.0,4.0,4.0,1.0,3.0,3.0,1.0,3.0,3.2,1.0,0.0,0.0,1.0,3.0,3.0,1.0,0.0,0.0,1.0,3.0,3.033333333333333,0.9666666666666666,2.0,2.4,1.0,0.0,0.0,1.0,0.0,0.0,1.0,1.0,1.0,1.0,0.0,0.0,1.0,2.0,1.9,1.0,2.0,2.0,1.0,0.0,0.0,1.0,2.0,2.033333333333333,0.9666666666666666,0.0,2.033333333333333,1.9354838709677415,0.1025641025641025,0.8974358974358975,0.1923076923076923,0.141025641025641,0.1025641025641025,0.19,2.5,2.8,4.0,3.0,3.2,0.0,3.0,0.0,3.033333333333333,2.4,0.0,0.0,1.0,0.0,1.9,2.0,2.9,1.0,2.8,2.8,0.0,2.033333333333333,25.0,0.4018532824981843,0.1410951046381243,0.1978559573425355,0.0996830392156862,0.026179850570526,0.0357159594120156,0.1161641267618158,0.1991093137254902,0.1020408163265306,0.0,0.1060067628903413,0.1744293314127376,0.0989100399419027,0.0399175621569156,12.435853958129885,0.0241935483870967,7.912782669067383,,1.0,0.0,1.0,1.0,2.0,0.0,10,10,0.0,0.0,0.0,2.0,0.0,25.0,2.0,3.0,4.0,4.0,4.0,5.0,45.0,0.0,25.0,3.0,0.0,3.0,0.0,0.0,0.0,0.0,0.0,1.0,0.0,1.0,0.0,0.0,0.0,0.0
md58_35,pretest_md58,Avito_Job_jc-25-01-General-T1-B2C,brief column,Avito_Job_jc-25-01-General-T1-B2C.AVI,/Users/asekorneev/Desktop/Creatives_validation/Avito_Job_jc-25-01-General-T1-B2C.AVI,/Users/asekorneev/outputs/message_delivery_features_20260819/prepared_media/avitojobjc2501generalt1b2c.mp4,True,Avito,35,train,0.29,0.29,2,2,9.918,1.0,,,,current_saved_target,34.199999999999996,Summary!K141,False,/Users/asekorneev/outputs/aipm_stability_20260919/human_quality_20260920/targets.csv,/Users/asekorneev/outputs/message_delivery_features_20260819/video_manifest.csv,06a5ef7732743e8fc8234a327f4d55c321eb0abfb36c2fc74059b037e717d2e6,avitojobjc2501generalt1b2c,06a5ef7732743e8fc8234a327f4d55c321eb0abfb36c2fc74059b037e717d2e6,06a5ef7732743e8fc8234a327f4d55c321eb0abfb36c2fc74059b037e717d2e6,Jobs,JobsCore,md58_35,35,current 10 full runs,3.0,3.0,1.0,3.0,3.0,1.0,4.0,3.7,1.0,1.0,1.0,1.0,3.0,3.0,1.0,0.0,0.3,1.0,3.0,3.0,1.0,0.0,0.0,1.0,4.0,4.0,1.0,0.0,0.4,1.0,1.0,1.0,1.0,0.0,0.0,1.0,0.0,0.2,1.0,0.0,0.0,1.0,0.0,0.0,1.0,2.0,2.2,1.0,1.0,1.0,1.0,3.0,3.0,1.0,1.0,3.0,1.4892904953145916,0.1794871794871795,0.8205128205128205,0.2692307692307692,0.0897435897435897,0.0512820512820512,0.29,3.0,3.0,3.7,1.0,3.0,0.3,3.0,0.0,4.0,0.4,1.0,0.0,0.2,0.0,0.0,2.2,2.7,0.7,3.0,3.0,1.0,3.0,20.0,0.2235481844589688,0.0755367530881309,0.2439135214691769,0.0718355324074074,0.0189973713110146,0.0371516712179641,0.0897258463214345,0.1540306644880174,0.0256410256410256,0.0256410256410256,0.0941130930767368,0.2183627297138795,0.0583016067538126,0.0379490591585636,17.182880401611328,0.0904522613065326,8.617843627929688,,2.0,0.0,1.0,1.0,2.0,0.0,1,1,1.0,0.0,0.0,2.0,0.0,20.0,2.0,3.0,4.0,3.0,3.0,2.0,25.0,0.0,18.0,3.0,5.0,1.0,0.0,0.0,0.0,1.0,0.0,0.0,0.0,1.0,0.0,1.0,1.0,0.0
md58_35,pretest_md58,Avito_Job_jc-25-01-General-T1-B2C,brief column,Avito_Job_jc-25-01-General-T1-B2C.AVI,/Users/asekorneev/Desktop/Creatives_validation/Avito_Job_jc-25-01-General-T1-B2C.AVI,/Users/asekorneev/outputs/message_delivery_features_20260819/prepared_media/avitojobjc2501generalt1b2c.mp4,True,Avito,35,train,0.29,0.29,2,2,9.918,1.0,,,,current_saved_target,34.199999999999996,Summary!K141,False,/Users/asekorneev/outputs/aipm_stability_20260919/human_quality_20260920/targets.csv,/Users/asekorneev/outputs/message_delivery_features_20260819/video_manifest.csv,06a5ef7732743e8fc8234a327f4d55c321eb0abfb36c2fc74059b037e717d2e6,avitojobjc2501generalt1b2c,06a5ef7732743e8fc8234a327f4d55c321eb0abfb36c2fc74059b037e717d2e6,06a5ef7732743e8fc8234a327f4d55c321eb0abfb36c2fc74059b037e717d2e6,Jobs,JobsCore,md58_35,35,current 10 full runs,3.0,3.0,1.0,3.0,3.0,1.0,4.0,3.5,1.0,1.0,1.0,1.0,3.0,3.0,1.0,1.0,0.5,1.0,3.0,3.0,1.0,0.0,0.0,1.0,4.0,4.0,1.0,0.0,0.4,1.0,1.0,1.0,1.0,0.0,0.0,1.0,0.0,0.0,1.0,0.0,0.0,1.0,0.0,0.0,1.0,2.0,2.1,1.0,1.0,1.0,1.0,3.0,3.0,1.0,1.0,3.0,1.4892904953145916,0.1282051282051281,0.8717948717948718,0.2692307692307692,0.0641025641025641,0.0512820512820512,0.29,3.0,3.0,3.5,1.0,3.0,0.5,3.0,0.0,4.0,0.4,1.0,0.0,0.0,0.0,0.0,2.1,2.5,0.8,3.0,3.0,1.0,3.0,20.0,0.2235481844589688,0.0755367530881309,0.2439135214691769,0.0718355324074074,0.0189973713110146,0.0371516712179641,0.0897258463214345,0.1540306644880174,0.0256410256410256,0.0256410256410256,0.0941130930767368,0.2183627297138795,0.0583016067538126,0.0379490591585636,17.182880401611328,0.0904522613065326,8.617843627929688,,2.0,0.0,1.0,1.0,2.0,0.0,2,2,1.0,0.0,0.0,2.0,0.0,20.0,2.0,3.0,3.0,3.0,3.0,2.0,25.0,0.0,15.0,3.0,5.0,1.0,0.0,0.0,0.0,1.0,0.0,0.0,0.0,1.0,0.0,1.0,1.0,0.0
md58_35,pretest_md58,Avito_Job_jc-25-01-General-T1-B2C,brief column,Avito_Job_jc-25-01-General-T1-B2C.AVI,/Users/asekorneev/Desktop/Creatives_validation/Avito_Job_jc-25-01-General-T1-B2C.AVI,/Users/asekorneev/outputs/message_delivery_features_20260819/prepared_media/avitojobjc2501generalt1b2c.mp4,True,Avito,35,train,0.29,0.29,2,2,9.918,1.0,,,,current_saved_target,34.199999999999996,Summary!K141,False,/Users/asekorneev/outputs/aipm_stability_20260919/human_quality_20260920/targets.csv,/Users/asekorneev/outputs/message_delivery_features_20260819/video_manifest.csv,06a5ef7732743e8fc8234a327f4d55c321eb0abfb36c2fc74059b037e717d2e6,avitojobjc2501generalt1b2c,06a5ef7732743e8fc8234a327f4d55c321eb0abfb36c2fc74059b037e717d2e6,06a5ef7732743e8fc8234a327f4d55c321eb0abfb36c2fc74059b037e717d2e6,Jobs,JobsCore,md58_35,35,current 10 full runs,3.0,3.0,1.0,3.0,3.0,1.0,4.0,3.6,1.0,1.0,1.0,1.0,3.0,3.0,1.0,0.0,0.4,1.0,3.0,3.0,1.0,0.0,0.0,1.0,4.0,4.0,1.0,1.0,0.6,1.0,1.0,1.0,1.0,0.0,0.0,1.0,0.0,0.0,1.0,0.0,0.0,1.0,0.0,0.0,1.0,2.0,2.2,1.0,1.0,1.0,1.0,3.0,3.0,1.0,1.0,3.0,1.4892904953145916,0.0512820512820512,0.9487179487179488,0.2692307692307692,0.0769230769230769,0.0769230769230769,0.29,3.0,3.0,3.6,1.0,3.0,0.4,3.0,0.0,4.0,0.6,1.0,0.0,0.0,0.0,0.0,2.2,2.6,1.0,3.0,3.0,1.0,3.0,20.0,0.2235481844589688,0.0755367530881309,0.2439135214691769,0.0718355324074074,0.0189973713110146,0.0371516712179641,0.0897258463214345,0.1540306644880174,0.0256410256410256,0.0256410256410256,0.0941130930767368,0.2183627297138795,0.0583016067538126,0.0379490591585636,17.182880401611328,0.0904522613065326,8.617843627929688,,2.0,0.0,2.0,1.0,3.0,0.0,3,3,1.0,0.0,0.0,2.0,0.0,20.0,2.0,3.0,4.0,3.0,3.0,2.0,25.0,0.0,16.0,3.0,5.0,1.0,0.0,0.0,0.0,1.0,0.0,0.0,0.0,1.0,0.0,1.0,1.0,0.0
md58_35,pretest_md58,Avito_Job_jc-25-01-General-T1-B2C,brief column,Avito_Job_jc-25-01-General-T1-B2C.AVI,/Users/asekorneev/Desktop/Creatives_validation/Avito_Job_jc-25-01-General-T1-B2C.AVI,/Users/asekorneev/outputs/message_delivery_features_20260819/prepared_media/avitojobjc2501generalt1b2c.mp4,True,Avito,35,train,0.29,0.29,2,2,9.918,1.0,,,,current_saved_target,34.199999999999996,Summary!K141,False,/Users/asekorneev/outputs/aipm_stability_20260919/human_quality_20260920/targets.csv,/Users/asekorneev/outputs/message_delivery_features_20260819/video_manifest.csv,06a5ef7732743e8fc8234a327f4d55c321eb0abfb36c2fc74059b037e717d2e6,avitojobjc2501generalt1b2c,06a5ef7732743e8fc8234a327f4d55c321eb0abfb36c2fc74059b037e717d2e6,06a5ef7732743e8fc8234a327f4d55c321eb0abfb36c2fc74059b037e717d2e6,Jobs,JobsCore,md58_35,35,current 10 full runs,3.0,3.0,1.0,3.0,3.0,1.0,4.0,3.6,1.0,1.0,1.0,1.0,3.0,3.0,1.0,0.0,0.4,1.0,3.0,3.0,1.0,0.0,0.0,1.0,4.0,4.0,1.0,1.0,0.8,1.0,1.0,1.0,1.0,0.0,0.0,1.0,0.0,0.0,1.0,0.0,0.0,1.0,0.0,0.0,1.0,2.0,2.0,1.0,1.0,1.0,1.0,3.0,3.0,1.0,1.0,3.0,1.4892904953145916,0.0256410256410256,0.9743589743589745,0.2692307692307692,0.0897435897435897,0.1025641025641025,0.29,3.0,3.0,3.6,1.0,3.0,0.4,3.0,0.0,4.0,0.8,1.0,0.0,0.0,0.0,0.0,2.0,2.6,0.9,3.0,3.0,1.0,3.0,20.0,0.2235481844589688,0.0755367530881309,0.2439135214691769,0.0718355324074074,0.0189973713110146,0.0371516712179641,0.0897258463214345,0.1540306644880174,0.0256410256410256,0.0256410256410256,0.0941130930767368,0.2183627297138795,0.0583016067538126,0.0379490591585636,17.182880401611328,0.0904522613065326,8.617843627929688,,2.0,0.0,1.0,1.0,2.0,0.0,4,4,1.0,0.0,0.0,2.0,0.0,20.0,2.0,3.0,4.0,3.0,3.0,2.0,25.0,0.0,16.0,3.0,5.0,1.0,0.0,0.0,0.0,1.0,0.0,0.0,0.0,1.0,0.0,1.0,1.0,0.0
md58_35,pretest_md58,Avito_Job_jc-25-01-General-T1-B2C,brief column,Avito_Job_jc-25-01-General-T1-B2C.AVI,/Users/asekorneev/Desktop/Creatives_validation/Avito_Job_jc-25-01-General-T1-B2C.AVI,/Users/asekorneev/outputs/message_delivery_features_20260819/prepared_media/avitojobjc2501generalt1b2c.mp4,True,Avito,35,train,0.29,0.29,2,2,9.918,1.0,,,,current_saved_target,34.199999999999996,Summary!K141,False,/Users/asekorneev/outputs/aipm_stability_20260919/human_quality_20260920/targets.csv,/Users/asekorneev/outputs/message_delivery_features_20260819/video_manifest.csv,06a5ef7732743e8fc8234a327f4d55c321eb0abfb36c2fc74059b037e717d2e6,avitojobjc2501generalt1b2c,06a5ef7732743e8fc8234a327f4d55c321eb0abfb36c2fc74059b037e717d2e6,06a5ef7732743e8fc8234a327f4d55c321eb0abfb36c2fc74059b037e717d2e6,Jobs,JobsCore,md58_35,35,current 10 full runs,3.0,3.0,1.0,3.0,3.0,1.0,4.0,3.7,1.0,1.0,1.0,1.0,3.0,3.0,1.0,0.0,0.3,1.0,3.0,3.0,1.0,0.0,0.0,1.0,4.0,4.0,1.0,0.0,0.4,1.0,1.0,1.0,1.0,0.0,0.0,1.0,0.0,0.0,1.0,0.0,0.0,1.0,0.0,0.0,1.0,2.0,2.1,1.0,1.0,1.0,1.0,3.0,3.0,1.0,1.0,3.0,1.4223560910307895,0.1025641025641025,0.8974358974358975,0.2692307692307692,0.0769230769230769,0.0769230769230769,0.29,3.0,3.0,3.7,1.0,3.0,0.3,3.0,0.0,4.0,0.4,1.0,0.0,0.0,0.0,0.0,2.1,2.7,0.7,3.0,3.0,1.0,3.0,20.0,0.2235481844589688,0.0755367530881309,0.2439135214691769,0.0718355324074074,0.0189973713110146,0.0371516712179641,0.0897258463214345,0.1540306644880174,0.0256410256410256,0.0256410256410256,0.0941130930767368,0.2183627297138795,0.0583016067538126,0.0379490591585636,17.182880401611328,0.0904522613065326,8.617843627929688,,2.0,0.0,1.0,1.0,2.0,0.0,5,5,1.0,0.0,0.0,2.0,0.0,20.0,2.0,3.0,4.0,3.0,3.0,2.0,25.0,0.0,16.0,3.0,5.0,1.0,0.0,0.0,0.0,1.0,0.0,0.0,0.0,1.0,0.0,1.0,1.0,0.0
md58_35,pretest_md58,Avito_Job_jc-25-01-General-T1-B2C,brief column,Avito_Job_jc-25-01-General-T1-B2C.AVI,/Users/asekorneev/Desktop/Creatives_validation/Avito_Job_jc-25-01-General-T1-B2C.AVI,/Users/asekorneev/outputs/message_delivery_features_20260819/prepared_media/avitojobjc2501generalt1b2c.mp4,True,Avito,35,train,0.29,0.29,2,2,9.918,1.0,,,,current_saved_target,34.199999999999996,Summary!K141,False,/Users/asekorneev/outputs/aipm_stability_20260919/human_quality_20260920/targets.csv,/Users/asekorneev/outputs/message_delivery_features_20260819/video_manifest.csv,06a5ef7732743e8fc8234a327f4d55c321eb0abfb36c2fc74059b037e717d2e6,avitojobjc2501generalt1b2c,06a5ef7732743e8fc8234a327f4d55c321eb0abfb36c2fc74059b037e717d2e6,06a5ef7732743e8fc8234a327f4d55c321eb0abfb36c2fc74059b037e717d2e6,Jobs,JobsCore,md58_35,35,current 10 full runs,3.0,3.0,1.0,3.0,3.0,1.0,4.0,3.5,1.0,1.0,1.0,1.0,3.0,3.0,1.0,1.0,0.5,1.0,3.0,3.0,1.0,0.0,0.0,1.0,4.0,4.0,1.0,0.0,0.4,1.0,1.0,1.0,1.0,0.0,0.0,1.0,0.0,0.0,1.0,0.0,0.0,1.0,0.0,0.0,1.0,2.0,2.0,1.0,1.0,1.0,1.0,3.0,3.0,1.0,1.0,3.0,1.4892904953145916,0.1025641025641025,0.8974358974358975,0.2692307692307692,0.0769230769230769,0.0256410256410256,0.29,3.0,3.0,3.5,1.0,3.0,0.5,3.0,0.0,4.0,0.4,1.0,0.0,0.0,0.0,0.0,2.0,2.6,0.9,3.0,3.0,1.0,3.0,20.0,0.2235481844589688,0.0755367530881309,0.2439135214691769,0.0718355324074074,0.0189973713110146,0.0371516712179641,0.0897258463214345,0.1540306644880174,0.0256410256410256,0.0256410256410256,0.0941130930767368,0.2183627297138795,0.0583016067538126,0.0379490591585636,17.182880401611328,0.0904522613065326,8.617843627929688,,2.0,0.0,1.0,1.0,2.0,0.0,6,6,1.0,0.0,0.0,2.0,0.0,20.0,2.0,3.0,4.0,3.0,3.0,2.0,25.0,0.0,18.0,3.0,5.0,1.0,0.0,0.0,0.0,1.0,0.0,0.0,0.0,1.0,0.0,1.0,1.0,0.0
md58_35,pretest_md58,Avito_Job_jc-25-01-General-T1-B2C,brief column,Avito_Job_jc-25-01-General-T1-B2C.AVI,/Users/asekorneev/Desktop/Creatives_validation/Avito_Job_jc-25-01-General-T1-B2C.AVI,/Users/asekorneev/outputs/message_delivery_features_20260819/prepared_media/avitojobjc2501generalt1b2c.mp4,True,Avito,35,train,0.29,0.29,2,2,9.918,1.0,,,,current_saved_target,34.199999999999996,Summary!K141,False,/Users/asekorneev/outputs/aipm_stability_20260919/human_quality_20260920/targets.csv,/Users/asekorneev/outputs/message_delivery_features_20260819/video_manifest.csv,06a5ef7732743e8fc8234a327f4d55c321eb0abfb36c2fc74059b037e717d2e6,avitojobjc2501generalt1b2c,06a5ef7732743e8fc8234a327f4d55c321eb0abfb36c2fc74059b037e717d2e6,06a5ef7732743e8fc8234a327f4d55c321eb0abfb36c2fc74059b037e717d2e6,Jobs,JobsCore,md58_35,35,current 10 full runs,3.0,3.0,1.0,3.0,3.0,1.0,4.0,3.8,1.0,1.0,1.0,1.0,3.0,3.0,1.0,0.0,0.2,1.0,3.0,3.0,1.0,0.0,0.0,1.0,4.0,4.0,1.0,1.0,0.6,1.0,1.0,1.0,1.0,0.0,0.0,1.0,0.0,0.1,1.0,0.0,0.0,1.0,0.0,0.0,1.0,2.0,2.1,1.0,1.0,1.0,1.0,3.0,3.0,1.0,1.0,3.0,1.4892904953145916,0.0769230769230768,0.9230769230769232,0.2692307692307692,0.0641025641025641,0.0512820512820512,0.29,3.0,3.0,3.8,1.0,3.0,0.2,3.0,0.0,4.0,0.6,1.0,0.0,0.1,0.0,0.0,2.1,2.8,0.9,3.0,3.0,1.0,3.0,20.0,0.2235481844589688,0.0755367530881309,0.2439135214691769,0.0718355324074074,0.0189973713110146,0.0371516712179641,0.0897258463214345,0.1540306644880174,0.0256410256410256,0.0256410256410256,0.0941130930767368,0.2183627297138795,0.0583016067538126,0.0379490591585636,17.182880401611328,0.0904522613065326,8.617843627929688,,2.0,0.0,1.0,1.0,2.0,0.0,7,7,1.0,0.0,0.0,2.0,0.0,20.0,2.0,3.0,4.0,3.0,3.0,2.0,25.0,0.0,16.0,3.0,5.0,1.0,0.0,0.0,0.0,1.0,0.0,0.0,0.0,1.0,0.0,1.0,1.0,0.0
md58_35,pretest_md58,Avito_Job_jc-25-01-General-T1-B2C,brief column,Avito_Job_jc-25-01-General-T1-B2C.AVI,/Users/asekorneev/Desktop/Creatives_validation/Avito_Job_jc-25-01-General-T1-B2C.AVI,/Users/asekorneev/outputs/message_delivery_features_20260819/prepared_media/avitojobjc2501generalt1b2c.mp4,True,Avito,35,train,0.29,0.29,2,2,9.918,1.0,,,,current_saved_target,34.199999999999996,Summary!K141,False,/Users/asekorneev/outputs/aipm_stability_20260919/human_quality_20260920/targets.csv,/Users/asekorneev/outputs/message_delivery_features_20260819/video_manifest.csv,06a5ef7732743e8fc8234a327f4d55c321eb0abfb36c2fc74059b037e717d2e6,avitojobjc2501generalt1b2c,06a5ef7732743e8fc8234a327f4d55c321eb0abfb36c2fc74059b037e717d2e6,06a5ef7732743e8fc8234a327f4d55c321eb0abfb36c2fc74059b037e717d2e6,Jobs,JobsCore,md58_35,35,current 10 full runs,3.0,3.0,1.0,3.0,3.0,1.0,4.0,3.7,1.0,1.0,1.0,1.0,3.0,3.0,1.0,0.0,0.3,1.0,3.0,3.0,1.0,0.0,0.0,1.0,4.0,4.0,1.0,1.0,0.7,1.0,1.0,1.0,1.0,0.0,0.0,1.0,0.0,0.0,1.0,0.0,0.0,1.0,0.0,0.0,1.0,2.0,2.0,1.0,1.0,1.0,1.0,3.0,3.0,1.0,1.0,3.0,1.5562248995983934,0.0256410256410256,0.9743589743589745,0.2692307692307692,0.0641025641025641,0.0512820512820512,0.29,3.0,3.0,3.7,1.0,3.0,0.3,3.0,0.0,4.0,0.7,1.0,0.0,0.0,0.0,0.0,2.0,2.7,0.8,3.0,3.0,1.0,3.0,20.0,0.2235481844589688,0.0755367530881309,0.2439135214691769,0.0718355324074074,0.0189973713110146,0.0371516712179641,0.0897258463214345,0.1540306644880174,0.0256410256410256,0.0256410256410256,0.0941130930767368,0.2183627297138795,0.0583016067538126,0.0379490591585636,17.182880401611328,0.0904522613065326,8.617843627929688,,2.0,0.0,1.0,1.0,2.0,0.0,8,8,1.0,0.0,0.0,2.0,0.0,20.0,2.0,3.0,4.0,3.0,3.0,2.0,25.0,0.0,18.0,3.0,5.0,1.0,0.0,0.0,0.0,1.0,0.0,0.0,0.0,1.0,0.0,1.0,1.0,0.0
md58_35,pretest_md58,Avito_Job_jc-25-01-General-T1-B2C,brief column,Avito_Job_jc-25-01-General-T1-B2C.AVI,/Users/asekorneev/Desktop/Creatives_validation/Avito_Job_jc-25-01-General-T1-B2C.AVI,/Users/asekorneev/outputs/message_delivery_features_20260819/prepared_media/avitojobjc2501generalt1b2c.mp4,True,Avito,35,train,0.29,0.29,2,2,9.918,1.0,,,,current_saved_target,34.199999999999996,Summary!K141,False,/Users/asekorneev/outputs/aipm_stability_20260919/human_quality_20260920/targets.csv,/Users/asekorneev/outputs/message_delivery_features_20260819/video_manifest.csv,06a5ef7732743e8fc8234a327f4d55c321eb0abfb36c2fc74059b037e717d2e6,avitojobjc2501generalt1b2c,06a5ef7732743e8fc8234a327f4d55c321eb0abfb36c2fc74059b037e717d2e6,06a5ef7732743e8fc8234a327f4d55c321eb0abfb36c2fc74059b037e717d2e6,Jobs,JobsCore,md58_35,35,current 10 full runs,3.0,3.0,1.0,3.0,3.0,1.0,4.0,3.6,1.0,1.0,1.0,1.0,3.0,3.0,1.0,0.0,0.4,1.0,3.0,3.0,1.0,0.0,0.0,1.0,4.0,3.9,1.0,0.0,0.2,1.0,1.0,1.0,1.0,0.0,0.0,1.0,0.0,0.0,1.0,0.0,0.0,1.0,0.0,0.0,1.0,2.0,2.1,1.0,1.0,1.0,1.0,3.0,3.0,1.0,1.0,3.0,1.5562248995983934,0.1025641025641025,0.8974358974358975,0.2692307692307692,0.0769230769230769,0.0256410256410256,0.29,3.0,3.0,3.6,1.0,3.0,0.4,3.0,0.0,3.9,0.2,1.0,0.0,0.0,0.0,0.0,2.1,2.6,0.7,3.0,3.0,1.0,3.0,20.0,0.2235481844589688,0.0755367530881309,0.2439135214691769,0.0718355324074074,0.0189973713110146,0.0371516712179641,0.0897258463214345,0.1540306644880174,0.0256410256410256,0.0256410256410256,0.0941130930767368,0.2183627297138795,0.0583016067538126,0.0379490591585636,17.182880401611328,0.0904522613065326,8.617843627929688,,2.0,0.0,2.0,1.0,3.0,0.0,9,9,1.0,0.0,0.0,2.0,0.0,20.0,2.0,3.0,4.0,3.0,3.0,2.0,25.0,0.0,18.0,3.0,5.0,1.0,0.0,0.0,0.0,1.0,0.0,0.0,0.0,1.0,0.0,1.0,1.0,0.0
md58_35,pretest_md58,Avito_Job_jc-25-01-General-T1-B2C,brief column,Avito_Job_jc-25-01-General-T1-B2C.AVI,/Users/asekorneev/Desktop/Creatives_validation/Avito_Job_jc-25-01-General-T1-B2C.AVI,/Users/asekorneev/outputs/message_delivery_features_20260819/prepared_media/avitojobjc2501generalt1b2c.mp4,True,Avito,35,train,0.29,0.29,2,2,9.918,1.0,,,,current_saved_target,34.199999999999996,Summary!K141,False,/Users/asekorneev/outputs/aipm_stability_20260919/human_quality_20260920/targets.csv,/Users/asekorneev/outputs/message_delivery_features_20260819/video_manifest.csv,06a5ef7732743e8fc8234a327f4d55c321eb0abfb36c2fc74059b037e717d2e6,avitojobjc2501generalt1b2c,06a5ef7732743e8fc8234a327f4d55c321eb0abfb36c2fc74059b037e717d2e6,06a5ef7732743e8fc8234a327f4d55c321eb0abfb36c2fc74059b037e717d2e6,Jobs,JobsCore,md58_35,35,current 10 full runs,3.0,3.0,1.0,3.0,3.0,1.0,4.0,3.6,1.0,1.0,1.0,1.0,3.0,3.0,1.0,0.0,0.4,1.0,3.0,3.0,1.0,0.0,0.0,1.0,4.0,3.9,1.0,0.0,0.3,1.0,1.0,1.0,1.0,0.0,0.0,1.0,0.0,0.0,1.0,0.0,0.0,1.0,0.0,0.0,1.0,2.0,2.0,1.0,1.0,1.0,1.0,3.0,3.0,1.0,1.0,3.0,1.4223560910307895,0.1025641025641025,0.8974358974358975,0.2692307692307692,0.0641025641025641,0.0512820512820512,0.29,3.0,3.0,3.6,1.0,3.0,0.4,3.0,0.0,3.9,0.3,1.0,0.0,0.0,0.0,0.0,2.0,2.6,0.8,3.0,3.0,1.0,3.0,20.0,0.2235481844589688,0.0755367530881309,0.2439135214691769,0.0718355324074074,0.0189973713110146,0.0371516712179641,0.0897258463214345,0.1540306644880174,0.0256410256410256,0.0256410256410256,0.0941130930767368,0.2183627297138795,0.0583016067538126,0.0379490591585636,17.182880401611328,0.0904522613065326,8.617843627929688,,2.0,0.0,2.0,1.0,3.0,0.0,10,10,1.0,0.0,0.0,2.0,0.0,20.0,2.0,3.0,4.0,3.0,3.0,2.0,25.0,0.0,16.0,3.0,5.0,1.0,0.0,0.0,0.0,1.0,0.0,0.0,0.0,1.0,0.0,1.0,1.0,0.0
md58_36,pretest_md58,Avito_Job_jc-25-05-General-Off_Season-T1-B2C,video filename; not an independently verified brief,Avito_Job_jc-25-05-General-Off_Season-T1-B2C.AVI,/Users/asekorneev/Desktop/Creatives_validation/Avito_Job_jc-25-05-General-Off_Season-T1-B2C.AVI,/Users/asekorneev/outputs/message_delivery_features_20260819/prepared_media/avitojobjc2505generaloffseasont1b2c.mp4,True,Avito,36,train,0.14,0.14,0,0,5.32,0.0,,,,current_saved_target,38.0,Summary!K145,False,/Users/asekorneev/outputs/aipm_stability_20260919/human_quality_20260920/targets.csv,/Users/asekorneev/outputs/message_delivery_features_20260819/video_manifest.csv,236ae03ee0ec27ab154f437956e6ac005bdf7739cccc349aca4518c9b3f6665b,avitojobjc2505generaloffseasont1b2c,236ae03ee0ec27ab154f437956e6ac005bdf7739cccc349aca4518c9b3f6665b,236ae03ee0ec27ab154f437956e6ac005bdf7739cccc349aca4518c9b3f6665b,Jobs,JobsCore,md58_36,36,current 10 full runs,3.0,2.9,1.0,3.0,2.9,1.0,4.0,3.8333333333333335,0.8666666666666666,2.0,2.0,1.0,2.0,2.0,1.0,0.0,0.0,1.0,3.0,3.0,1.0,0.0,0.1,1.0,3.0,3.0,1.0,1.0,1.0,1.0,0.0,0.0,1.0,0.0,0.0,1.0,1.0,0.8666666666666667,0.9666666666666666,0.0,0.0,1.0,1.0,0.8666666666666667,0.9666666666666666,2.0,2.0,1.0,0.0,0.0,1.0,2.0,2.0,1.0,0.0,2.0,2.2380467955239065,0.1025641025641025,0.8974358974358975,0.3461538461538461,0.4615384615384615,0.2307692307692307,0.14,2.9,2.9,3.8333333333333335,2.0,2.0,0.0,3.0,0.1,3.0,1.0,0.0,0.0,0.8666666666666667,0.0,0.8666666666666667,2.0,2.566666666666667,1.0,2.9,2.9,0.0,2.0,19.5,0.3909238892613075,0.1281476190550852,0.2166560184956562,0.0838290179319591,0.0320221605996946,0.0407967315844706,0.1119117384283148,0.2255153231663036,0.1578947368421052,0.0,0.1045697470346163,0.1943851184625305,0.1130317265795206,0.0421416461467742,6.4667205810546875,0.0,2.439362049102783,,2.0,0.0,1.0,1.0,2.0,0.0,1,1,0.0,0.0,1.0,2.0,1.0,20.0,2.0,5.0,4.0,3.0,4.0,5.0,45.0,0.0,20.0,5.0,3.0,0.0,0.0,0.0,0.0,0.0,0.0,1.0,0.0,1.0,0.0,0.0,0.0,0.0
md58_36,pretest_md58,Avito_Job_jc-25-05-General-Off_Season-T1-B2C,video filename; not an independently verified brief,Avito_Job_jc-25-05-General-Off_Season-T1-B2C.AVI,/Users/asekorneev/Desktop/Creatives_validation/Avito_Job_jc-25-05-General-Off_Season-T1-B2C.AVI,/Users/asekorneev/outputs/message_delivery_features_20260819/prepared_media/avitojobjc2505generaloffseasont1b2c.mp4,True,Avito,36,train,0.14,0.14,0,0,5.32,0.0,,,,current_saved_target,38.0,Summary!K145,False,/Users/asekorneev/outputs/aipm_stability_20260919/human_quality_20260920/targets.csv,/Users/asekorneev/outputs/message_delivery_features_20260819/video_manifest.csv,236ae03ee0ec27ab154f437956e6ac005bdf7739cccc349aca4518c9b3f6665b,avitojobjc2505generaloffseasont1b2c,236ae03ee0ec27ab154f437956e6ac005bdf7739cccc349aca4518c9b3f6665b,236ae03ee0ec27ab154f437956e6ac005bdf7739cccc349aca4518c9b3f6665b,Jobs,JobsCore,md58_36,36,current 10 full runs,3.0,2.9,1.0,3.0,2.9,1.0,4.0,3.9,0.9,2.0,2.0,1.0,2.0,2.033333333333333,0.9666666666666666,0.0,0.0,1.0,3.0,3.0,1.0,0.0,0.2,1.0,3.0,3.0,1.0,1.0,1.0,1.0,0.0,0.0,1.0,0.0,0.0,1.0,1.0,0.8,1.0,0.0,0.0,1.0,1.0,0.7333333333333333,0.9333333333333332,2.0,2.0,1.0,0.0,0.0,1.0,2.0,2.0,1.0,0.0,2.0,2.2380467955239065,0.0769230769230768,0.9230769230769232,0.2692307692307692,0.4230769230769231,0.2051282051282051,0.14,2.9,2.9,3.9,2.0,2.033333333333333,0.0,3.0,0.2,3.0,1.0,0.0,0.0,0.8,0.0,0.7333333333333333,2.0,2.533333333333333,0.9,2.9,2.9,0.0,2.0,19.5,0.3909238892613075,0.1281476190550852,0.2166560184956562,0.0838290179319591,0.0320221605996946,0.0407967315844706,0.1119117384283148,0.2255153231663036,0.1578947368421052,0.0,0.1045697470346163,0.1943851184625305,0.1130317265795206,0.0421416461467742,6.4667205810546875,0.0,2.439362049102783,,2.0,0.0,1.0,1.0,2.0,0.0,2,2,0.0,0.0,1.0,2.0,1.0,20.0,2.0,5.0,4.0,3.0,4.0,5.0,45.0,0.0,20.0,5.0,3.0,0.0,0.0,0.0,0.0,0.0,0.0,1.0,0.0,1.0,0.0,0.0,0.0,0.0
md58_36,pretest_md58,Avito_Job_jc-25-05-General-Off_Season-T1-B2C,video filename; not an independently verified brief,Avito_Job_jc-25-05-General-Off_Season-T1-B2C.AVI,/Users/asekorneev/Desktop/Creatives_validation/Avito_Job_jc-25-05-General-Off_Season-T1-B2C.AVI,/Users/asekorneev/outputs/message_delivery_features_20260819/prepared_media/avitojobjc2505generaloffseasont1b2c.mp4,True,Avito,36,train,0.14,0.14,0,0,5.32,0.0,,,,current_saved_target,38.0,Summary!K145,False,/Users/asekorneev/outputs/aipm_stability_20260919/human_quality_20260920/targets.csv,/Users/asekorneev/outputs/message_delivery_features_20260819/video_manifest.csv,236ae03ee0ec27ab154f437956e6ac005bdf7739cccc349aca4518c9b3f6665b,avitojobjc2505generaloffseasont1b2c,236ae03ee0ec27ab154f437956e6ac005bdf7739cccc349aca4518c9b3f6665b,236ae03ee0ec27ab154f437956e6ac005bdf7739cccc349aca4518c9b3f6665b,Jobs,JobsCore,md58_36,36,current 10 full runs,3.0,3.0,1.0,3.0,3.0,1.0,4.0,3.8666666666666663,0.9,2.0,2.0,1.0,2.0,2.0,1.0,0.0,0.0,1.0,3.0,3.0,1.0,0.0,0.3,1.0,3.0,3.0,1.0,1.0,1.0,1.0,0.0,0.0,1.0,0.0,0.0,1.0,1.0,0.9,1.0,0.0,0.0,1.0,1.0,1.0,1.0,2.0,2.0,1.0,0.0,0.0,1.0,2.0,2.0,1.0,0.0,2.0,2.2380467955239065,0.1025641025641025,0.8974358974358975,0.2692307692307692,0.141025641025641,0.1025641025641025,0.14,3.0,3.0,3.8666666666666663,2.0,2.0,0.0,3.0,0.3,3.0,1.0,0.0,0.0,0.9,0.0,1.0,2.0,2.5,1.0,3.0,3.0,0.0,2.0,19.5,0.3909238892613075,0.1281476190550852,0.2166560184956562,0.0838290179319591,0.0320221605996946,0.0407967315844706,0.1119117384283148,0.2255153231663036,0.1578947368421052,0.0,0.1045697470346163,0.1943851184625305,0.1130317265795206,0.0421416461467742,6.4667205810546875,0.0,2.439362049102783,,2.0,0.0,1.0,1.0,2.0,0.0,3,3,0.0,0.0,1.0,2.0,1.0,20.0,2.0,5.0,4.0,3.0,4.0,5.0,45.0,0.0,20.0,5.0,3.0,0.0,0.0,0.0,0.0,0.0,0.0,1.0,0.0,1.0,0.0,0.0,0.0,0.0
md58_36,pretest_md58,Avito_Job_jc-25-05-General-Off_Season-T1-B2C,video filename; not an independently verified brief,Avito_Job_jc-25-05-General-Off_Season-T1-B2C.AVI,/Users/asekorneev/Desktop/Creatives_validation/Avito_Job_jc-25-05-General-Off_Season-T1-B2C.AVI,/Users/asekorneev/outputs/message_delivery_features_20260819/prepared_media/avitojobjc2505generaloffseasont1b2c.mp4,True,Avito,36,train,0.14,0.14,0,0,5.32,0.0,,,,current_saved_target,38.0,Summary!K145,False,/Users/asekorneev/outputs/aipm_stability_20260919/human_quality_20260920/targets.csv,/Users/asekorneev/outputs/message_delivery_features_20260819/video_manifest.csv,236ae03ee0ec27ab154f437956e6ac005bdf7739cccc349aca4518c9b3f6665b,avitojobjc2505generaloffseasont1b2c,236ae03ee0ec27ab154f437956e6ac005bdf7739cccc349aca4518c9b3f6665b,236ae03ee0ec27ab154f437956e6ac005bdf7739cccc349aca4518c9b3f6665b,Jobs,JobsCore,md58_36,36,current 10 full runs,3.0,3.0,1.0,3.0,3.0,1.0,4.0,4.0,1.0,2.0,2.0,1.0,2.0,2.0,1.0,0.0,0.0,1.0,3.0,3.0,1.0,0.0,0.0,1.0,3.0,3.0,1.0,1.0,1.0,1.0,0.0,0.0,1.0,0.0,0.0,1.0,1.0,0.9,1.0,0.0,0.0,1.0,1.0,0.9,1.0,2.0,2.0,1.0,0.0,0.0,1.0,2.0,2.0,1.0,0.0,2.0,2.2380467955239065,0.0256410256410256,0.9743589743589745,0.1923076923076923,0.0897435897435897,0.0512820512820512,0.14,3.0,3.0,4.0,2.0,2.0,0.0,3.0,0.0,3.0,1.0,0.0,0.0,0.9,0.0,0.9,2.0,2.6,1.0,3.0,3.0,0.0,2.0,19.5,0.3909238892613075,0.1281476190550852,0.2166560184956562,0.0838290179319591,0.0320221605996946,0.0407967315844706,0.1119117384283148,0.2255153231663036,0.1578947368421052,0.0,0.1045697470346163,0.1943851184625305,0.1130317265795206,0.0421416461467742,6.4667205810546875,0.0,2.439362049102783,,2.0,0.0,1.0,1.0,2.0,0.0,4,4,0.0,0.0,1.0,2.0,0.0,20.0,2.0,5.0,4.0,3.0,4.0,5.0,45.0,0.0,20.0,5.0,3.0,0.0,0.0,0.0,0.0,0.0,0.0,1.0,0.0,1.0,0.0,0.0,0.0,0.0
md58_36,pretest_md58,Avito_Job_jc-25-05-General-Off_Season-T1-B2C,video filename; not an independently verified brief,Avito_Job_jc-25-05-General-Off_Season-T1-B2C.AVI,/Users/asekorneev/Desktop/Creatives_validation/Avito_Job_jc-25-05-General-Off_Season-T1-B2C.AVI,/Users/asekorneev/outputs/message_delivery_features_20260819/prepared_media/avitojobjc2505generaloffseasont1b2c.mp4,True,Avito,36,train,0.14,0.14,0,0,5.32,0.0,,,,current_saved_target,38.0,Summary!K145,False,/Users/asekorneev/outputs/aipm_stability_20260919/human_quality_20260920/targets.csv,/Users/asekorneev/outputs/message_delivery_features_20260819/video_manifest.csv,236ae03ee0ec27ab154f437956e6ac005bdf7739cccc349aca4518c9b3f6665b,avitojobjc2505generaloffseasont1b2c,236ae03ee0ec27ab154f437956e6ac005bdf7739cccc349aca4518c9b3f6665b,236ae03ee0ec27ab154f437956e6ac005bdf7739cccc349aca4518c9b3f6665b,Jobs,JobsCore,md58_36,36,current 10 full runs,3.0,2.9,1.0,3.0,2.9,1.0,4.0,3.9,0.9,2.0,2.0,1.0,2.0,2.0,1.0,0.0,0.0,1.0,3.0,3.0,1.0,0.0,0.1,1.0,3.0,3.0,1.0,1.0,1.0,1.0,0.0,0.0,1.0,0.0,0.0,1.0,1.0,0.8,1.0,0.0,0.0,1.0,1.0,0.6333333333333333,0.9333333333333332,2.0,2.0,1.0,0.0,0.0,1.0,2.0,2.0,1.0,0.0,2.0,2.2380467955239065,0.0769230769230768,0.9230769230769232,0.2692307692307692,0.3333333333333333,0.1794871794871795,0.14,2.9,2.9,3.9,2.0,2.0,0.0,3.0,0.1,3.0,1.0,0.0,0.0,0.8,0.0,0.6333333333333333,2.0,2.433333333333333,1.0,2.9,2.9,0.0,2.0,19.5,0.3909238892613075,0.1281476190550852,0.2166560184956562,0.0838290179319591,0.0320221605996946,0.0407967315844706,0.1119117384283148,0.2255153231663036,0.1578947368421052,0.0,0.1045697470346163,0.1943851184625305,0.1130317265795206,0.0421416461467742,6.4667205810546875,0.0,2.439362049102783,,2.0,0.0,1.0,1.0,2.0,0.0,5,5,0.0,0.0,1.0,2.0,1.0,20.0,2.0,5.0,4.0,3.0,4.0,5.0,45.0,0.0,20.0,5.0,3.0,0.0,0.0,0.0,0.0,0.0,0.0,1.0,0.0,1.0,0.0,0.0,0.0,0.0
md58_36,pretest_md58,Avito_Job_jc-25-05-General-Off_Season-T1-B2C,video filename; not an independently verified brief,Avito_Job_jc-25-05-General-Off_Season-T1-B2C.AVI,/Users/asekorneev/Desktop/Creatives_validation/Avito_Job_jc-25-05-General-Off_Season-T1-B2C.AVI,/Users/asekorneev/outputs/message_delivery_features_20260819/prepared_media/avitojobjc2505generaloffseasont1b2c.mp4,True,Avito,36,train,0.14,0.14,0,0,5.32,0.0,,,,current_saved_target,38.0,Summary!K145,False,/Users/asekorneev/outputs/aipm_stability_20260919/human_quality_20260920/targets.csv,/Users/asekorneev/outputs/message_delivery_features_20260819/video_manifest.csv,236ae03ee0ec27ab154f437956e6ac005bdf7739cccc349aca4518c9b3f6665b,avitojobjc2505generaloffseasont1b2c,236ae03ee0ec27ab154f437956e6ac005bdf7739cccc349aca4518c9b3f6665b,236ae03ee0ec27ab154f437956e6ac005bdf7739cccc349aca4518c9b3f6665b,Jobs,JobsCore,md58_36,36,current 10 full runs,3.0,3.0,1.0,3.0,3.0,1.0,4.0,3.933333333333333,0.9333333333333332,2.0,2.0,1.0,2.0,2.066666666666667,0.9666666666666666,0.0,0.0,1.0,3.0,3.0,1.0,0.0,0.2,1.0,3.0,3.033333333333333,0.9666666666666666,1.0,1.0,1.0,0.0,0.0,1.0,0.0,0.0,1.0,1.0,0.9666666666666668,0.9666666666666666,0.0,0.0,1.0,1.0,0.9666666666666668,0.9666666666666666,2.0,2.0,1.0,0.0,0.0,1.0,2.0,2.033333333333333,0.9666666666666666,0.0,2.033333333333333,2.2380467955239065,0.0769230769230768,0.9230769230769232,0.3461538461538461,0.358974358974359,0.1282051282051282,0.14,3.0,3.0,3.933333333333333,2.0,2.066666666666667,0.0,3.0,0.2,3.033333333333333,1.0,0.0,0.0,0.9666666666666668,0.0,0.9666666666666668,2.0,2.6666666666666665,1.0,3.0,3.0,0.0,2.033333333333333,19.5,0.3909238892613075,0.1281476190550852,0.2166560184956562,0.0838290179319591,0.0320221605996946,0.0407967315844706,0.1119117384283148,0.2255153231663036,0.1578947368421052,0.0,0.1045697470346163,0.1943851184625305,0.1130317265795206,0.0421416461467742,6.4667205810546875,0.0,2.439362049102783,,2.0,0.0,1.0,1.0,2.0,0.0,6,6,0.0,0.0,1.0,2.0,1.0,20.0,2.0,5.0,4.0,4.0,6.0,5.0,45.0,0.0,20.0,5.0,3.0,0.0,0.0,0.0,0.0,0.0,0.0,1.0,0.0,1.0,0.0,0.0,0.0,0.0
md58_36,pretest_md58,Avito_Job_jc-25-05-General-Off_Season-T1-B2C,video filename; not an independently verified brief,Avito_Job_jc-25-05-General-Off_Season-T1-B2C.AVI,/Users/asekorneev/Desktop/Creatives_validation/Avito_Job_jc-25-05-General-Off_Season-T1-B2C.AVI,/Users/asekorneev/outputs/message_delivery_features_20260819/prepared_media/avitojobjc2505generaloffseasont1b2c.mp4,True,Avito,36,train,0.14,0.14,0,0,5.32,0.0,,,,current_saved_target,38.0,Summary!K145,False,/Users/asekorneev/outputs/aipm_stability_20260919/human_quality_20260920/targets.csv,/Users/asekorneev/outputs/message_delivery_features_20260819/video_manifest.csv,236ae03ee0ec27ab154f437956e6ac005bdf7739cccc349aca4518c9b3f6665b,avitojobjc2505generaloffseasont1b2c,236ae03ee0ec27ab154f437956e6ac005bdf7739cccc349aca4518c9b3f6665b,236ae03ee0ec27ab154f437956e6ac005bdf7739cccc349aca4518c9b3f6665b,Jobs,JobsCore,md58_36,36,current 10 full runs,3.0,3.0,1.0,3.0,3.0,1.0,4.0,3.8666666666666663,0.8666666666666666,2.0,2.0,1.0,2.0,2.0,1.0,0.0,0.0,1.0,3.0,3.0,1.0,0.0,0.2,1.0,3.0,3.0,1.0,1.0,1.0,1.0,0.0,0.0,1.0,0.0,0.0,1.0,1.0,0.8,1.0,0.0,0.0,1.0,1.0,0.6666666666666666,0.9666666666666666,2.0,2.0,1.0,0.0,0.0,1.0,2.0,2.0,1.0,0.0,2.0,2.2380467955239065,0.0512820512820512,0.9487179487179488,0.2692307692307692,0.1153846153846153,0.1025641025641025,0.14,3.0,3.0,3.8666666666666663,2.0,2.0,0.0,3.0,0.2,3.0,1.0,0.0,0.0,0.8,0.0,0.6666666666666666,2.0,2.6,1.0,3.0,3.0,0.0,2.0,19.5,0.3909238892613075,0.1281476190550852,0.2166560184956562,0.0838290179319591,0.0320221605996946,0.0407967315844706,0.1119117384283148,0.2255153231663036,0.1578947368421052,0.0,0.1045697470346163,0.1943851184625305,0.1130317265795206,0.0421416461467742,6.4667205810546875,0.0,2.439362049102783,,2.0,0.0,1.0,1.0,2.0,0.0,7,7,0.0,0.0,1.0,2.0,1.0,20.0,2.0,5.0,4.0,3.0,4.0,5.0,45.0,0.0,20.0,5.0,3.0,0.0,0.0,0.0,0.0,0.0,0.0,1.0,0.0,1.0,0.0,0.0,0.0,0.0
md58_36,pretest_md58,Avito_Job_jc-25-05-General-Off_Season-T1-B2C,video filename; not an independently verified brief,Avito_Job_jc-25-05-General-Off_Season-T1-B2C.AVI,/Users/asekorneev/Desktop/Creatives_validation/Avito_Job_jc-25-05-General-Off_Season-T1-B2C.AVI,/Users/asekorneev/outputs/message_delivery_features_20260819/prepared_media/avitojobjc2505generaloffseasont1b2c.mp4,True,Avito,36,train,0.14,0.14,0,0,5.32,0.0,,,,current_saved_target,38.0,Summary!K145,False,/Users/asekorneev/outputs/aipm_stability_20260919/human_quality_20260920/targets.csv,/Users/asekorneev/outputs/message_delivery_features_20260819/video_manifest.csv,236ae03ee0ec27ab154f437956e6ac005bdf7739cccc349aca4518c9b3f6665b,avitojobjc2505generaloffseasont1b2c,236ae03ee0ec27ab154f437956e6ac005bdf7739cccc349aca4518c9b3f6665b,236ae03ee0ec27ab154f437956e6ac005bdf7739cccc349aca4518c9b3f6665b,Jobs,JobsCore,md58_36,36,current 10 full runs,3.0,3.0,1.0,3.0,3.0,1.0,4.0,3.9,0.9333333333333332,2.0,2.0,1.0,2.0,2.0,1.0,0.0,0.0,1.0,3.0,3.0,1.0,0.0,0.1,1.0,3.0,3.0,1.0,1.0,1.0,1.0,0.0,0.0,1.0,0.0,0.0,1.0,1.0,1.0,1.0,0.0,0.0,1.0,1.0,1.0,1.0,2.0,2.0,1.0,0.0,0.0,1.0,2.0,2.0,1.0,0.0,2.0,2.2380467955239065,0.0512820512820512,0.9487179487179488,0.2692307692307692,0.4615384615384615,0.1282051282051281,0.14,3.0,3.0,3.9,2.0,2.0,0.0,3.0,0.1,3.0,1.0,0.0,0.0,1.0,0.0,1.0,2.0,2.6666666666666665,1.0,3.0,3.0,0.0,2.0,19.5,0.3909238892613075,0.1281476190550852,0.2166560184956562,0.0838290179319591,0.0320221605996946,0.0407967315844706,0.1119117384283148,0.2255153231663036,0.1578947368421052,0.0,0.1045697470346163,0.1943851184625305,0.1130317265795206,0.0421416461467742,6.4667205810546875,0.0,2.439362049102783,,2.0,0.0,1.0,1.0,2.0,0.0,8,8,0.0,0.0,1.0,2.0,1.0,20.0,2.0,5.0,4.0,3.0,4.0,5.0,45.0,0.0,20.0,5.0,3.0,0.0,0.0,0.0,0.0,0.0,0.0,1.0,0.0,1.0,0.0,0.0,0.0,0.0
md58_36,pretest_md58,Avito_Job_jc-25-05-General-Off_Season-T1-B2C,video filename; not an independently verified brief,Avito_Job_jc-25-05-General-Off_Season-T1-B2C.AVI,/Users/asekorneev/Desktop/Creatives_validation/Avito_Job_jc-25-05-General-Off_Season-T1-B2C.AVI,/Users/asekorneev/outputs/message_delivery_features_20260819/prepared_media/avitojobjc2505generaloffseasont1b2c.mp4,True,Avito,36,train,0.14,0.14,0,0,5.32,0.0,,,,current_saved_target,38.0,Summary!K145,False,/Users/asekorneev/outputs/aipm_stability_20260919/human_quality_20260920/targets.csv,/Users/asekorneev/outputs/message_delivery_features_20260819/video_manifest.csv,236ae03ee0ec27ab154f437956e6ac005bdf7739cccc349aca4518c9b3f6665b,avitojobjc2505generaloffseasont1b2c,236ae03ee0ec27ab154f437956e6ac005bdf7739cccc349aca4518c9b3f6665b,236ae03ee0ec27ab154f437956e6ac005bdf7739cccc349aca4518c9b3f6665b,Jobs,JobsCore,md58_36,36,current 10 full runs,3.0,3.0,1.0,3.0,3.0,1.0,4.0,3.8666666666666663,0.8666666666666666,2.0,2.0,1.0,2.0,2.0,1.0,0.0,0.0,1.0,3.0,3.0,1.0,0.0,0.1,1.0,3.0,3.033333333333333,0.9666666666666666,1.0,1.0,1.0,0.0,0.0,1.0,0.0,0.0,1.0,1.0,0.9666666666666668,0.9666666666666666,0.0,0.0,1.0,1.0,0.8333333333333334,0.9333333333333332,2.0,2.0,1.0,0.0,0.0,1.0,2.0,2.033333333333333,0.9666666666666666,0.0,2.033333333333333,2.2380467955239065,0.1025641025641025,0.8974358974358975,0.2692307692307692,0.4615384615384615,0.1794871794871794,0.14,3.0,3.0,3.8666666666666663,2.0,2.0,0.0,3.0,0.1,3.033333333333333,1.0,0.0,0.0,0.9666666666666668,0.0,0.8333333333333334,2.0,2.566666666666667,1.0,3.0,3.0,0.0,2.033333333333333,19.5,0.3909238892613075,0.1281476190550852,0.2166560184956562,0.0838290179319591,0.0320221605996946,0.0407967315844706,0.1119117384283148,0.2255153231663036,0.1578947368421052,0.0,0.1045697470346163,0.1943851184625305,0.1130317265795206,0.0421416461467742,6.4667205810546875,0.0,2.439362049102783,,2.0,0.0,1.0,1.0,2.0,0.0,9,9,0.0,0.0,1.0,2.0,1.0,20.0,2.0,5.0,4.0,3.0,4.0,5.0,45.0,0.0,20.0,5.0,3.0,0.0,0.0,0.0,0.0,0.0,0.0,1.0,0.0,1.0,0.0,0.0,0.0,0.0
md58_36,pretest_md58,Avito_Job_jc-25-05-General-Off_Season-T1-B2C,video filename; not an independently verified brief,Avito_Job_jc-25-05-General-Off_Season-T1-B2C.AVI,/Users/asekorneev/Desktop/Creatives_validation/Avito_Job_jc-25-05-General-Off_Season-T1-B2C.AVI,/Users/asekorneev/outputs/message_delivery_features_20260819/prepared_media/avitojobjc2505generaloffseasont1b2c.mp4,True,Avito,36,train,0.14,0.14,0,0,5.32,0.0,,,,current_saved_target,38.0,Summary!K145,False,/Users/asekorneev/outputs/aipm_stability_20260919/human_quality_20260920/targets.csv,/Users/asekorneev/outputs/message_delivery_features_20260819/video_manifest.csv,236ae03ee0ec27ab154f437956e6ac005bdf7739cccc349aca4518c9b3f6665b,avitojobjc2505generaloffseasont1b2c,236ae03ee0ec27ab154f437956e6ac005bdf7739cccc349aca4518c9b3f6665b,236ae03ee0ec27ab154f437956e6ac005bdf7739cccc349aca4518c9b3f6665b,Jobs,JobsCore,md58_36,36,current 10 full runs,3.0,3.0,1.0,3.0,3.0,1.0,4.0,3.9,0.9,2.0,2.0,1.0,2.0,2.0,1.0,0.0,0.0,1.0,3.0,3.0,1.0,0.0,0.0666666666666666,0.9666666666666666,3.0,3.0,1.0,1.0,1.0,1.0,0.0,0.0,1.0,0.0,0.0,1.0,1.0,0.8333333333333334,0.9333333333333332,0.0,0.0,1.0,1.0,0.9333333333333332,0.9333333333333332,2.0,2.066666666666667,0.9666666666666666,0.0,0.0,1.0,2.0,2.0,1.0,0.0,2.0,2.2380467955239065,0.0512820512820512,0.9487179487179488,0.3461538461538461,0.4230769230769231,0.1538461538461538,0.14,3.0,3.0,3.9,2.0,2.0,0.0,3.0,0.0666666666666666,3.0,1.0,0.0,0.0,0.8333333333333334,0.0,0.9333333333333332,2.066666666666667,2.8,1.0,3.0,3.0,0.0,2.0,19.5,0.3909238892613075,0.1281476190550852,0.2166560184956562,0.0838290179319591,0.0320221605996946,0.0407967315844706,0.1119117384283148,0.2255153231663036,0.1578947368421052,0.0,0.1045697470346163,0.1943851184625305,0.1130317265795206,0.0421416461467742,6.4667205810546875,0.0,2.439362049102783,,2.0,0.0,1.0,1.0,2.0,0.0,10,10,0.0,0.0,1.0,2.0,1.0,20.0,2.0,5.0,4.0,3.0,4.0,5.0,45.0,0.0,20.0,5.0,3.0,0.0,0.0,0.0,0.0,0.0,0.0,1.0,0.0,1.0,0.0,0.0,0.0,0.0
md58_37,pretest_md58,Avito_Job_jc-25-08-General-T1-B2C,brief column,Avito_Job_jc-25-08-General-T1-B2C.AVI,/Users/asekorneev/Desktop/Creatives_validation/Avito_Job_jc-25-08-General-T1-B2C.AVI,/Users/asekorneev/outputs/message_delivery_features_20260819/prepared_media/avitojobjc2508generalt1b2c.mp4,True,Avito,37,train,0.18,0.18,0,0,7.919999999999999,0.0,,,,current_saved_target,44.0,Summary!K147,False,/Users/asekorneev/outputs/aipm_stability_20260919/human_quality_20260920/targets.csv,/Users/asekorneev/outputs/message_delivery_features_20260819/video_manifest.csv,3bcc3190ded959049d06676baddfbe5589478bbf6242982101e8692fbd0ed20d,avitojobjc2508generalt1b2c,3bcc3190ded959049d06676baddfbe5589478bbf6242982101e8692fbd0ed20d,jobs_2025_2026_shared,Jobs,JobsCore,md58_37,37,current 10 full runs,3.0,3.0,1.0,3.0,3.0,1.0,3.0,3.2666666666666666,0.8666666666666666,3.0,2.966666666666667,0.9666666666666666,3.0,3.3666666666666667,0.8333333333333333,1.0,0.8333333333333334,0.9666666666666666,3.0,3.0,1.0,0.0,0.3333333333333333,0.9,3.0,3.2666666666666666,0.8333333333333333,3.0,2.8666666666666667,0.9666666666666666,0.0,0.0,1.0,0.0,0.0,1.0,1.0,1.0,0.9333333333333332,1.0,0.8333333333333334,0.9666666666666666,2.0,1.6,0.8333333333333333,2.0,2.2,0.8999999999999998,1.0,1.0,1.0,3.0,2.6333333333333333,0.8999999999999998,1.0,2.6333333333333333,1.9328585961342828,0.0256410256410256,0.9743589743589745,0.3461538461538461,0.2307692307692307,0.1794871794871795,0.18,3.0,3.0,3.2666666666666666,2.966666666666667,3.3666666666666667,0.8333333333333334,3.0,0.3333333333333333,3.2666666666666666,2.8666666666666667,0.0,0.0,1.0,0.8333333333333334,1.6,2.2,2.9,1.0,3.0,3.0,1.0,2.6333333333333333,19.5,0.4119274947395862,0.0928535220630072,0.2427377096485257,0.0656071308865426,0.0167715280380333,0.0528157806495886,0.1352169332645338,0.2545778685548293,0.2368421052631578,0.0,0.1135268246187363,0.2060720775592116,0.0593231663035584,0.0397517308592796,10.085287094116213,0.0306122448979591,5.946910381317139,,3.0,0.0,1.0,1.0,2.0,0.0,1,1,0.0,0.0,0.0,2.0,0.0,20.0,2.0,3.0,4.0,4.0,9.0,5.0,44.0,0.0,20.0,3.0,0.0,0.0,0.0,0.0,0.0,0.0,0.0,0.0,0.0,1.0,0.0,1.0,1.0,0.0
md58_37,pretest_md58,Avito_Job_jc-25-08-General-T1-B2C,brief column,Avito_Job_jc-25-08-General-T1-B2C.AVI,/Users/asekorneev/Desktop/Creatives_validation/Avito_Job_jc-25-08-General-T1-B2C.AVI,/Users/asekorneev/outputs/message_delivery_features_20260819/prepared_media/avitojobjc2508generalt1b2c.mp4,True,Avito,37,train,0.18,0.18,0,0,7.919999999999999,0.0,,,,current_saved_target,44.0,Summary!K147,False,/Users/asekorneev/outputs/aipm_stability_20260919/human_quality_20260920/targets.csv,/Users/asekorneev/outputs/message_delivery_features_20260819/video_manifest.csv,3bcc3190ded959049d06676baddfbe5589478bbf6242982101e8692fbd0ed20d,avitojobjc2508generalt1b2c,3bcc3190ded959049d06676baddfbe5589478bbf6242982101e8692fbd0ed20d,jobs_2025_2026_shared,Jobs,JobsCore,md58_37,37,current 10 full runs,3.0,2.9,1.0,3.0,2.9,1.0,3.0,3.3,0.8333333333333333,3.0,2.9,0.9,3.0,3.2333333333333334,0.7,1.0,1.0,1.0,3.0,3.0,1.0,1.0,0.5,0.9,3.0,3.3666666666666667,0.8,3.0,2.7666666666666666,0.9666666666666666,0.0,0.0,1.0,0.0,0.0,1.0,1.0,0.9666666666666668,0.8333333333333333,1.0,1.0,1.0,2.0,1.6,0.7333333333333333,2.0,2.1666666666666665,0.8333333333333333,1.0,1.0,1.0,2.0,2.466666666666667,0.8666666666666666,1.0,2.466666666666667,1.9328585961342828,0.1282051282051282,0.8717948717948718,0.2692307692307692,0.0769230769230769,0.0769230769230769,0.18,2.9,2.9,3.3,2.9,3.2333333333333334,1.0,3.0,0.5,3.3666666666666667,2.7666666666666666,0.0,0.0,0.9666666666666668,1.0,1.6,2.1666666666666665,2.8333333333333335,1.0,2.9,2.9,1.0,2.466666666666667,19.5,0.4119274947395862,0.0928535220630072,0.2427377096485257,0.0656071308865426,0.0167715280380333,0.0528157806495886,0.1352169332645338,0.2545778685548293,0.2368421052631578,0.0,0.1135268246187363,0.2060720775592116,0.0593231663035584,0.0397517308592796,10.085287094116213,0.0306122448979591,5.946910381317139,,2.0,0.0,1.0,1.0,2.0,0.0,2,2,0.0,0.0,0.0,2.0,0.0,20.0,2.0,3.0,4.0,4.0,8.0,5.0,45.0,0.0,20.0,3.0,0.0,0.0,0.0,0.0,0.0,0.0,0.0,0.0,0.0,1.0,0.0,1.0,1.0,0.0
md58_37,pretest_md58,Avito_Job_jc-25-08-General-T1-B2C,brief column,Avito_Job_jc-25-08-General-T1-B2C.AVI,/Users/asekorneev/Desktop/Creatives_validation/Avito_Job_jc-25-08-General-T1-B2C.AVI,/Users/asekorneev/outputs/message_delivery_features_20260819/prepared_media/avitojobjc2508generalt1b2c.mp4,True,Avito,37,train,0.18,0.18,0,0,7.919999999999999,0.0,,,,current_saved_target,44.0,Summary!K147,False,/Users/asekorneev/outputs/aipm_stability_20260919/human_quality_20260920/targets.csv,/Users/asekorneev/outputs/message_delivery_features_20260819/video_manifest.csv,3bcc3190ded959049d06676baddfbe5589478bbf6242982101e8692fbd0ed20d,avitojobjc2508generalt1b2c,3bcc3190ded959049d06676baddfbe5589478bbf6242982101e8692fbd0ed20d,jobs_2025_2026_shared,Jobs,JobsCore,md58_37,37,current 10 full runs,3.0,2.966666666666667,0.9666666666666666,3.0,3.0,1.0,3.0,3.2,0.8,3.0,2.966666666666667,0.9666666666666666,3.0,3.2333333333333334,0.8,1.0,1.0,1.0,3.0,3.0,1.0,0.0,0.1666666666666666,0.9,3.0,3.3333333333333335,0.8,3.0,2.8666666666666667,0.9666666666666666,0.0,0.0,1.0,0.0,0.0,1.0,1.0,0.7666666666666667,0.8666666666666666,1.0,1.0,1.0,1.0,1.1666666666666667,0.7666666666666667,2.0,2.2333333333333334,0.8,1.0,1.0,1.0,2.0,2.433333333333333,0.8666666666666666,1.0,2.433333333333333,1.9328585961342828,0.0512820512820512,0.9487179487179488,0.2692307692307692,0.1923076923076923,0.1025641025641025,0.18,2.966666666666667,3.0,3.2,2.966666666666667,3.2333333333333334,1.0,3.0,0.1666666666666666,3.3333333333333335,2.8666666666666667,0.0,0.0,0.7666666666666667,1.0,1.1666666666666667,2.2333333333333334,2.7,1.0,3.0,3.0,1.0,2.433333333333333,19.5,0.4119274947395862,0.0928535220630072,0.2427377096485257,0.0656071308865426,0.0167715280380333,0.0528157806495886,0.1352169332645338,0.2545778685548293,0.2368421052631578,0.0,0.1135268246187363,0.2060720775592116,0.0593231663035584,0.0397517308592796,10.085287094116213,0.0306122448979591,5.946910381317139,,3.0,0.0,1.0,1.0,2.0,0.0,3,3,0.0,0.0,0.0,2.0,0.0,20.0,2.0,3.0,4.0,4.0,10.0,5.0,42.0,0.0,20.0,3.0,0.0,0.0,0.0,0.0,0.0,0.0,0.0,0.0,0.0,1.0,0.0,1.0,1.0,0.0
md58_37,pretest_md58,Avito_Job_jc-25-08-General-T1-B2C,brief column,Avito_Job_jc-25-08-General-T1-B2C.AVI,/Users/asekorneev/Desktop/Creatives_validation/Avito_Job_jc-25-08-General-T1-B2C.AVI,/Users/asekorneev/outputs/message_delivery_features_20260819/prepared_media/avitojobjc2508generalt1b2c.mp4,True,Avito,37,train,0.18,0.18,0,0,7.919999999999999,0.0,,,,current_saved_target,44.0,Summary!K147,False,/Users/asekorneev/outputs/aipm_stability_20260919/human_quality_20260920/targets.csv,/Users/asekorneev/outputs/message_delivery_features_20260819/video_manifest.csv,3bcc3190ded959049d06676baddfbe5589478bbf6242982101e8692fbd0ed20d,avitojobjc2508generalt1b2c,3bcc3190ded959049d06676baddfbe5589478bbf6242982101e8692fbd0ed20d,jobs_2025_2026_shared,Jobs,JobsCore,md58_37,37,current 10 full runs,3.0,2.966666666666667,0.9666666666666666,3.0,2.966666666666667,0.9666666666666666,3.0,3.1333333333333333,0.8999999999999998,3.0,2.933333333333333,0.9333333333333332,3.0,3.1333333333333333,0.8666666666666666,1.0,1.0,1.0,3.0,3.0,1.0,0.0,0.3666666666666666,0.9666666666666666,3.0,3.466666666666667,0.8666666666666666,3.0,3.0,1.0,0.0,0.0,1.0,0.0,0.0,1.0,1.0,1.0333333333333334,0.9666666666666666,1.0,1.0,1.0,1.0,1.3666666666666667,0.8666666666666666,2.0,2.2,0.9333333333333332,1.0,1.0,1.0,2.0,2.433333333333333,0.8666666666666666,1.0,2.433333333333333,1.9328585961342828,0.0512820512820512,0.9487179487179488,0.1923076923076923,0.2179487179487179,0.2564102564102564,0.18,2.966666666666667,2.966666666666667,3.1333333333333333,2.933333333333333,3.1333333333333333,1.0,3.0,0.3666666666666666,3.466666666666667,3.0,0.0,0.0,1.0333333333333334,1.0,1.3666666666666667,2.2,2.7333333333333334,1.0,2.966666666666667,2.966666666666667,1.0,2.433333333333333,19.5,0.4119274947395862,0.0928535220630072,0.2427377096485257,0.0656071308865426,0.0167715280380333,0.0528157806495886,0.1352169332645338,0.2545778685548293,0.2368421052631578,0.0,0.1135268246187363,0.2060720775592116,0.0593231663035584,0.0397517308592796,10.085287094116213,0.0306122448979591,5.946910381317139,,3.0,0.0,1.0,1.0,2.0,0.0,4,4,0.0,0.0,0.0,2.0,0.0,20.0,2.0,3.0,4.0,4.0,10.0,5.0,42.0,0.0,20.0,3.0,0.0,0.0,0.0,0.0,0.0,0.0,0.0,0.0,0.0,1.0,0.0,1.0,1.0,0.0
md58_37,pretest_md58,Avito_Job_jc-25-08-General-T1-B2C,brief column,Avito_Job_jc-25-08-General-T1-B2C.AVI,/Users/asekorneev/Desktop/Creatives_validation/Avito_Job_jc-25-08-General-T1-B2C.AVI,/Users/asekorneev/outputs/message_delivery_features_20260819/prepared_media/avitojobjc2508generalt1b2c.mp4,True,Avito,37,train,0.18,0.18,0,0,7.919999999999999,0.0,,,,current_saved_target,44.0,Summary!K147,False,/Users/asekorneev/outputs/aipm_stability_20260919/human_quality_20260920/targets.csv,/Users/asekorneev/outputs/message_delivery_features_20260819/video_manifest.csv,3bcc3190ded959049d06676baddfbe5589478bbf6242982101e8692fbd0ed20d,avitojobjc2508generalt1b2c,3bcc3190ded959049d06676baddfbe5589478bbf6242982101e8692fbd0ed20d,jobs_2025_2026_shared,Jobs,JobsCore,md58_37,37,current 10 full runs,3.0,3.0,1.0,3.0,3.0,1.0,3.0,3.3,0.8333333333333333,3.0,2.966666666666667,0.9666666666666666,3.0,3.2666666666666666,0.7666666666666667,1.0,0.9,1.0,3.0,3.0,1.0,0.0,0.4,0.9333333333333332,3.0,3.433333333333333,0.8333333333333333,3.0,2.966666666666667,0.9666666666666666,0.0,0.0,1.0,0.0,0.0,1.0,1.0,0.9,0.8333333333333333,1.0,0.9,1.0,2.0,1.5666666666666669,0.8,2.0,2.1333333333333333,0.8666666666666666,1.0,1.0,1.0,2.0,2.3333333333333335,0.8666666666666666,1.0,2.3333333333333335,1.9328585961342828,0.0769230769230769,0.9230769230769232,0.1923076923076923,0.141025641025641,0.1538461538461538,0.18,3.0,3.0,3.3,2.966666666666667,3.2666666666666666,0.9,3.0,0.4,3.433333333333333,2.966666666666667,0.0,0.0,0.9,0.9,1.5666666666666669,2.1333333333333333,3.2,1.0,3.0,3.0,1.0,2.3333333333333335,19.5,0.4119274947395862,0.0928535220630072,0.2427377096485257,0.0656071308865426,0.0167715280380333,0.0528157806495886,0.1352169332645338,0.2545778685548293,0.2368421052631578,0.0,0.1135268246187363,0.2060720775592116,0.0593231663035584,0.0397517308592796,10.085287094116213,0.0306122448979591,5.946910381317139,,2.0,0.0,1.0,1.0,2.0,0.0,5,5,0.0,0.0,0.0,2.0,0.0,20.0,2.0,3.0,4.0,4.0,8.0,5.0,45.0,0.0,20.0,3.0,0.0,0.0,0.0,0.0,0.0,0.0,0.0,0.0,0.0,1.0,0.0,1.0,1.0,0.0
md58_37,pretest_md58,Avito_Job_jc-25-08-General-T1-B2C,brief column,Avito_Job_jc-25-08-General-T1-B2C.AVI,/Users/asekorneev/Desktop/Creatives_validation/Avito_Job_jc-25-08-General-T1-B2C.AVI,/Users/asekorneev/outputs/message_delivery_features_20260819/prepared_media/avitojobjc2508generalt1b2c.mp4,True,Avito,37,train,0.18,0.18,0,0,7.919999999999999,0.0,,,,current_saved_target,44.0,Summary!K147,False,/Users/asekorneev/outputs/aipm_stability_20260919/human_quality_20260920/targets.csv,/Users/asekorneev/outputs/message_delivery_features_20260819/video_manifest.csv,3bcc3190ded959049d06676baddfbe5589478bbf6242982101e8692fbd0ed20d,avitojobjc2508generalt1b2c,3bcc3190ded959049d06676baddfbe5589478bbf6242982101e8692fbd0ed20d,jobs_2025_2026_shared,Jobs,JobsCore,md58_37,37,current 10 full runs,3.0,3.0,1.0,3.0,3.0,1.0,3.0,3.2,0.8333333333333334,3.0,2.966666666666667,0.9666666666666666,3.0,3.2,0.8333333333333334,1.0,1.0,1.0,3.0,3.0,1.0,0.0,0.4,0.9333333333333332,4.0,3.566666666666667,0.8666666666666666,3.0,2.9,0.9333333333333332,0.0,0.0,1.0,0.0,0.0,1.0,1.0,0.8666666666666667,0.9666666666666666,1.0,0.9,1.0,1.0,1.3333333333333333,0.8333333333333334,2.0,2.2333333333333334,0.8666666666666666,1.0,1.0,1.0,3.0,2.533333333333333,0.8999999999999998,1.0,2.533333333333333,1.9328585961342828,0.0512820512820512,0.9487179487179488,0.1923076923076923,0.0641025641025641,0.0512820512820512,0.18,3.0,3.0,3.2,2.966666666666667,3.2,1.0,3.0,0.4,3.566666666666667,2.9,0.0,0.0,0.8666666666666667,0.9,1.3333333333333333,2.2333333333333334,2.7,1.0,3.0,3.0,1.0,2.533333333333333,19.5,0.4119274947395862,0.0928535220630072,0.2427377096485257,0.0656071308865426,0.0167715280380333,0.0528157806495886,0.1352169332645338,0.2545778685548293,0.2368421052631578,0.0,0.1135268246187363,0.2060720775592116,0.0593231663035584,0.0397517308592796,10.085287094116213,0.0306122448979591,5.946910381317139,,3.0,0.0,1.0,1.0,3.0,0.0,6,6,0.0,0.0,0.0,2.0,0.0,20.0,2.0,3.0,4.0,4.0,9.0,5.0,44.0,0.0,20.0,3.0,0.0,0.0,0.0,0.0,0.0,0.0,0.0,0.0,0.0,1.0,0.0,1.0,1.0,0.0
md58_37,pretest_md58,Avito_Job_jc-25-08-General-T1-B2C,brief column,Avito_Job_jc-25-08-General-T1-B2C.AVI,/Users/asekorneev/Desktop/Creatives_validation/Avito_Job_jc-25-08-General-T1-B2C.AVI,/Users/asekorneev/outputs/message_delivery_features_20260819/prepared_media/avitojobjc2508generalt1b2c.mp4,True,Avito,37,train,0.18,0.18,0,0,7.919999999999999,0.0,,,,current_saved_target,44.0,Summary!K147,False,/Users/asekorneev/outputs/aipm_stability_20260919/human_quality_20260920/targets.csv,/Users/asekorneev/outputs/message_delivery_features_20260819/video_manifest.csv,3bcc3190ded959049d06676baddfbe5589478bbf6242982101e8692fbd0ed20d,avitojobjc2508generalt1b2c,3bcc3190ded959049d06676baddfbe5589478bbf6242982101e8692fbd0ed20d,jobs_2025_2026_shared,Jobs,JobsCore,md58_37,37,current 10 full runs,3.0,2.8333333333333335,0.8999999999999998,3.0,2.933333333333333,0.9666666666666666,3.0,3.3,0.7333333333333334,3.0,2.966666666666667,0.9666666666666666,3.0,3.3,0.7333333333333334,1.0,1.0,1.0,3.0,3.0,1.0,0.0,0.3333333333333333,0.9333333333333332,3.0,3.466666666666667,0.8,3.0,2.966666666666667,0.9666666666666666,0.0,0.0,1.0,0.0,0.0,1.0,1.0,0.9333333333333332,0.8,1.0,0.9666666666666668,0.9666666666666666,1.0,1.4666666666666666,0.7333333333333334,2.0,2.2,0.8333333333333333,1.0,1.0,1.0,3.0,2.566666666666667,0.8333333333333334,1.0,2.566666666666667,1.9328585961342828,0.0769230769230768,0.9230769230769232,0.1923076923076923,0.141025641025641,0.1538461538461538,0.18,2.8333333333333335,2.933333333333333,3.3,2.966666666666667,3.3,1.0,3.0,0.3333333333333333,3.466666666666667,2.966666666666667,0.0,0.0,0.9333333333333332,0.9666666666666668,1.4666666666666666,2.2,2.6666666666666665,1.0,2.933333333333333,2.933333333333333,1.0,2.566666666666667,19.5,0.4119274947395862,0.0928535220630072,0.2427377096485257,0.0656071308865426,0.0167715280380333,0.0528157806495886,0.1352169332645338,0.2545778685548293,0.2368421052631578,0.0,0.1135268246187363,0.2060720775592116,0.0593231663035584,0.0397517308592796,10.085287094116213,0.0306122448979591,5.946910381317139,,2.0,0.0,1.0,1.0,2.0,0.0,7,7,0.0,0.0,0.0,2.0,0.0,20.0,2.0,3.0,4.0,4.0,9.0,5.0,44.0,0.0,20.0,3.0,0.0,0.0,0.0,0.0,0.0,0.0,0.0,0.0,0.0,1.0,0.0,1.0,1.0,0.0
md58_37,pretest_md58,Avito_Job_jc-25-08-General-T1-B2C,brief column,Avito_Job_jc-25-08-General-T1-B2C.AVI,/Users/asekorneev/Desktop/Creatives_validation/Avito_Job_jc-25-08-General-T1-B2C.AVI,/Users/asekorneev/outputs/message_delivery_features_20260819/prepared_media/avitojobjc2508generalt1b2c.mp4,True,Avito,37,train,0.18,0.18,0,0,7.919999999999999,0.0,,,,current_saved_target,44.0,Summary!K147,False,/Users/asekorneev/outputs/aipm_stability_20260919/human_quality_20260920/targets.csv,/Users/asekorneev/outputs/message_delivery_features_20260819/video_manifest.csv,3bcc3190ded959049d06676baddfbe5589478bbf6242982101e8692fbd0ed20d,avitojobjc2508generalt1b2c,3bcc3190ded959049d06676baddfbe5589478bbf6242982101e8692fbd0ed20d,jobs_2025_2026_shared,Jobs,JobsCore,md58_37,37,current 10 full runs,3.0,2.9,1.0,3.0,2.9,1.0,3.0,3.066666666666667,0.9333333333333332,3.0,3.0,1.0,3.0,3.066666666666667,0.9333333333333332,1.0,1.0,1.0,3.0,3.0,1.0,0.0,0.3,1.0,3.0,3.2333333333333334,0.9666666666666666,3.0,2.9,1.0,0.0,0.0,1.0,0.0,0.0,1.0,1.0,0.9333333333333332,0.9666666666666666,1.0,1.0,1.0,2.0,1.6,0.8999999999999998,2.0,2.066666666666667,0.9333333333333332,1.0,1.0,1.0,2.0,2.3333333333333335,0.9666666666666666,1.0,2.3333333333333335,1.9328585961342828,0.0256410256410256,0.9743589743589745,0.3461538461538461,0.2179487179487179,0.2051282051282051,0.18,2.9,2.9,3.066666666666667,3.0,3.066666666666667,1.0,3.0,0.3,3.2333333333333334,2.9,0.0,0.0,0.9333333333333332,1.0,1.6,2.066666666666667,2.6666666666666665,1.0,2.9,2.9,1.0,2.3333333333333335,19.5,0.4119274947395862,0.0928535220630072,0.2427377096485257,0.0656071308865426,0.0167715280380333,0.0528157806495886,0.1352169332645338,0.2545778685548293,0.2368421052631578,0.0,0.1135268246187363,0.2060720775592116,0.0593231663035584,0.0397517308592796,10.085287094116213,0.0306122448979591,5.946910381317139,,3.0,0.0,1.0,1.0,2.0,0.0,8,8,0.0,0.0,0.0,2.0,0.0,20.0,2.0,3.0,4.0,4.0,10.0,5.0,42.0,0.0,20.0,3.0,0.0,0.0,0.0,0.0,0.0,0.0,0.0,0.0,0.0,1.0,0.0,1.0,1.0,0.0
md58_37,pretest_md58,Avito_Job_jc-25-08-General-T1-B2C,brief column,Avito_Job_jc-25-08-General-T1-B2C.AVI,/Users/asekorneev/Desktop/Creatives_validation/Avito_Job_jc-25-08-General-T1-B2C.AVI,/Users/asekorneev/outputs/message_delivery_features_20260819/prepared_media/avitojobjc2508generalt1b2c.mp4,True,Avito,37,train,0.18,0.18,0,0,7.919999999999999,0.0,,,,current_saved_target,44.0,Summary!K147,False,/Users/asekorneev/outputs/aipm_stability_20260919/human_quality_20260920/targets.csv,/Users/asekorneev/outputs/message_delivery_features_20260819/video_manifest.csv,3bcc3190ded959049d06676baddfbe5589478bbf6242982101e8692fbd0ed20d,avitojobjc2508generalt1b2c,3bcc3190ded959049d06676baddfbe5589478bbf6242982101e8692fbd0ed20d,jobs_2025_2026_shared,Jobs,JobsCore,md58_37,37,current 10 full runs,3.0,2.8,1.0,3.0,2.8,1.0,3.0,3.2,0.8,3.0,3.0,1.0,3.0,3.2666666666666666,0.7333333333333334,1.0,1.0,1.0,3.0,3.0,1.0,0.0,0.4,1.0,3.0,3.3,0.7666666666666667,3.0,2.7,1.0,0.0,0.0,1.0,0.0,0.1,1.0,1.0,0.8666666666666667,0.8333333333333334,1.0,1.0,1.0,2.0,1.7,0.8,2.0,2.1333333333333333,0.8666666666666666,1.0,1.0,1.0,3.0,2.5,0.8333333333333333,1.0,2.5,1.9328585961342828,0.0512820512820512,0.9487179487179488,0.3461538461538461,0.2179487179487179,0.2051282051282051,0.18,2.8,2.8,3.2,3.0,3.2666666666666666,1.0,3.0,0.4,3.3,2.7,0.0,0.1,0.8666666666666667,1.0,1.7,2.1333333333333333,2.6,1.0,2.8,2.8,1.0,2.5,19.5,0.4119274947395862,0.0928535220630072,0.2427377096485257,0.0656071308865426,0.0167715280380333,0.0528157806495886,0.1352169332645338,0.2545778685548293,0.2368421052631578,0.0,0.1135268246187363,0.2060720775592116,0.0593231663035584,0.0397517308592796,10.085287094116213,0.0306122448979591,5.946910381317139,,3.0,0.0,1.0,1.0,3.0,0.0,9,9,0.0,0.0,0.0,2.0,0.0,20.0,2.0,3.0,4.0,4.0,9.0,5.0,44.0,0.0,20.0,3.0,0.0,0.0,0.0,0.0,0.0,0.0,0.0,0.0,0.0,1.0,0.0,1.0,1.0,0.0
md58_37,pretest_md58,Avito_Job_jc-25-08-General-T1-B2C,brief column,Avito_Job_jc-25-08-General-T1-B2C.AVI,/Users/asekorneev/Desktop/Creatives_validation/Avito_Job_jc-25-08-General-T1-B2C.AVI,/Users/asekorneev/outputs/message_delivery_features_20260819/prepared_media/avitojobjc2508generalt1b2c.mp4,True,Avito,37,train,0.18,0.18,0,0,7.919999999999999,0.0,,,,current_saved_target,44.0,Summary!K147,False,/Users/asekorneev/outputs/aipm_stability_20260919/human_quality_20260920/targets.csv,/Users/asekorneev/outputs/message_delivery_features_20260819/video_manifest.csv,3bcc3190ded959049d06676baddfbe5589478bbf6242982101e8692fbd0ed20d,avitojobjc2508generalt1b2c,3bcc3190ded959049d06676baddfbe5589478bbf6242982101e8692fbd0ed20d,jobs_2025_2026_shared,Jobs,JobsCore,md58_37,37,current 10 full runs,3.0,2.933333333333333,0.9666666666666666,3.0,2.933333333333333,0.9666666666666666,3.0,3.3,0.8,3.0,2.966666666666667,0.9666666666666666,3.0,3.3333333333333335,0.7666666666666667,1.0,0.9,1.0,3.0,3.0,1.0,0.0,0.1666666666666666,0.9666666666666666,3.0,3.4,0.8333333333333333,3.0,2.7666666666666666,0.9666666666666666,0.0,0.0,1.0,0.0,0.0,1.0,1.0,0.9,0.8333333333333333,1.0,0.9,1.0,1.0,1.4666666666666666,0.7333333333333334,2.0,2.2,0.8,1.0,1.0,1.0,2.0,2.3666666666666667,0.8333333333333333,1.0,2.3666666666666667,1.9328585961342828,0.0512820512820512,0.9487179487179488,0.2692307692307692,0.1538461538461538,0.1794871794871795,0.18,2.933333333333333,2.933333333333333,3.3,2.966666666666667,3.3333333333333335,0.9,3.0,0.1666666666666666,3.4,2.7666666666666666,0.0,0.0,0.9,0.9,1.4666666666666666,2.2,3.0,1.0,2.933333333333333,2.933333333333333,1.0,2.3666666666666667,19.5,0.4119274947395862,0.0928535220630072,0.2427377096485257,0.0656071308865426,0.0167715280380333,0.0528157806495886,0.1352169332645338,0.2545778685548293,0.2368421052631578,0.0,0.1135268246187363,0.2060720775592116,0.0593231663035584,0.0397517308592796,10.085287094116213,0.0306122448979591,5.946910381317139,,3.0,0.0,1.0,1.0,2.0,0.0,10,10,0.0,0.0,0.0,2.0,0.0,20.0,2.0,3.0,4.0,4.0,9.0,5.0,44.0,0.0,20.0,3.0,0.0,0.0,0.0,0.0,0.0,0.0,0.0,0.0,0.0,1.0,0.0,1.0,1.0,0.0
md58_38,pretest_md58,Avito_RE_re-24-04-STR-T1-С2С,video filename; not an independently verified brief,Avito_RE_re-24-04-STR-T1-С2С.mp4,/Users/asekorneev/Desktop/Creatives_validation/Avito_RE_re-24-04-STR-T1-С2С.mp4,/Users/asekorneev/outputs/message_delivery_features_20260819/prepared_media/avitorere2404strt1с2с.mp4,True,Avito,38,train,0.37,0.37,2,2,13.32,2.0,,,,current_saved_target,36.0,Summary!K92,False,/Users/asekorneev/outputs/aipm_stability_20260919/human_quality_20260920/targets.csv,/Users/asekorneev/outputs/message_delivery_features_20260819/video_manifest.csv,c0d21ddc15f6787eb3aae563c755c3846c75c63efd6a122727cc1d782d0775d9,avitorere2404strt1c2c,c0d21ddc15f6787eb3aae563c755c3846c75c63efd6a122727cc1d782d0775d9,c0d21ddc15f6787eb3aae563c755c3846c75c63efd6a122727cc1d782d0775d9,RE,Rent,md58_38,38,current 10 full runs,3.0,2.9,1.0,3.0,2.9,1.0,2.0,2.0,1.0,2.0,1.9,1.0,2.0,1.5,1.0,2.0,2.0,1.0,3.0,3.0,1.0,0.0,0.1,1.0,3.0,3.466666666666667,0.9333333333333332,3.0,2.6,1.0,1.0,1.0,1.0,1.0,0.5,1.0,1.0,1.0,1.0,0.0,0.0,1.0,1.0,1.0,1.0,2.0,2.0,1.0,0.0,0.0,1.0,3.0,3.0,1.0,0.0,3.0,1.3493253373313343,0.0769230769230769,0.9230769230769232,0.2692307692307692,0.0897435897435897,0.0512820512820512,0.37,2.9,2.9,2.0,1.9,1.5,2.0,3.0,0.1,3.466666666666667,2.6,1.0,0.5,1.0,0.0,1.0,2.0,2.0,1.0,2.9,2.9,0.0,3.0,20.0,0.3410253381445171,0.1082685063462721,0.1954475881204958,0.1338595588235294,0.0475153206810585,0.0336479985281493,0.1247374192317002,0.1946171205519244,0.0769230769230769,0.0,0.1681884229000242,0.1966514987472411,0.1616088870733478,0.0639420002698898,19.22332763671875,0.095,7.064901828765869,,1.0,1.0,2.0,1.0,3.0,0.0,1,1,0.0,1.0,0.0,2.0,1.0,20.0,2.0,4.0,5.0,4.0,4.0,2.0,22.0,0.0,10.0,4.0,3.0,1.0,0.0,0.0,0.0,0.0,0.0,0.0,0.0,1.0,1.0,0.0,0.0,0.0
md58_38,pretest_md58,Avito_RE_re-24-04-STR-T1-С2С,video filename; not an independently verified brief,Avito_RE_re-24-04-STR-T1-С2С.mp4,/Users/asekorneev/Desktop/Creatives_validation/Avito_RE_re-24-04-STR-T1-С2С.mp4,/Users/asekorneev/outputs/message_delivery_features_20260819/prepared_media/avitorere2404strt1с2с.mp4,True,Avito,38,train,0.37,0.37,2,2,13.32,2.0,,,,current_saved_target,36.0,Summary!K92,False,/Users/asekorneev/outputs/aipm_stability_20260919/human_quality_20260920/targets.csv,/Users/asekorneev/outputs/message_delivery_features_20260819/video_manifest.csv,c0d21ddc15f6787eb3aae563c755c3846c75c63efd6a122727cc1d782d0775d9,avitorere2404strt1c2c,c0d21ddc15f6787eb3aae563c755c3846c75c63efd6a122727cc1d782d0775d9,c0d21ddc15f6787eb3aae563c755c3846c75c63efd6a122727cc1d782d0775d9,RE,Rent,md58_38,38,current 10 full runs,3.0,2.8,1.0,3.0,3.0,1.0,2.0,2.0,1.0,2.0,1.9,1.0,1.0,1.4,1.0,2.0,2.0,1.0,3.0,3.0,1.0,0.0,0.0,1.0,4.0,3.5,1.0,3.0,2.6,1.0,1.0,1.0,1.0,1.0,0.5,1.0,1.0,1.0,1.0,0.0,0.0,1.0,1.0,1.0,1.0,2.0,2.0,1.0,0.0,0.0,1.0,3.0,3.0,1.0,0.0,3.0,1.2826919873396634,0.0769230769230769,0.9230769230769232,0.2692307692307692,0.0641025641025641,0.0512820512820512,0.37,2.8,3.0,2.0,1.9,1.4,2.0,3.0,0.0,3.5,2.6,1.0,0.5,1.0,0.0,1.0,2.0,2.0,1.0,2.9,2.9,0.0,3.0,20.0,0.3410253381445171,0.1082685063462721,0.1954475881204958,0.1338595588235294,0.0475153206810585,0.0336479985281493,0.1247374192317002,0.1946171205519244,0.0769230769230769,0.0,0.1681884229000242,0.1966514987472411,0.1616088870733478,0.0639420002698898,19.22332763671875,0.095,7.064901828765869,,1.0,0.0,2.0,1.0,2.0,0.0,2,2,0.0,1.0,0.0,2.0,1.0,20.0,2.0,4.0,5.0,4.0,4.0,2.0,22.0,0.0,15.0,4.0,3.0,1.0,0.0,0.0,0.0,0.0,0.0,0.0,0.0,1.0,1.0,0.0,0.0,0.0
md58_38,pretest_md58,Avito_RE_re-24-04-STR-T1-С2С,video filename; not an independently verified brief,Avito_RE_re-24-04-STR-T1-С2С.mp4,/Users/asekorneev/Desktop/Creatives_validation/Avito_RE_re-24-04-STR-T1-С2С.mp4,/Users/asekorneev/outputs/message_delivery_features_20260819/prepared_media/avitorere2404strt1с2с.mp4,True,Avito,38,train,0.37,0.37,2,2,13.32,2.0,,,,current_saved_target,36.0,Summary!K92,False,/Users/asekorneev/outputs/aipm_stability_20260919/human_quality_20260920/targets.csv,/Users/asekorneev/outputs/message_delivery_features_20260819/video_manifest.csv,c0d21ddc15f6787eb3aae563c755c3846c75c63efd6a122727cc1d782d0775d9,avitorere2404strt1c2c,c0d21ddc15f6787eb3aae563c755c3846c75c63efd6a122727cc1d782d0775d9,c0d21ddc15f6787eb3aae563c755c3846c75c63efd6a122727cc1d782d0775d9,RE,Rent,md58_38,38,current 10 full runs,3.0,2.8,1.0,3.0,3.0,1.0,2.0,2.0,1.0,2.0,1.9,1.0,1.0,1.3333333333333333,0.9666666666666666,2.0,2.0,1.0,3.0,3.0,1.0,0.0,0.0,1.0,4.0,3.5,0.9333333333333332,3.0,2.6,1.0,1.0,1.0,1.0,0.0,0.4,1.0,1.0,1.0,1.0,0.0,0.0,1.0,1.0,1.0,1.0,2.0,2.0,1.0,0.0,0.0,1.0,3.0,3.0,1.0,0.0,3.0,1.3493253373313343,0.1025641025641025,0.8974358974358975,0.2692307692307692,0.0641025641025641,0.0512820512820512,0.37,2.8,3.0,2.0,1.9,1.3333333333333333,2.0,3.0,0.0,3.5,2.6,1.0,0.4,1.0,0.0,1.0,2.0,2.0,1.0,3.0,3.0,0.0,3.0,20.0,0.3410253381445171,0.1082685063462721,0.1954475881204958,0.1338595588235294,0.0475153206810585,0.0336479985281493,0.1247374192317002,0.1946171205519244,0.0769230769230769,0.0,0.1681884229000242,0.1966514987472411,0.1616088870733478,0.0639420002698898,19.22332763671875,0.095,7.064901828765869,,1.0,1.0,2.0,1.0,3.0,0.0,3,3,0.0,1.0,0.0,2.0,1.0,20.0,2.0,4.0,5.0,4.0,4.0,2.0,22.0,0.0,15.0,4.0,3.0,1.0,0.0,0.0,0.0,0.0,0.0,0.0,0.0,1.0,1.0,0.0,0.0,0.0
md58_38,pretest_md58,Avito_RE_re-24-04-STR-T1-С2С,video filename; not an independently verified brief,Avito_RE_re-24-04-STR-T1-С2С.mp4,/Users/asekorneev/Desktop/Creatives_validation/Avito_RE_re-24-04-STR-T1-С2С.mp4,/Users/asekorneev/outputs/message_delivery_features_20260819/prepared_media/avitorere2404strt1с2с.mp4,True,Avito,38,train,0.37,0.37,2,2,13.32,2.0,,,,current_saved_target,36.0,Summary!K92,False,/Users/asekorneev/outputs/aipm_stability_20260919/human_quality_20260920/targets.csv,/Users/asekorneev/outputs/message_delivery_features_20260819/video_manifest.csv,c0d21ddc15f6787eb3aae563c755c3846c75c63efd6a122727cc1d782d0775d9,avitorere2404strt1c2c,c0d21ddc15f6787eb3aae563c755c3846c75c63efd6a122727cc1d782d0775d9,c0d21ddc15f6787eb3aae563c755c3846c75c63efd6a122727cc1d782d0775d9,RE,Rent,md58_38,38,current 10 full runs,3.0,2.8,1.0,3.0,2.9,1.0,2.0,2.0,1.0,2.0,2.0,1.0,1.0,1.3,1.0,2.0,2.0,1.0,3.0,3.0,1.0,0.0,0.1,1.0,4.0,3.533333333333333,0.9666666666666666,3.0,2.6,1.0,1.0,1.0,1.0,1.0,0.5,1.0,1.0,1.0,1.0,0.0,0.0,1.0,1.0,1.0,1.0,2.0,2.0,1.0,0.0,0.0,1.0,3.0,3.0,1.0,0.0,3.0,1.3493253373313343,0.0769230769230769,0.9230769230769232,0.2692307692307692,0.0641025641025641,0.0512820512820512,0.37,2.8,2.9,2.0,2.0,1.3,2.0,3.0,0.1,3.533333333333333,2.6,1.0,0.5,1.0,0.0,1.0,2.0,2.0,1.0,2.8,2.9,0.0,3.0,20.0,0.3410253381445171,0.1082685063462721,0.1954475881204958,0.1338595588235294,0.0475153206810585,0.0336479985281493,0.1247374192317002,0.1946171205519244,0.0769230769230769,0.0,0.1681884229000242,0.1966514987472411,0.1616088870733478,0.0639420002698898,19.22332763671875,0.095,7.064901828765869,,1.0,1.0,2.0,1.0,3.0,0.0,4,4,0.0,1.0,0.0,2.0,1.0,20.0,2.0,4.0,5.0,4.0,4.0,2.0,22.0,0.0,10.0,4.0,3.0,1.0,0.0,0.0,0.0,0.0,0.0,0.0,0.0,1.0,1.0,0.0,0.0,0.0
md58_38,pretest_md58,Avito_RE_re-24-04-STR-T1-С2С,video filename; not an independently verified brief,Avito_RE_re-24-04-STR-T1-С2С.mp4,/Users/asekorneev/Desktop/Creatives_validation/Avito_RE_re-24-04-STR-T1-С2С.mp4,/Users/asekorneev/outputs/message_delivery_features_20260819/prepared_media/avitorere2404strt1с2с.mp4,True,Avito,38,train,0.37,0.37,2,2,13.32,2.0,,,,current_saved_target,36.0,Summary!K92,False,/Users/asekorneev/outputs/aipm_stability_20260919/human_quality_20260920/targets.csv,/Users/asekorneev/outputs/message_delivery_features_20260819/video_manifest.csv,c0d21ddc15f6787eb3aae563c755c3846c75c63efd6a122727cc1d782d0775d9,avitorere2404strt1c2c,c0d21ddc15f6787eb3aae563c755c3846c75c63efd6a122727cc1d782d0775d9,c0d21ddc15f6787eb3aae563c755c3846c75c63efd6a122727cc1d782d0775d9,RE,Rent,md58_38,38,current 10 full runs,3.0,2.9,1.0,3.0,3.0,1.0,2.0,2.0,1.0,2.0,1.9,1.0,1.0,1.4,1.0,2.0,2.0,1.0,3.0,3.0,1.0,0.0,0.1,1.0,4.0,3.5,1.0,3.0,2.7,1.0,1.0,1.0,1.0,1.0,0.5,1.0,1.0,1.0,1.0,0.0,0.0,1.0,1.0,1.0,1.0,2.0,2.0,1.0,0.0,0.0,1.0,3.0,3.0,1.0,0.0,3.0,1.3493253373313343,0.0769230769230769,0.9230769230769232,0.2692307692307692,0.0641025641025641,0.0512820512820512,0.37,2.9,3.0,2.0,1.9,1.4,2.0,3.0,0.1,3.5,2.7,1.0,0.5,1.0,0.0,1.0,2.0,2.0,1.0,3.0,3.0,0.0,3.0,20.0,0.3410253381445171,0.1082685063462721,0.1954475881204958,0.1338595588235294,0.0475153206810585,0.0336479985281493,0.1247374192317002,0.1946171205519244,0.0769230769230769,0.0,0.1681884229000242,0.1966514987472411,0.1616088870733478,0.0639420002698898,19.22332763671875,0.095,7.064901828765869,,1.0,1.0,2.0,1.0,3.0,0.0,5,5,0.0,1.0,0.0,2.0,1.0,20.0,2.0,4.0,5.0,4.0,4.0,2.0,22.0,0.0,15.0,4.0,3.0,1.0,0.0,0.0,0.0,0.0,0.0,0.0,0.0,1.0,1.0,0.0,0.0,0.0
md58_38,pretest_md58,Avito_RE_re-24-04-STR-T1-С2С,video filename; not an independently verified brief,Avito_RE_re-24-04-STR-T1-С2С.mp4,/Users/asekorneev/Desktop/Creatives_validation/Avito_RE_re-24-04-STR-T1-С2С.mp4,/Users/asekorneev/outputs/message_delivery_features_20260819/prepared_media/avitorere2404strt1с2с.mp4,True,Avito,38,train,0.37,0.37,2,2,13.32,2.0,,,,current_saved_target,36.0,Summary!K92,False,/Users/asekorneev/outputs/aipm_stability_20260919/human_quality_20260920/targets.csv,/Users/asekorneev/outputs/message_delivery_features_20260819/video_manifest.csv,c0d21ddc15f6787eb3aae563c755c3846c75c63efd6a122727cc1d782d0775d9,avitorere2404strt1c2c,c0d21ddc15f6787eb3aae563c755c3846c75c63efd6a122727cc1d782d0775d9,c0d21ddc15f6787eb3aae563c755c3846c75c63efd6a122727cc1d782d0775d9,RE,Rent,md58_38,38,current 10 full runs,3.0,3.0,1.0,3.0,3.0,1.0,2.0,2.0,1.0,2.0,1.9,1.0,1.0,1.2333333333333334,0.9666666666666666,2.0,2.0,1.0,3.0,3.0,1.0,0.0,0.0,1.0,3.0,3.433333333333333,0.9666666666666666,3.0,2.6,1.0,1.0,1.0,1.0,0.0,0.3,1.0,1.0,1.0,1.0,0.0,0.0,1.0,1.0,1.0,1.0,2.0,2.0,1.0,0.0,0.0,1.0,3.0,3.0,1.0,0.0,3.0,1.3493253373313343,0.0512820512820512,0.9487179487179488,0.2692307692307692,0.0641025641025641,0.0512820512820512,0.37,3.0,3.0,2.0,1.9,1.2333333333333334,2.0,3.0,0.0,3.433333333333333,2.6,1.0,0.3,1.0,0.0,1.0,2.0,2.0,1.0,3.0,3.0,0.0,3.0,20.0,0.3410253381445171,0.1082685063462721,0.1954475881204958,0.1338595588235294,0.0475153206810585,0.0336479985281493,0.1247374192317002,0.1946171205519244,0.0769230769230769,0.0,0.1681884229000242,0.1966514987472411,0.1616088870733478,0.0639420002698898,19.22332763671875,0.095,7.064901828765869,,1.0,1.0,2.0,1.0,3.0,0.0,6,6,0.0,1.0,0.0,2.0,1.0,20.0,2.0,4.0,5.0,4.0,4.0,2.0,22.0,0.0,10.0,4.0,3.0,1.0,0.0,0.0,0.0,0.0,0.0,0.0,0.0,1.0,1.0,0.0,0.0,0.0
md58_38,pretest_md58,Avito_RE_re-24-04-STR-T1-С2С,video filename; not an independently verified brief,Avito_RE_re-24-04-STR-T1-С2С.mp4,/Users/asekorneev/Desktop/Creatives_validation/Avito_RE_re-24-04-STR-T1-С2С.mp4,/Users/asekorneev/outputs/message_delivery_features_20260819/prepared_media/avitorere2404strt1с2с.mp4,True,Avito,38,train,0.37,0.37,2,2,13.32,2.0,,,,current_saved_target,36.0,Summary!K92,False,/Users/asekorneev/outputs/aipm_stability_20260919/human_quality_20260920/targets.csv,/Users/asekorneev/outputs/message_delivery_features_20260819/video_manifest.csv,c0d21ddc15f6787eb3aae563c755c3846c75c63efd6a122727cc1d782d0775d9,avitorere2404strt1c2c,c0d21ddc15f6787eb3aae563c755c3846c75c63efd6a122727cc1d782d0775d9,c0d21ddc15f6787eb3aae563c755c3846c75c63efd6a122727cc1d782d0775d9,RE,Rent,md58_38,38,current 10 full runs,3.0,2.7,1.0,3.0,2.8333333333333335,0.9666666666666666,2.0,2.0,1.0,2.0,1.9,1.0,1.0,1.3333333333333333,0.9666666666666666,2.0,2.0,1.0,3.0,3.0,1.0,0.0,0.0,1.0,4.0,3.5,0.9333333333333332,3.0,2.6,1.0,1.0,1.0,1.0,1.0,0.6,1.0,1.0,1.0,1.0,0.0,0.0,1.0,1.0,1.0,1.0,2.0,2.0,1.0,0.0,0.0,1.0,3.0,2.933333333333333,0.9666666666666666,0.0,2.933333333333333,1.3493253373313343,0.0769230769230769,0.9230769230769232,0.2692307692307692,0.2179487179487179,0.0,0.37,2.7,2.8333333333333335,2.0,1.9,1.3333333333333333,2.0,3.0,0.0,3.5,2.6,1.0,0.6,1.0,0.0,1.0,2.0,2.0,1.0,2.8333333333333335,2.8333333333333335,0.0,2.933333333333333,20.0,0.3410253381445171,0.1082685063462721,0.1954475881204958,0.1338595588235294,0.0475153206810585,0.0336479985281493,0.1247374192317002,0.1946171205519244,0.0769230769230769,0.0,0.1681884229000242,0.1966514987472411,0.1616088870733478,0.0639420002698898,19.22332763671875,0.095,7.064901828765869,,2.0,0.0,2.0,1.0,3.0,0.0,7,7,0.0,1.0,0.0,2.0,1.0,20.0,2.0,4.0,5.0,4.0,4.0,2.0,22.0,0.0,15.0,4.0,3.0,1.0,0.0,0.0,0.0,0.0,0.0,0.0,0.0,1.0,1.0,0.0,0.0,0.0
md58_38,pretest_md58,Avito_RE_re-24-04-STR-T1-С2С,video filename; not an independently verified brief,Avito_RE_re-24-04-STR-T1-С2С.mp4,/Users/asekorneev/Desktop/Creatives_validation/Avito_RE_re-24-04-STR-T1-С2С.mp4,/Users/asekorneev/outputs/message_delivery_features_20260819/prepared_media/avitorere2404strt1с2с.mp4,True,Avito,38,train,0.37,0.37,2,2,13.32,2.0,,,,current_saved_target,36.0,Summary!K92,False,/Users/asekorneev/outputs/aipm_stability_20260919/human_quality_20260920/targets.csv,/Users/asekorneev/outputs/message_delivery_features_20260819/video_manifest.csv,c0d21ddc15f6787eb3aae563c755c3846c75c63efd6a122727cc1d782d0775d9,avitorere2404strt1c2c,c0d21ddc15f6787eb3aae563c755c3846c75c63efd6a122727cc1d782d0775d9,c0d21ddc15f6787eb3aae563c755c3846c75c63efd6a122727cc1d782d0775d9,RE,Rent,md58_38,38,current 10 full runs,3.0,2.9,1.0,3.0,3.0,1.0,2.0,2.0,1.0,2.0,1.6,1.0,1.0,1.2,1.0,2.0,2.0,1.0,3.0,3.0,1.0,0.0,0.0,1.0,3.0,3.4,1.0,3.0,2.7,1.0,1.0,1.0,1.0,0.0,0.2,1.0,1.0,1.0,1.0,0.0,0.0,1.0,1.0,1.0,1.0,2.0,2.0,1.0,0.0,0.0,1.0,3.0,3.0,1.0,0.0,3.0,1.3493253373313343,0.1025641025641025,0.8974358974358975,0.2692307692307692,0.0769230769230769,0.0256410256410256,0.37,2.9,3.0,2.0,1.6,1.2,2.0,3.0,0.0,3.4,2.7,1.0,0.2,1.0,0.0,1.0,2.0,2.0,1.0,3.0,3.0,0.0,3.0,20.0,0.3410253381445171,0.1082685063462721,0.1954475881204958,0.1338595588235294,0.0475153206810585,0.0336479985281493,0.1247374192317002,0.1946171205519244,0.0769230769230769,0.0,0.1681884229000242,0.1966514987472411,0.1616088870733478,0.0639420002698898,19.22332763671875,0.095,7.064901828765869,,1.0,1.0,2.0,1.0,3.0,0.0,8,8,0.0,1.0,0.0,2.0,1.0,20.0,2.0,4.0,5.0,4.0,4.0,2.0,22.0,0.0,10.0,4.0,3.0,1.0,0.0,0.0,0.0,0.0,0.0,0.0,0.0,1.0,1.0,0.0,0.0,0.0
md58_38,pretest_md58,Avito_RE_re-24-04-STR-T1-С2С,video filename; not an independently verified brief,Avito_RE_re-24-04-STR-T1-С2С.mp4,/Users/asekorneev/Desktop/Creatives_validation/Avito_RE_re-24-04-STR-T1-С2С.mp4,/Users/asekorneev/outputs/message_delivery_features_20260819/prepared_media/avitorere2404strt1с2с.mp4,True,Avito,38,train,0.37,0.37,2,2,13.32,2.0,,,,current_saved_target,36.0,Summary!K92,False,/Users/asekorneev/outputs/aipm_stability_20260919/human_quality_20260920/targets.csv,/Users/asekorneev/outputs/message_delivery_features_20260819/video_manifest.csv,c0d21ddc15f6787eb3aae563c755c3846c75c63efd6a122727cc1d782d0775d9,avitorere2404strt1c2c,c0d21ddc15f6787eb3aae563c755c3846c75c63efd6a122727cc1d782d0775d9,c0d21ddc15f6787eb3aae563c755c3846c75c63efd6a122727cc1d782d0775d9,RE,Rent,md58_38,38,current 10 full runs,3.0,2.9,1.0,3.0,2.9,1.0,2.0,2.0,1.0,2.0,2.0,1.0,1.0,1.4,1.0,2.0,2.0,1.0,3.0,3.0,1.0,0.0,0.1,1.0,4.0,3.7,1.0,3.0,2.7,1.0,1.0,1.0,1.0,1.0,0.7,1.0,1.0,1.0,1.0,0.0,0.0,1.0,1.0,1.0,1.0,2.0,2.0,1.0,0.0,0.0,1.0,3.0,3.0,1.0,0.0,3.0,1.3493253373313343,0.0512820512820512,0.9487179487179488,0.2692307692307692,0.0641025641025641,0.0512820512820512,0.37,2.9,2.9,2.0,2.0,1.4,2.0,3.0,0.1,3.7,2.7,1.0,0.7,1.0,0.0,1.0,2.0,2.0,1.0,2.9,2.9,0.0,3.0,20.0,0.3410253381445171,0.1082685063462721,0.1954475881204958,0.1338595588235294,0.0475153206810585,0.0336479985281493,0.1247374192317002,0.1946171205519244,0.0769230769230769,0.0,0.1681884229000242,0.1966514987472411,0.1616088870733478,0.0639420002698898,19.22332763671875,0.095,7.064901828765869,,2.0,0.0,2.0,1.0,3.0,0.0,9,9,0.0,1.0,0.0,2.0,1.0,20.0,2.0,4.0,5.0,4.0,4.0,2.0,22.0,0.0,10.0,4.0,3.0,1.0,0.0,0.0,0.0,0.0,0.0,0.0,0.0,1.0,1.0,0.0,0.0,0.0
md58_38,pretest_md58,Avito_RE_re-24-04-STR-T1-С2С,video filename; not an independently verified brief,Avito_RE_re-24-04-STR-T1-С2С.mp4,/Users/asekorneev/Desktop/Creatives_validation/Avito_RE_re-24-04-STR-T1-С2С.mp4,/Users/asekorneev/outputs/message_delivery_features_20260819/prepared_media/avitorere2404strt1с2с.mp4,True,Avito,38,train,0.37,0.37,2,2,13.32,2.0,,,,current_saved_target,36.0,Summary!K92,False,/Users/asekorneev/outputs/aipm_stability_20260919/human_quality_20260920/targets.csv,/Users/asekorneev/outputs/message_delivery_features_20260819/video_manifest.csv,c0d21ddc15f6787eb3aae563c755c3846c75c63efd6a122727cc1d782d0775d9,avitorere2404strt1c2c,c0d21ddc15f6787eb3aae563c755c3846c75c63efd6a122727cc1d782d0775d9,c0d21ddc15f6787eb3aae563c755c3846c75c63efd6a122727cc1d782d0775d9,RE,Rent,md58_38,38,current 10 full runs,3.0,2.8,1.0,3.0,3.0,1.0,2.0,2.0,1.0,2.0,1.7,1.0,1.0,1.4333333333333331,0.9666666666666666,2.0,2.0,1.0,3.0,3.0,1.0,0.0,0.0,1.0,4.0,3.6666666666666665,0.9666666666666666,3.0,3.0,1.0,1.0,1.0,1.0,0.0,0.4,1.0,1.0,1.0,1.0,0.0,0.0,1.0,1.0,1.0,1.0,2.0,2.0,1.0,0.0,0.0,1.0,3.0,3.0,1.0,0.0,3.0,1.2826919873396634,0.0512820512820512,0.9487179487179488,0.2692307692307692,0.0769230769230769,0.0769230769230769,0.37,2.8,3.0,2.0,1.7,1.4333333333333331,2.0,3.0,0.0,3.6666666666666665,3.0,1.0,0.4,1.0,0.0,1.0,2.0,2.0,0.9,2.9,3.0,0.0,3.0,20.0,0.3410253381445171,0.1082685063462721,0.1954475881204958,0.1338595588235294,0.0475153206810585,0.0336479985281493,0.1247374192317002,0.1946171205519244,0.0769230769230769,0.0,0.1681884229000242,0.1966514987472411,0.1616088870733478,0.0639420002698898,19.22332763671875,0.095,7.064901828765869,,1.0,1.0,2.0,1.0,3.0,0.0,10,10,0.0,1.0,0.0,2.0,1.0,20.0,2.0,4.0,5.0,4.0,4.0,2.0,22.0,0.0,20.0,4.0,3.0,1.0,0.0,0.0,0.0,0.0,0.0,0.0,0.0,1.0,1.0,0.0,0.0,0.0
md58_39,pretest_md58,Avito_RE_re-24-08-LTR-авг-сент-T1-С2С,video filename; not an independently verified brief,Avito_RE_re-24-08-LTR-авг-сент-T1-С2С.AVI,/Users/asekorneev/Desktop/Creatives_validation/Avito_RE_re-24-08-LTR-авг-сент-T1-С2С.AVI,/Users/asekorneev/outputs/message_delivery_features_20260819/prepared_media/avitorere2408ltrавгсентt1с2с.mp4,True,Avito,39,train,0.21,0.21,1,1,9.0,1.0,,,/Users/asekorneev/outputs/aipm3_value_context_20260914/sources/promiser_comparison/combo_input.csv,current_saved_target,42.85714285714286,Existing OPM / existing message fraction,False,/Users/asekorneev/outputs/aipm_stability_20260919/human_quality_20260920/targets.csv,/Users/asekorneev/outputs/message_delivery_features_20260819/video_manifest.csv,38d4fffaa6301197c2db6fbac93fee0d2214e4c476475a7332d1e7850ef69b34,avitorere2408ltraвгceнтt1c2c,38d4fffaa6301197c2db6fbac93fee0d2214e4c476475a7332d1e7850ef69b34,38d4fffaa6301197c2db6fbac93fee0d2214e4c476475a7332d1e7850ef69b34,RE,RE,md58_39,39,saved historical same-protocol Pro extraction,3.0,2.9,1.0,3.0,3.0,1.0,2.0,2.3,1.0,1.0,1.0,1.0,1.0,1.0,1.0,2.0,1.7,1.0,3.0,3.0,1.0,1.0,0.8,1.0,3.0,3.0,1.0,1.0,0.9,1.0,0.0,0.0,1.0,0.0,0.0,1.0,0.0,0.3,1.0,0.0,0.0,1.0,0.0,0.0,1.0,2.0,2.0,1.0,1.0,1.0,1.0,3.0,2.9,1.0,1.0,2.9,2.053632043448744,0.0769230769230769,0.9230769230769232,,,,0.21,2.9,3.0,2.3,1.0,1.0,1.7,3.0,0.8,3.0,0.9,0.0,0.0,0.3,0.0,0.0,2.0,2.1,1.0,2.8,3.0,1.0,2.9,19.5,0.4149672806919537,0.1171969029038466,0.2047473226709958,0.1065038335847159,0.0304578164490629,0.0290868823882487,0.1444961467530482,0.2461256808278867,0.2368421052631578,0.0,0.1625418936092955,0.2249920697397592,0.1251340777051561,0.0475593693554401,8.42129135131836,0.010204081632653,3.8403451442718506,,2.0,1.0,1.0,1.0,3.0,0.0,1,1,1.0,0.0,1.0,2.0,1.0,20.0,3.0,3.0,3.0,1.0,8.0,5.0,35.0,0.0,20.0,3.0,2.0,0.0,0.0,0.0,1.0,1.0,0.0,0.0,1.0,1.0,0.0,0.0,0.0,0.0
md58_40,pretest_md58,Avito_RE_ re-24-09-RRE_сент-ноя-T1-С2С,brief column,Avito_RE_ re-24-09-RRE_сент-ноя-T1-С2С.mp4,/Users/asekorneev/Desktop/Creatives_validation/Avito_RE_ re-24-09-RRE_сент-ноя-T1-С2С.mp4,/Users/asekorneev/outputs/message_delivery_features_20260819/prepared_media/avitorere2409rreсентнояt1с2с.mp4,True,Avito,40,train,0.21,0.21,1,1,5.0,0.0,,,,current_saved_target,23.80952380952381,Existing OPM / existing message fraction,False,/Users/asekorneev/outputs/aipm_stability_20260919/human_quality_20260920/targets.csv,/Users/asekorneev/outputs/message_delivery_features_20260819/video_manifest.csv,bed7e271f2f92b8dbab23e87205a60e3fcea57a1c7c72984218e9a8a6020bc5a,avitorere2409rreceнтнoяt1c2c,bed7e271f2f92b8dbab23e87205a60e3fcea57a1c7c72984218e9a8a6020bc5a,bed7e271f2f92b8dbab23e87205a60e3fcea57a1c7c72984218e9a8a6020bc5a,RE,RRE,md58_40,40,current 10 full runs,2.0,2.1666666666666665,0.9333333333333332,3.0,2.966666666666667,0.9666666666666666,3.0,2.8666666666666667,0.9,3.0,3.066666666666667,0.8666666666666666,2.0,2.1,0.8999999999999998,1.0,1.4,0.9333333333333332,3.0,3.0,1.0,0.0,0.0,1.0,3.0,3.1333333333333333,0.8666666666666666,3.0,3.033333333333333,0.8999999999999998,0.0,0.0,1.0,0.0,0.0333333333333333,0.9666666666666666,1.0,1.0333333333333334,0.8999999999999998,0.0,0.0,1.0,1.0,1.0666666666666669,0.9333333333333332,2.0,2.033333333333333,0.9666666666666666,0.0,0.0,1.0,2.0,2.433333333333333,0.8999999999999998,0.0,2.433333333333333,2.2488755622188905,0.0256410256410256,0.9743589743589745,0.2692307692307692,0.0384615384615384,0.0,0.21,2.1666666666666665,2.966666666666667,2.8666666666666667,3.066666666666667,2.1,1.4,3.0,0.0,3.1333333333333333,3.033333333333333,0.0,0.0333333333333333,1.0333333333333334,0.0,1.0666666666666669,2.033333333333333,2.3666666666666667,0.9333333333333332,2.7333333333333334,2.8,0.0,2.433333333333333,20.0,0.4791880038126364,0.1122818515300476,0.2132162730938955,0.1227081971677559,0.0275643572329021,0.0482247837808152,0.1688021781837141,0.2482761801016704,0.3076923076923077,0.0,0.161057250060518,0.1996476167426242,0.137324709513435,0.0675270780920982,8.798036575317383,0.005,4.3683929443359375,,3.0,1.0,1.0,0.0,3.0,0.0,1,1,0.0,0.0,0.0,2.0,2.0,18.0,2.0,4.0,5.0,5.0,5.0,3.0,45.0,0.0,18.0,4.0,3.0,1.0,0.0,0.0,1.0,0.0,0.0,0.0,0.0,1.0,0.0,1.0,1.0,0.0
md58_40,pretest_md58,Avito_RE_ re-24-09-RRE_сент-ноя-T1-С2С,brief column,Avito_RE_ re-24-09-RRE_сент-ноя-T1-С2С.mp4,/Users/asekorneev/Desktop/Creatives_validation/Avito_RE_ re-24-09-RRE_сент-ноя-T1-С2С.mp4,/Users/asekorneev/outputs/message_delivery_features_20260819/prepared_media/avitorere2409rreсентнояt1с2с.mp4,True,Avito,40,train,0.21,0.21,1,1,5.0,0.0,,,,current_saved_target,23.80952380952381,Existing OPM / existing message fraction,False,/Users/asekorneev/outputs/aipm_stability_20260919/human_quality_20260920/targets.csv,/Users/asekorneev/outputs/message_delivery_features_20260819/video_manifest.csv,bed7e271f2f92b8dbab23e87205a60e3fcea57a1c7c72984218e9a8a6020bc5a,avitorere2409rreceнтнoяt1c2c,bed7e271f2f92b8dbab23e87205a60e3fcea57a1c7c72984218e9a8a6020bc5a,bed7e271f2f92b8dbab23e87205a60e3fcea57a1c7c72984218e9a8a6020bc5a,RE,RRE,md58_40,40,current 10 full runs,2.0,2.0,1.0,3.0,2.8333333333333335,0.9666666666666666,4.0,3.8333333333333335,0.8999999999999998,3.0,3.1333333333333333,0.9,2.0,2.1,0.9333333333333332,0.0,0.2666666666666666,0.9333333333333332,3.0,3.0,1.0,0.0,0.0,1.0,3.0,3.2666666666666666,0.8999999999999998,3.0,3.033333333333333,0.9666666666666666,0.0,0.0,1.0,0.0,0.0,1.0,1.0,0.9666666666666668,0.9666666666666666,0.0,0.0,1.0,1.0,1.0,1.0,2.0,2.0,1.0,0.0,0.0,1.0,2.0,2.2333333333333334,0.9666666666666666,0.0,2.2333333333333334,2.2488755622188905,0.0512820512820512,0.9487179487179488,0.3461538461538461,0.4102564102564103,0.0769230769230769,0.21,2.0,2.8333333333333335,3.8333333333333335,3.1333333333333333,2.1,0.2666666666666666,3.0,0.0,3.2666666666666666,3.033333333333333,0.0,0.0,0.9666666666666668,0.0,1.0,2.0,2.6333333333333333,1.0,2.6666666666666665,2.7,0.0,2.2333333333333334,20.0,0.4791880038126364,0.1122818515300476,0.2132162730938955,0.1227081971677559,0.0275643572329021,0.0482247837808152,0.1688021781837141,0.2482761801016704,0.3076923076923077,0.0,0.161057250060518,0.1996476167426242,0.137324709513435,0.0675270780920982,8.798036575317383,0.005,4.3683929443359375,,3.0,1.0,1.0,0.0,3.0,0.0,2,2,0.0,0.0,0.0,2.0,2.0,18.0,2.0,4.0,5.0,4.0,4.0,3.0,45.0,0.0,18.0,4.0,3.0,1.0,0.0,0.0,1.0,0.0,0.0,0.0,0.0,1.0,0.0,0.0,0.0,0.0
md58_40,pretest_md58,Avito_RE_ re-24-09-RRE_сент-ноя-T1-С2С,brief column,Avito_RE_ re-24-09-RRE_сент-ноя-T1-С2С.mp4,/Users/asekorneev/Desktop/Creatives_validation/Avito_RE_ re-24-09-RRE_сент-ноя-T1-С2С.mp4,/Users/asekorneev/outputs/message_delivery_features_20260819/prepared_media/avitorere2409rreсентнояt1с2с.mp4,True,Avito,40,train,0.21,0.21,1,1,5.0,0.0,,,,current_saved_target,23.80952380952381,Existing OPM / existing message fraction,False,/Users/asekorneev/outputs/aipm_stability_20260919/human_quality_20260920/targets.csv,/Users/asekorneev/outputs/message_delivery_features_20260819/video_manifest.csv,bed7e271f2f92b8dbab23e87205a60e3fcea57a1c7c72984218e9a8a6020bc5a,avitorere2409rreceнтнoяt1c2c,bed7e271f2f92b8dbab23e87205a60e3fcea57a1c7c72984218e9a8a6020bc5a,bed7e271f2f92b8dbab23e87205a60e3fcea57a1c7c72984218e9a8a6020bc5a,RE,RRE,md58_40,40,current 10 full runs,2.0,2.066666666666667,0.9333333333333332,3.0,2.933333333333333,0.9666666666666666,3.0,2.6666666666666665,0.8666666666666666,3.0,3.1666666666666665,0.8666666666666666,2.0,2.066666666666667,0.8999999999999998,2.0,1.7,0.8999999999999998,3.0,3.0,1.0,0.0,0.0,1.0,3.0,3.1333333333333333,0.8666666666666666,3.0,3.066666666666667,0.9333333333333332,0.0,0.0,1.0,0.0,0.0,1.0,1.0,1.0666666666666669,0.9333333333333332,0.0,0.0,1.0,1.0,1.0666666666666669,0.9333333333333332,2.0,2.066666666666667,0.9333333333333332,0.0,0.0,1.0,2.0,2.2333333333333334,0.9333333333333332,0.0,2.2333333333333334,2.2488755622188905,0.0769230769230769,0.9230769230769232,0.2692307692307692,0.1025641025641025,0.0256410256410256,0.21,2.066666666666667,2.933333333333333,2.6666666666666665,3.1666666666666665,2.066666666666667,1.7,3.0,0.0,3.1333333333333333,3.066666666666667,0.0,0.0,1.0666666666666669,0.0,1.0666666666666669,2.066666666666667,2.433333333333333,1.0,2.8,2.9,0.0,2.2333333333333334,20.0,0.4791880038126364,0.1122818515300476,0.2132162730938955,0.1227081971677559,0.0275643572329021,0.0482247837808152,0.1688021781837141,0.2482761801016704,0.3076923076923077,0.0,0.161057250060518,0.1996476167426242,0.137324709513435,0.0675270780920982,8.798036575317383,0.005,4.3683929443359375,,3.0,1.0,1.0,0.0,3.0,0.0,3,3,0.0,0.0,0.0,2.0,2.0,18.0,2.0,4.0,5.0,5.0,5.0,3.0,45.0,0.0,18.0,4.0,3.0,1.0,0.0,0.0,1.0,0.0,0.0,0.0,0.0,1.0,0.0,1.0,1.0,0.0
md58_40,pretest_md58,Avito_RE_ re-24-09-RRE_сент-ноя-T1-С2С,brief column,Avito_RE_ re-24-09-RRE_сент-ноя-T1-С2С.mp4,/Users/asekorneev/Desktop/Creatives_validation/Avito_RE_ re-24-09-RRE_сент-ноя-T1-С2С.mp4,/Users/asekorneev/outputs/message_delivery_features_20260819/prepared_media/avitorere2409rreсентнояt1с2с.mp4,True,Avito,40,train,0.21,0.21,1,1,5.0,0.0,,,,current_saved_target,23.80952380952381,Existing OPM / existing message fraction,False,/Users/asekorneev/outputs/aipm_stability_20260919/human_quality_20260920/targets.csv,/Users/asekorneev/outputs/message_delivery_features_20260819/video_manifest.csv,bed7e271f2f92b8dbab23e87205a60e3fcea57a1c7c72984218e9a8a6020bc5a,avitorere2409rreceнтнoяt1c2c,bed7e271f2f92b8dbab23e87205a60e3fcea57a1c7c72984218e9a8a6020bc5a,bed7e271f2f92b8dbab23e87205a60e3fcea57a1c7c72984218e9a8a6020bc5a,RE,RRE,md58_40,40,current 10 full runs,2.0,2.1,0.9333333333333332,3.0,2.966666666666667,0.9666666666666666,3.0,2.9,0.9333333333333332,3.0,3.1,0.8666666666666666,2.0,2.1333333333333333,0.8999999999999998,1.0,1.3666666666666667,0.9666666666666666,3.0,3.0,1.0,0.0,0.0,1.0,4.0,3.5,0.9333333333333332,3.0,3.0,0.9333333333333332,0.0,0.0,1.0,0.0,0.0,1.0,1.0,1.0,0.9333333333333332,0.0,0.0,1.0,1.0,1.0,1.0,2.0,2.033333333333333,0.9666666666666666,0.0,0.0,1.0,3.0,2.5,0.9333333333333332,0.0,2.5,2.2488755622188905,0.0256410256410256,0.9743589743589745,0.4230769230769231,0.2435897435897435,0.1025641025641025,0.21,2.1,2.966666666666667,2.9,3.1,2.1333333333333333,1.3666666666666667,3.0,0.0,3.5,3.0,0.0,0.0,1.0,0.0,1.0,2.033333333333333,2.2666666666666666,1.0,2.6666666666666665,2.966666666666667,0.0,2.5,20.0,0.4791880038126364,0.1122818515300476,0.2132162730938955,0.1227081971677559,0.0275643572329021,0.0482247837808152,0.1688021781837141,0.2482761801016704,0.3076923076923077,0.0,0.161057250060518,0.1996476167426242,0.137324709513435,0.0675270780920982,8.798036575317383,0.005,4.3683929443359375,,3.0,1.0,1.0,0.0,3.0,0.0,4,4,0.0,0.0,0.0,2.0,2.0,18.0,2.0,4.0,5.0,5.0,5.0,3.0,45.0,0.0,18.0,4.0,3.0,0.0,0.0,0.0,1.0,0.0,0.0,0.0,0.0,1.0,0.0,1.0,1.0,0.0
md58_40,pretest_md58,Avito_RE_ re-24-09-RRE_сент-ноя-T1-С2С,brief column,Avito_RE_ re-24-09-RRE_сент-ноя-T1-С2С.mp4,/Users/asekorneev/Desktop/Creatives_validation/Avito_RE_ re-24-09-RRE_сент-ноя-T1-С2С.mp4,/Users/asekorneev/outputs/message_delivery_features_20260819/prepared_media/avitorere2409rreсентнояt1с2с.mp4,True,Avito,40,train,0.21,0.21,1,1,5.0,0.0,,,,current_saved_target,23.80952380952381,Existing OPM / existing message fraction,False,/Users/asekorneev/outputs/aipm_stability_20260919/human_quality_20260920/targets.csv,/Users/asekorneev/outputs/message_delivery_features_20260819/video_manifest.csv,bed7e271f2f92b8dbab23e87205a60e3fcea57a1c7c72984218e9a8a6020bc5a,avitorere2409rreceнтнoяt1c2c,bed7e271f2f92b8dbab23e87205a60e3fcea57a1c7c72984218e9a8a6020bc5a,bed7e271f2f92b8dbab23e87205a60e3fcea57a1c7c72984218e9a8a6020bc5a,RE,RRE,md58_40,40,current 10 full runs,2.0,2.033333333333333,0.9666666666666666,3.0,3.0,1.0,2.0,2.2,0.9333333333333332,3.0,3.1,0.9333333333333332,2.0,2.066666666666667,0.8999999999999998,2.0,2.0,0.9333333333333332,3.0,2.9,1.0,0.0,0.0,1.0,3.0,3.2666666666666666,0.8999999999999998,3.0,3.033333333333333,0.9666666666666666,0.0,0.0,1.0,0.0,0.0,1.0,1.0,1.0333333333333334,0.9666666666666666,0.0,0.0,1.0,1.0,1.0333333333333334,0.9666666666666666,2.0,2.033333333333333,0.9666666666666666,0.0,0.0,1.0,2.0,2.3333333333333335,0.9333333333333332,0.0,2.3333333333333335,2.2488755622188905,0.0512820512820512,0.9487179487179488,0.1923076923076923,0.2564102564102564,0.0769230769230769,0.21,2.033333333333333,3.0,2.2,3.1,2.066666666666667,2.0,2.9,0.0,3.2666666666666666,3.033333333333333,0.0,0.0,1.0333333333333334,0.0,1.0333333333333334,2.033333333333333,2.2333333333333334,1.0,2.8333333333333335,2.9,0.0,2.3333333333333335,20.0,0.4791880038126364,0.1122818515300476,0.2132162730938955,0.1227081971677559,0.0275643572329021,0.0482247837808152,0.1688021781837141,0.2482761801016704,0.3076923076923077,0.0,0.161057250060518,0.1996476167426242,0.137324709513435,0.0675270780920982,8.798036575317383,0.005,4.3683929443359375,,3.0,1.0,1.0,0.0,3.0,0.0,5,5,0.0,0.0,0.0,2.0,2.0,18.0,2.0,4.0,5.0,5.0,5.0,3.0,45.0,0.0,18.0,4.0,3.0,0.0,0.0,0.0,1.0,0.0,0.0,0.0,0.0,1.0,0.0,0.0,0.0,0.0
md58_40,pretest_md58,Avito_RE_ re-24-09-RRE_сент-ноя-T1-С2С,brief column,Avito_RE_ re-24-09-RRE_сент-ноя-T1-С2С.mp4,/Users/asekorneev/Desktop/Creatives_validation/Avito_RE_ re-24-09-RRE_сент-ноя-T1-С2С.mp4,/Users/asekorneev/outputs/message_delivery_features_20260819/prepared_media/avitorere2409rreсентнояt1с2с.mp4,True,Avito,40,train,0.21,0.21,1,1,5.0,0.0,,,,current_saved_target,23.80952380952381,Existing OPM / existing message fraction,False,/Users/asekorneev/outputs/aipm_stability_20260919/human_quality_20260920/targets.csv,/Users/asekorneev/outputs/message_delivery_features_20260819/video_manifest.csv,bed7e271f2f92b8dbab23e87205a60e3fcea57a1c7c72984218e9a8a6020bc5a,avitorere2409rreceнтнoяt1c2c,bed7e271f2f92b8dbab23e87205a60e3fcea57a1c7c72984218e9a8a6020bc5a,bed7e271f2f92b8dbab23e87205a60e3fcea57a1c7c72984218e9a8a6020bc5a,RE,RRE,md58_40,40,current 10 full runs,2.0,2.0,1.0,3.0,2.8666666666666667,0.9666666666666666,3.0,3.3333333333333335,0.9666666666666666,3.0,3.0,0.9333333333333332,2.0,2.1,0.9333333333333332,1.0,0.7,1.0,3.0,2.9,1.0,0.0,0.0,1.0,3.0,3.4,0.9333333333333332,3.0,2.966666666666667,0.9666666666666666,0.0,0.0,1.0,0.0,0.0333333333333333,0.9666666666666666,1.0,1.0,1.0,0.0,0.0,1.0,1.0,1.0333333333333334,0.9666666666666666,2.0,2.0,1.0,0.0,0.0,1.0,2.0,2.2666666666666666,0.9333333333333332,0.0,2.2666666666666666,2.2488755622188905,0.0769230769230769,0.9230769230769232,0.1923076923076923,0.0384615384615384,0.0,0.21,2.0,2.8666666666666667,3.3333333333333335,3.0,2.1,0.7,2.9,0.0,3.4,2.966666666666667,0.0,0.0333333333333333,1.0,0.0,1.0333333333333334,2.0,2.3333333333333335,1.0,2.6666666666666665,2.8333333333333335,0.0,2.2666666666666666,20.0,0.4791880038126364,0.1122818515300476,0.2132162730938955,0.1227081971677559,0.0275643572329021,0.0482247837808152,0.1688021781837141,0.2482761801016704,0.3076923076923077,0.0,0.161057250060518,0.1996476167426242,0.137324709513435,0.0675270780920982,8.798036575317383,0.005,4.3683929443359375,,3.0,1.0,1.0,0.0,3.0,0.0,6,6,0.0,0.0,0.0,2.0,2.0,18.0,2.0,4.0,5.0,5.0,5.0,3.0,45.0,0.0,18.0,4.0,3.0,0.0,0.0,0.0,1.0,0.0,0.0,0.0,0.0,1.0,0.0,1.0,1.0,0.0
md58_40,pretest_md58,Avito_RE_ re-24-09-RRE_сент-ноя-T1-С2С,brief column,Avito_RE_ re-24-09-RRE_сент-ноя-T1-С2С.mp4,/Users/asekorneev/Desktop/Creatives_validation/Avito_RE_ re-24-09-RRE_сент-ноя-T1-С2С.mp4,/Users/asekorneev/outputs/message_delivery_features_20260819/prepared_media/avitorere2409rreсентнояt1с2с.mp4,True,Avito,40,train,0.21,0.21,1,1,5.0,0.0,,,,current_saved_target,23.80952380952381,Existing OPM / existing message fraction,False,/Users/asekorneev/outputs/aipm_stability_20260919/human_quality_20260920/targets.csv,/Users/asekorneev/outputs/message_delivery_features_20260819/video_manifest.csv,bed7e271f2f92b8dbab23e87205a60e3fcea57a1c7c72984218e9a8a6020bc5a,avitorere2409rreceнтнoяt1c2c,bed7e271f2f92b8dbab23e87205a60e3fcea57a1c7c72984218e9a8a6020bc5a,bed7e271f2f92b8dbab23e87205a60e3fcea57a1c7c72984218e9a8a6020bc5a,RE,RRE,md58_40,40,current 10 full runs,2.0,2.033333333333333,0.9666666666666666,3.0,2.933333333333333,0.9666666666666666,3.0,3.033333333333333,0.9,3.0,3.033333333333333,0.9,2.0,2.066666666666667,0.9333333333333332,1.0,1.2666666666666666,0.9333333333333332,3.0,2.9,1.0,0.0,0.0,1.0,3.0,3.1333333333333333,0.9666666666666666,3.0,2.966666666666667,0.9666666666666666,0.0,0.0,1.0,0.0,0.0,1.0,1.0,0.9666666666666668,0.9666666666666666,0.0,0.0333333333333333,0.9666666666666666,1.0,1.0,1.0,2.0,2.0,1.0,0.0,0.0,1.0,2.0,2.1333333333333333,0.9666666666666666,0.0,2.1333333333333333,2.2488755622188905,0.0769230769230769,0.923076923076923,0.4230769230769231,0.2692307692307692,0.0512820512820512,0.21,2.033333333333333,2.933333333333333,3.033333333333333,3.033333333333333,2.066666666666667,1.2666666666666666,2.9,0.0,3.1333333333333333,2.966666666666667,0.0,0.0,0.9666666666666668,0.0333333333333333,1.0,2.0,2.3333333333333335,1.0,2.9,2.933333333333333,0.0,2.1333333333333333,20.0,0.4791880038126364,0.1122818515300476,0.2132162730938955,0.1227081971677559,0.0275643572329021,0.0482247837808152,0.1688021781837141,0.2482761801016704,0.3076923076923077,0.0,0.161057250060518,0.1996476167426242,0.137324709513435,0.0675270780920982,8.798036575317383,0.005,4.3683929443359375,,3.0,1.0,1.0,0.0,3.0,0.0,7,7,0.0,0.0,0.0,2.0,2.0,18.0,2.0,4.0,5.0,5.0,5.0,3.0,45.0,0.0,18.0,4.0,3.0,0.0,0.0,0.0,1.0,0.0,0.0,0.0,0.0,1.0,0.0,0.0,0.0,0.0
md58_40,pretest_md58,Avito_RE_ re-24-09-RRE_сент-ноя-T1-С2С,brief column,Avito_RE_ re-24-09-RRE_сент-ноя-T1-С2С.mp4,/Users/asekorneev/Desktop/Creatives_validation/Avito_RE_ re-24-09-RRE_сент-ноя-T1-С2С.mp4,/Users/asekorneev/outputs/message_delivery_features_20260819/prepared_media/avitorere2409rreсентнояt1с2с.mp4,True,Avito,40,train,0.21,0.21,1,1,5.0,0.0,,,,current_saved_target,23.80952380952381,Existing OPM / existing message fraction,False,/Users/asekorneev/outputs/aipm_stability_20260919/human_quality_20260920/targets.csv,/Users/asekorneev/outputs/message_delivery_features_20260819/video_manifest.csv,bed7e271f2f92b8dbab23e87205a60e3fcea57a1c7c72984218e9a8a6020bc5a,avitorere2409rreceнтнoяt1c2c,bed7e271f2f92b8dbab23e87205a60e3fcea57a1c7c72984218e9a8a6020bc5a,bed7e271f2f92b8dbab23e87205a60e3fcea57a1c7c72984218e9a8a6020bc5a,RE,RRE,md58_40,40,current 10 full runs,2.0,2.066666666666667,0.9333333333333332,3.0,2.966666666666667,0.9666666666666666,3.0,3.3333333333333335,0.9333333333333332,3.0,3.1,0.8999999999999998,2.0,2.033333333333333,0.8999999999999998,1.0,0.8333333333333334,0.9333333333333332,3.0,3.0,1.0,0.0,0.0,1.0,3.0,3.3333333333333335,0.8999999999999998,3.0,3.033333333333333,0.9666666666666666,0.0,0.0,1.0,0.0,0.0,1.0,1.0,1.0,0.9333333333333332,0.0,0.0,1.0,1.0,1.0,1.0,2.0,2.033333333333333,0.9666666666666666,0.0,0.0,1.0,2.0,2.1333333333333333,0.8999999999999998,0.0,2.1333333333333333,2.2488755622188905,0.0512820512820512,0.9487179487179488,0.2692307692307692,0.2564102564102564,0.1282051282051282,0.21,2.066666666666667,2.966666666666667,3.3333333333333335,3.1,2.033333333333333,0.8333333333333334,3.0,0.0,3.3333333333333335,3.033333333333333,0.0,0.0,1.0,0.0,1.0,2.033333333333333,2.6666666666666665,1.0,2.7666666666666666,2.933333333333333,0.0,2.1333333333333333,20.0,0.4791880038126364,0.1122818515300476,0.2132162730938955,0.1227081971677559,0.0275643572329021,0.0482247837808152,0.1688021781837141,0.2482761801016704,0.3076923076923077,0.0,0.161057250060518,0.1996476167426242,0.137324709513435,0.0675270780920982,8.798036575317383,0.005,4.3683929443359375,,3.0,1.0,1.0,0.0,3.0,0.0,8,8,0.0,0.0,0.0,2.0,2.0,18.0,2.0,4.0,5.0,5.0,5.0,3.0,45.0,0.0,18.0,4.0,3.0,0.0,0.0,0.0,1.0,0.0,0.0,0.0,0.0,1.0,0.0,0.0,0.0,0.0
md58_40,pretest_md58,Avito_RE_ re-24-09-RRE_сент-ноя-T1-С2С,brief column,Avito_RE_ re-24-09-RRE_сент-ноя-T1-С2С.mp4,/Users/asekorneev/Desktop/Creatives_validation/Avito_RE_ re-24-09-RRE_сент-ноя-T1-С2С.mp4,/Users/asekorneev/outputs/message_delivery_features_20260819/prepared_media/avitorere2409rreсентнояt1с2с.mp4,True,Avito,40,train,0.21,0.21,1,1,5.0,0.0,,,,current_saved_target,23.80952380952381,Existing OPM / existing message fraction,False,/Users/asekorneev/outputs/aipm_stability_20260919/human_quality_20260920/targets.csv,/Users/asekorneev/outputs/message_delivery_features_20260819/video_manifest.csv,bed7e271f2f92b8dbab23e87205a60e3fcea57a1c7c72984218e9a8a6020bc5a,avitorere2409rreceнтнoяt1c2c,bed7e271f2f92b8dbab23e87205a60e3fcea57a1c7c72984218e9a8a6020bc5a,bed7e271f2f92b8dbab23e87205a60e3fcea57a1c7c72984218e9a8a6020bc5a,RE,RRE,md58_40,40,current 10 full runs,2.0,2.1,1.0,3.0,3.0,1.0,3.0,2.6,1.0,3.0,3.1,0.8999999999999998,2.0,2.0,0.8999999999999998,2.0,1.5,1.0,3.0,2.9,1.0,0.0,0.0,1.0,3.0,3.3,0.9333333333333332,3.0,3.0,1.0,0.0,0.0,1.0,0.0,0.0,1.0,1.0,1.0,1.0,0.0,0.0,1.0,1.0,1.0,1.0,2.0,2.0,1.0,0.0,0.0,1.0,2.0,2.3,0.9333333333333332,0.0,2.3,2.2488755622188905,0.0512820512820512,0.9487179487179488,0.2692307692307692,0.2692307692307692,0.1538461538461538,0.21,2.1,3.0,2.6,3.1,2.0,1.5,2.9,0.0,3.3,3.0,0.0,0.0,1.0,0.0,1.0,2.0,2.3,1.0,2.8,3.0,0.0,2.3,20.0,0.4791880038126364,0.1122818515300476,0.2132162730938955,0.1227081971677559,0.0275643572329021,0.0482247837808152,0.1688021781837141,0.2482761801016704,0.3076923076923077,0.0,0.161057250060518,0.1996476167426242,0.137324709513435,0.0675270780920982,8.798036575317383,0.005,4.3683929443359375,,3.0,1.0,1.0,0.0,3.0,0.0,9,9,0.0,0.0,0.0,2.0,2.0,18.0,2.0,4.0,5.0,5.0,5.0,3.0,45.0,0.0,18.0,4.0,3.0,0.0,0.0,0.0,1.0,0.0,0.0,0.0,0.0,1.0,0.0,0.0,0.0,0.0
md58_40,pretest_md58,Avito_RE_ re-24-09-RRE_сент-ноя-T1-С2С,brief column,Avito_RE_ re-24-09-RRE_сент-ноя-T1-С2С.mp4,/Users/asekorneev/Desktop/Creatives_validation/Avito_RE_ re-24-09-RRE_сент-ноя-T1-С2С.mp4,/Users/asekorneev/outputs/message_delivery_features_20260819/prepared_media/avitorere2409rreсентнояt1с2с.mp4,True,Avito,40,train,0.21,0.21,1,1,5.0,0.0,,,,current_saved_target,23.80952380952381,Existing OPM / existing message fraction,False,/Users/asekorneev/outputs/aipm_stability_20260919/human_quality_20260920/targets.csv,/Users/asekorneev/outputs/message_delivery_features_20260819/video_manifest.csv,bed7e271f2f92b8dbab23e87205a60e3fcea57a1c7c72984218e9a8a6020bc5a,avitorere2409rreceнтнoяt1c2c,bed7e271f2f92b8dbab23e87205a60e3fcea57a1c7c72984218e9a8a6020bc5a,bed7e271f2f92b8dbab23e87205a60e3fcea57a1c7c72984218e9a8a6020bc5a,RE,RRE,md58_40,40,current 10 full runs,2.0,2.0,1.0,3.0,2.9,1.0,3.0,2.8,1.0,3.0,3.1,1.0,2.0,2.2,1.0,1.0,1.3,1.0,3.0,3.0,1.0,0.0,0.0,1.0,3.0,3.2,1.0,3.0,3.0,1.0,0.0,0.0,1.0,0.0,0.0,1.0,1.0,1.0,1.0,0.0,0.0,1.0,1.0,1.0,1.0,2.0,2.0,1.0,0.0,0.0,1.0,2.0,2.1,1.0,0.0,2.1,2.2488755622188905,0.0512820512820513,0.9487179487179488,0.4230769230769231,0.3461538461538461,0.1538461538461538,0.21,2.0,2.9,2.8,3.1,2.2,1.3,3.0,0.0,3.2,3.0,0.0,0.0,1.0,0.0,1.0,2.0,2.2,1.0,2.8,2.9,0.0,2.1,20.0,0.4791880038126364,0.1122818515300476,0.2132162730938955,0.1227081971677559,0.0275643572329021,0.0482247837808152,0.1688021781837141,0.2482761801016704,0.3076923076923077,0.0,0.161057250060518,0.1996476167426242,0.137324709513435,0.0675270780920982,8.798036575317383,0.005,4.3683929443359375,,3.0,1.0,1.0,0.0,3.0,0.0,10,10,0.0,0.0,0.0,2.0,2.0,18.0,2.0,4.0,5.0,5.0,5.0,3.0,45.0,0.0,18.0,4.0,3.0,1.0,0.0,0.0,1.0,0.0,0.0,0.0,0.0,1.0,0.0,1.0,1.0,0.0
md58_41,pretest_md58,Avito_RE_re-24-10-STR-окт-дек-T1-С2С,video filename; not an independently verified brief,Avito_RE_re-24-10-STR-окт-дек-T1-С2С.mp4,/Users/asekorneev/Desktop/Creatives_validation/Avito_RE_re-24-10-STR-окт-дек-T1-С2С.AVI,/Users/asekorneev/outputs/message_delivery_features_20260819/prepared_media/avitorere2410strоктдекt1с2с.mp4,True,Avito,41,train,0.16,0.24,0,1,8.16,0.0,,,,current_saved_target,34.0,Summary!K94,False,/Users/asekorneev/outputs/aipm_stability_20260919/human_quality_20260920/targets.csv,/Users/asekorneev/outputs/message_delivery_features_20260819/video_manifest.csv,1b02a0757b39526712ec48eaff15214faef745508fb1ecf7c515b7c5342b94b7,avitorere2410stroктдeкt1c2c,1b02a0757b39526712ec48eaff15214faef745508fb1ecf7c515b7c5342b94b7,1b02a0757b39526712ec48eaff15214faef745508fb1ecf7c515b7c5342b94b7,RE,Rent,md58_41,41,current 10 full runs,2.0,2.0,1.0,3.0,2.966666666666667,0.9666666666666666,3.0,3.2333333333333334,0.8333333333333334,2.0,2.066666666666667,0.9333333333333332,3.0,3.1,0.8333333333333334,1.0,1.1666666666666667,0.9333333333333332,3.0,3.0,1.0,0.0,0.2666666666666666,0.9666666666666666,4.0,3.7666666666666666,0.9,2.0,2.0,1.0,0.0,0.3333333333333333,0.8999999999999998,1.0,0.7666666666666667,0.9666666666666666,1.0,1.1333333333333333,0.8666666666666666,1.0,0.9,1.0,2.0,2.1,0.8333333333333334,2.0,2.1333333333333333,0.8666666666666666,0.0,0.0,1.0,3.0,2.9,0.9333333333333332,0.0,2.9,2.0875763747454172,0.1025641025641025,0.8974358974358975,0.5,0.4743589743589744,0.1025641025641025,0.24,2.0,2.966666666666667,3.2333333333333334,2.066666666666667,3.1,1.1666666666666667,3.0,0.2666666666666666,3.7666666666666666,2.0,0.3333333333333333,0.7666666666666667,1.1333333333333333,0.9,2.1,2.1333333333333333,3.1,1.0,2.6666666666666665,2.9,0.0,2.9,19.5,0.30814730322328365,0.0907426699917684,0.200331307666689,0.11157908776046019,0.029469332735042996,0.03897166512605439,0.1192678926346366,0.2045073075526506,0.131578947368421,0.0,0.11598794178165091,0.1851250552318668,0.0830650871459695,0.04513857886195181,8.699968338012695,0.0,3.274374485015869,"Exact campaign, existing frozen validation AVI; MP4 filename contained a different creative",3.0,0.0,2.0,1.0,2.0,1.0,1,1,0.0,0.0,0.0,2.0,0.0,20.0,2.0,4.0,4.0,4.0,3.0,5.0,35.0,0.0,20.0,4.0,4.0,0.0,0.0,0.0,1.0,0.0,0.0,0.0,0.0,1.0,1.0,1.0,1.0,0.0
md58_41,pretest_md58,Avito_RE_re-24-10-STR-окт-дек-T1-С2С,video filename; not an independently verified brief,Avito_RE_re-24-10-STR-окт-дек-T1-С2С.mp4,/Users/asekorneev/Desktop/Creatives_validation/Avito_RE_re-24-10-STR-окт-дек-T1-С2С.AVI,/Users/asekorneev/outputs/message_delivery_features_20260819/prepared_media/avitorere2410strоктдекt1с2с.mp4,True,Avito,41,train,0.16,0.24,0,1,8.16,0.0,,,,current_saved_target,34.0,Summary!K94,False,/Users/asekorneev/outputs/aipm_stability_20260919/human_quality_20260920/targets.csv,/Users/asekorneev/outputs/message_delivery_features_20260819/video_manifest.csv,1b02a0757b39526712ec48eaff15214faef745508fb1ecf7c515b7c5342b94b7,avitorere2410stroктдeкt1c2c,1b02a0757b39526712ec48eaff15214faef745508fb1ecf7c515b7c5342b94b7,1b02a0757b39526712ec48eaff15214faef745508fb1ecf7c515b7c5342b94b7,RE,Rent,md58_41,41,current 10 full runs,2.0,2.033333333333333,0.9666666666666666,3.0,2.966666666666667,0.9666666666666666,3.0,3.2333333333333334,0.7333333333333334,2.0,2.066666666666667,0.9333333333333332,3.0,3.1333333333333333,0.7333333333333334,1.0,1.2,0.8999999999999998,3.0,3.0,1.0,0.0,0.4666666666666667,0.8999999999999998,4.0,3.8333333333333335,0.8666666666666666,2.0,2.0,1.0,0.0,0.3,0.8666666666666666,1.0,0.7,0.8999999999999998,1.0,1.1333333333333333,0.8666666666666666,1.0,1.0,1.0,2.0,2.1333333333333333,0.7333333333333334,2.0,2.1333333333333333,0.8666666666666666,0.0,0.0,1.0,3.0,2.8333333333333335,0.8666666666666666,0.0,2.8333333333333335,2.0875763747454172,0.1538461538461538,0.8461538461538461,0.5,0.4743589743589744,0.1538461538461538,0.24,2.033333333333333,2.966666666666667,3.2333333333333334,2.066666666666667,3.1333333333333333,1.2,3.0,0.4666666666666667,3.8333333333333335,2.0,0.3,0.7,1.1333333333333333,1.0,2.1333333333333333,2.1333333333333333,3.033333333333333,1.0333333333333334,2.7666666666666666,2.966666666666667,0.0,2.8333333333333335,19.5,0.30814730322328365,0.0907426699917684,0.200331307666689,0.11157908776046019,0.029469332735042996,0.03897166512605439,0.1192678926346366,0.2045073075526506,0.131578947368421,0.0,0.11598794178165091,0.1851250552318668,0.0830650871459695,0.04513857886195181,8.699968338012695,0.0,3.274374485015869,"Exact campaign, existing frozen validation AVI; MP4 filename contained a different creative",3.0,0.0,2.0,1.0,2.0,1.0,2,2,0.0,0.0,0.0,2.0,0.0,20.0,2.0,4.0,4.0,4.0,3.0,5.0,35.0,0.0,20.0,4.0,4.0,0.0,0.0,0.0,1.0,0.0,0.0,0.0,0.0,1.0,1.0,1.0,1.0,0.0
md58_41,pretest_md58,Avito_RE_re-24-10-STR-окт-дек-T1-С2С,video filename; not an independently verified brief,Avito_RE_re-24-10-STR-окт-дек-T1-С2С.mp4,/Users/asekorneev/Desktop/Creatives_validation/Avito_RE_re-24-10-STR-окт-дек-T1-С2С.AVI,/Users/asekorneev/outputs/message_delivery_features_20260819/prepared_media/avitorere2410strоктдекt1с2с.mp4,True,Avito,41,train,0.16,0.24,0,1,8.16,0.0,,,,current_saved_target,34.0,Summary!K94,False,/Users/asekorneev/outputs/aipm_stability_20260919/human_quality_20260920/targets.csv,/Users/asekorneev/outputs/message_delivery_features_20260819/video_manifest.csv,1b02a0757b39526712ec48eaff15214faef745508fb1ecf7c515b7c5342b94b7,avitorere2410stroктдeкt1c2c,1b02a0757b39526712ec48eaff15214faef745508fb1ecf7c515b7c5342b94b7,1b02a0757b39526712ec48eaff15214faef745508fb1ecf7c515b7c5342b94b7,RE,Rent,md58_41,41,current 10 full runs,2.0,2.0,1.0,3.0,3.0,1.0,3.0,3.2,0.8333333333333333,2.0,2.033333333333333,0.9666666666666666,3.0,3.1,0.8333333333333333,1.0,1.1666666666666667,0.9333333333333332,3.0,3.0,1.0,0.0,0.4666666666666667,0.9666666666666666,4.0,3.6666666666666665,0.9333333333333332,2.0,2.0,1.0,0.0,0.4666666666666667,0.9333333333333332,1.0,0.8333333333333334,0.9666666666666666,1.0,1.0666666666666669,0.9333333333333332,1.0,1.0,1.0,2.0,2.1666666666666665,0.8333333333333333,2.0,2.1333333333333333,0.8666666666666666,0.0,0.0,1.0,3.0,2.9,0.9333333333333332,0.0,2.9,2.0875763747454172,0.1282051282051282,0.8717948717948718,0.1153846153846153,0.0384615384615384,0.0,0.24,2.0,3.0,3.2,2.033333333333333,3.1,1.1666666666666667,3.0,0.4666666666666667,3.6666666666666665,2.0,0.4666666666666667,0.8333333333333334,1.0666666666666669,1.0,2.1666666666666665,2.1333333333333333,3.1,1.0333333333333334,2.6666666666666665,2.966666666666667,0.0,2.9,19.5,0.30814730322328365,0.0907426699917684,0.200331307666689,0.11157908776046019,0.029469332735042996,0.03897166512605439,0.1192678926346366,0.2045073075526506,0.131578947368421,0.0,0.11598794178165091,0.1851250552318668,0.0830650871459695,0.04513857886195181,8.699968338012695,0.0,3.274374485015869,"Exact campaign, existing frozen validation AVI; MP4 filename contained a different creative",3.0,0.0,2.0,1.0,2.0,1.0,3,3,0.0,0.0,0.0,2.0,0.0,20.0,2.0,4.0,4.0,4.0,3.0,5.0,35.0,0.0,20.0,4.0,4.0,0.0,0.0,0.0,1.0,0.0,0.0,0.0,0.0,1.0,1.0,1.0,1.0,0.0
md58_41,pretest_md58,Avito_RE_re-24-10-STR-окт-дек-T1-С2С,video filename; not an independently verified brief,Avito_RE_re-24-10-STR-окт-дек-T1-С2С.mp4,/Users/asekorneev/Desktop/Creatives_validation/Avito_RE_re-24-10-STR-окт-дек-T1-С2С.AVI,/Users/asekorneev/outputs/message_delivery_features_20260819/prepared_media/avitorere2410strоктдекt1с2с.mp4,True,Avito,41,train,0.16,0.24,0,1,8.16,0.0,,,,current_saved_target,34.0,Summary!K94,False,/Users/asekorneev/outputs/aipm_stability_20260919/human_quality_20260920/targets.csv,/Users/asekorneev/outputs/message_delivery_features_20260819/video_manifest.csv,1b02a0757b39526712ec48eaff15214faef745508fb1ecf7c515b7c5342b94b7,avitorere2410stroктдeкt1c2c,1b02a0757b39526712ec48eaff15214faef745508fb1ecf7c515b7c5342b94b7,1b02a0757b39526712ec48eaff15214faef745508fb1ecf7c515b7c5342b94b7,RE,Rent,md58_41,41,current 10 full runs,2.0,2.033333333333333,0.9666666666666666,3.0,3.0,1.0,3.0,3.066666666666667,0.8,2.0,2.066666666666667,0.9333333333333332,3.0,3.1333333333333333,0.8,1.0,1.4,1.0,3.0,3.0,1.0,0.0,0.3666666666666666,0.8999999999999998,4.0,4.0,0.9333333333333332,2.0,2.0,1.0,0.0,0.2333333333333333,0.9666666666666666,1.0,0.7666666666666667,0.9666666666666666,1.0,1.1333333333333333,0.8666666666666666,1.0,0.9,1.0,2.0,2.2666666666666666,0.8333333333333333,2.0,2.3,0.8333333333333334,0.0,0.0,1.0,3.0,2.966666666666667,0.9666666666666666,0.0,2.966666666666667,2.0875763747454172,0.1025641025641025,0.8974358974358975,0.4230769230769231,0.2948717948717949,0.1025641025641025,0.24,2.033333333333333,3.0,3.066666666666667,2.066666666666667,3.1333333333333333,1.4,3.0,0.3666666666666666,4.0,2.0,0.2333333333333333,0.7666666666666667,1.1333333333333333,0.9,2.2666666666666666,2.3,2.933333333333333,1.0,2.8333333333333335,3.0,0.0,2.966666666666667,19.5,0.30814730322328365,0.0907426699917684,0.200331307666689,0.11157908776046019,0.029469332735042996,0.03897166512605439,0.1192678926346366,0.2045073075526506,0.131578947368421,0.0,0.11598794178165091,0.1851250552318668,0.0830650871459695,0.04513857886195181,8.699968338012695,0.0,3.274374485015869,"Exact campaign, existing frozen validation AVI; MP4 filename contained a different creative",3.0,0.0,2.0,1.0,2.0,1.0,4,4,0.0,0.0,0.0,2.0,0.0,20.0,2.0,4.0,4.0,4.0,3.0,5.0,35.0,0.0,20.0,4.0,5.0,0.0,0.0,0.0,1.0,0.0,0.0,0.0,0.0,1.0,1.0,1.0,1.0,0.0
md58_41,pretest_md58,Avito_RE_re-24-10-STR-окт-дек-T1-С2С,video filename; not an independently verified brief,Avito_RE_re-24-10-STR-окт-дек-T1-С2С.mp4,/Users/asekorneev/Desktop/Creatives_validation/Avito_RE_re-24-10-STR-окт-дек-T1-С2С.AVI,/Users/asekorneev/outputs/message_delivery_features_20260819/prepared_media/avitorere2410strоктдекt1с2с.mp4,True,Avito,41,train,0.16,0.24,0,1,8.16,0.0,,,,current_saved_target,34.0,Summary!K94,False,/Users/asekorneev/outputs/aipm_stability_20260919/human_quality_20260920/targets.csv,/Users/asekorneev/outputs/message_delivery_features_20260819/video_manifest.csv,1b02a0757b39526712ec48eaff15214faef745508fb1ecf7c515b7c5342b94b7,avitorere2410stroктдeкt1c2c,1b02a0757b39526712ec48eaff15214faef745508fb1ecf7c515b7c5342b94b7,1b02a0757b39526712ec48eaff15214faef745508fb1ecf7c515b7c5342b94b7,RE,Rent,md58_41,41,current 10 full runs,2.0,2.033333333333333,0.9666666666666666,3.0,3.0,1.0,3.0,3.1,0.8,2.0,2.033333333333333,0.9666666666666666,3.0,3.2,0.8,1.0,1.3,0.9,3.0,3.0,1.0,0.0,0.4666666666666667,0.9333333333333332,4.0,3.7666666666666666,0.8666666666666666,2.0,2.0,1.0,0.0,0.3666666666666666,0.9,1.0,0.9666666666666668,0.9666666666666666,1.0,1.1333333333333333,0.8666666666666666,1.0,0.9,1.0,2.0,2.2333333333333334,0.8,2.0,2.1666666666666665,0.8333333333333333,0.0,0.0,1.0,3.0,2.8333333333333335,0.9333333333333332,0.0,2.8333333333333335,2.0875763747454172,0.1282051282051282,0.8717948717948718,0.1923076923076923,0.0769230769230769,0.0256410256410256,0.24,2.033333333333333,3.0,3.1,2.033333333333333,3.2,1.3,3.0,0.4666666666666667,3.7666666666666666,2.0,0.3666666666666666,0.9666666666666668,1.1333333333333333,0.9,2.2333333333333334,2.1666666666666665,3.1,1.0,2.8,3.0,0.0,2.8333333333333335,19.5,0.30814730322328365,0.0907426699917684,0.200331307666689,0.11157908776046019,0.029469332735042996,0.03897166512605439,0.1192678926346366,0.2045073075526506,0.131578947368421,0.0,0.11598794178165091,0.1851250552318668,0.0830650871459695,0.04513857886195181,8.699968338012695,0.0,3.274374485015869,"Exact campaign, existing frozen validation AVI; MP4 filename contained a different creative",3.0,0.0,2.0,1.0,2.0,1.0,5,5,0.0,0.0,0.0,2.0,0.0,20.0,2.0,4.0,4.0,4.0,3.0,5.0,35.0,0.0,20.0,4.0,4.0,0.0,0.0,0.0,1.0,0.0,0.0,0.0,0.0,1.0,1.0,1.0,1.0,0.0
md58_41,pretest_md58,Avito_RE_re-24-10-STR-окт-дек-T1-С2С,video filename; not an independently verified brief,Avito_RE_re-24-10-STR-окт-дек-T1-С2С.mp4,/Users/asekorneev/Desktop/Creatives_validation/Avito_RE_re-24-10-STR-окт-дек-T1-С2С.AVI,/Users/asekorneev/outputs/message_delivery_features_20260819/prepared_media/avitorere2410strоктдекt1с2с.mp4,True,Avito,41,train,0.16,0.24,0,1,8.16,0.0,,,,current_saved_target,34.0,Summary!K94,False,/Users/asekorneev/outputs/aipm_stability_20260919/human_quality_20260920/targets.csv,/Users/asekorneev/outputs/message_delivery_features_20260819/video_manifest.csv,1b02a0757b39526712ec48eaff15214faef745508fb1ecf7c515b7c5342b94b7,avitorere2410stroктдeкt1c2c,1b02a0757b39526712ec48eaff15214faef745508fb1ecf7c515b7c5342b94b7,1b02a0757b39526712ec48eaff15214faef745508fb1ecf7c515b7c5342b94b7,RE,Rent,md58_41,41,current 10 full runs,2.0,2.0,1.0,3.0,3.0,1.0,3.0,3.0,0.8,2.0,2.033333333333333,0.9666666666666666,3.0,3.2,0.8,1.0,1.2666666666666666,0.9333333333333332,3.0,3.0,1.0,0.0,0.3666666666666666,0.9666666666666666,4.0,3.9,0.9333333333333332,2.0,2.0,1.0,0.0,0.2666666666666666,0.9666666666666666,1.0,0.7666666666666667,0.9666666666666666,1.0,1.1,0.8333333333333334,1.0,0.9,1.0,2.0,2.3,0.8,2.0,2.1,0.8999999999999998,0.0,0.0,1.0,3.0,3.0,1.0,0.0,3.0,2.0875763747454172,0.1538461538461538,0.8461538461538461,0.1923076923076923,0.0641025641025641,0.0512820512820512,0.24,2.0,3.0,3.0,2.033333333333333,3.2,1.2666666666666666,3.0,0.3666666666666666,3.9,2.0,0.2666666666666666,0.7666666666666667,1.1,0.9,2.3,2.1,3.0,1.0,2.6333333333333333,3.0,0.0,3.0,19.5,0.30814730322328365,0.0907426699917684,0.200331307666689,0.11157908776046019,0.029469332735042996,0.03897166512605439,0.1192678926346366,0.2045073075526506,0.131578947368421,0.0,0.11598794178165091,0.1851250552318668,0.0830650871459695,0.04513857886195181,8.699968338012695,0.0,3.274374485015869,"Exact campaign, existing frozen validation AVI; MP4 filename contained a different creative",3.0,0.0,2.0,1.0,2.0,1.0,6,6,0.0,0.0,0.0,2.0,0.0,20.0,2.0,4.0,4.0,4.0,3.0,5.0,35.0,0.0,20.0,4.0,5.0,0.0,0.0,0.0,1.0,0.0,0.0,0.0,0.0,1.0,1.0,1.0,1.0,0.0
md58_41,pretest_md58,Avito_RE_re-24-10-STR-окт-дек-T1-С2С,video filename; not an independently verified brief,Avito_RE_re-24-10-STR-окт-дек-T1-С2С.mp4,/Users/asekorneev/Desktop/Creatives_validation/Avito_RE_re-24-10-STR-окт-дек-T1-С2С.AVI,/Users/asekorneev/outputs/message_delivery_features_20260819/prepared_media/avitorere2410strоктдекt1с2с.mp4,True,Avito,41,train,0.16,0.24,0,1,8.16,0.0,,,,current_saved_target,34.0,Summary!K94,False,/Users/asekorneev/outputs/aipm_stability_20260919/human_quality_20260920/targets.csv,/Users/asekorneev/outputs/message_delivery_features_20260819/video_manifest.csv,1b02a0757b39526712ec48eaff15214faef745508fb1ecf7c515b7c5342b94b7,avitorere2410stroктдeкt1c2c,1b02a0757b39526712ec48eaff15214faef745508fb1ecf7c515b7c5342b94b7,1b02a0757b39526712ec48eaff15214faef745508fb1ecf7c515b7c5342b94b7,RE,Rent,md58_41,41,current 10 full runs,2.0,2.033333333333333,0.9666666666666666,3.0,3.0,1.0,3.0,3.2,0.7333333333333333,2.0,2.0,0.9333333333333332,3.0,3.2,0.7,1.0,1.1666666666666667,0.8666666666666666,3.0,3.0,1.0,1.0,0.5,0.8666666666666668,4.0,3.6666666666666665,0.8,2.0,1.9666666666666663,0.9666666666666666,0.0,0.3666666666666666,0.8666666666666668,1.0,0.7333333333333333,0.9333333333333332,1.0,1.1666666666666667,0.7666666666666667,1.0,0.9666666666666668,0.9666666666666666,2.0,2.1666666666666665,0.7,2.0,2.2666666666666666,0.8,0.0,0.0,1.0,3.0,2.933333333333333,0.9333333333333332,0.0,2.933333333333333,2.0875763747454172,0.1282051282051282,0.8717948717948718,0.2692307692307692,0.1025641025641025,0.0769230769230769,0.24,2.033333333333333,3.0,3.2,2.0,3.2,1.1666666666666667,3.0,0.5,3.6666666666666665,1.9666666666666663,0.3666666666666666,0.7333333333333333,1.1666666666666667,0.9666666666666668,2.1666666666666665,2.2666666666666666,3.1,1.0,2.6,2.966666666666667,0.0,2.933333333333333,19.5,0.30814730322328365,0.0907426699917684,0.200331307666689,0.11157908776046019,0.029469332735042996,0.03897166512605439,0.1192678926346366,0.2045073075526506,0.131578947368421,0.0,0.11598794178165091,0.1851250552318668,0.0830650871459695,0.04513857886195181,8.699968338012695,0.0,3.274374485015869,"Exact campaign, existing frozen validation AVI; MP4 filename contained a different creative",3.0,0.0,2.0,1.0,2.0,1.0,7,7,0.0,0.0,0.0,2.0,0.0,20.0,2.0,4.0,4.0,4.0,3.0,5.0,35.0,0.0,20.0,4.0,4.0,0.0,0.0,0.0,1.0,0.0,0.0,0.0,0.0,1.0,1.0,1.0,1.0,0.0
md58_41,pretest_md58,Avito_RE_re-24-10-STR-окт-дек-T1-С2С,video filename; not an independently verified brief,Avito_RE_re-24-10-STR-окт-дек-T1-С2С.mp4,/Users/asekorneev/Desktop/Creatives_validation/Avito_RE_re-24-10-STR-окт-дек-T1-С2С.AVI,/Users/asekorneev/outputs/message_delivery_features_20260819/prepared_media/avitorere2410strоктдекt1с2с.mp4,True,Avito,41,train,0.16,0.24,0,1,8.16,0.0,,,,current_saved_target,34.0,Summary!K94,False,/Users/asekorneev/outputs/aipm_stability_20260919/human_quality_20260920/targets.csv,/Users/asekorneev/outputs/message_delivery_features_20260819/video_manifest.csv,1b02a0757b39526712ec48eaff15214faef745508fb1ecf7c515b7c5342b94b7,avitorere2410stroктдeкt1c2c,1b02a0757b39526712ec48eaff15214faef745508fb1ecf7c515b7c5342b94b7,1b02a0757b39526712ec48eaff15214faef745508fb1ecf7c515b7c5342b94b7,RE,Rent,md58_41,41,current 10 full runs,2.0,2.0,1.0,3.0,3.0,1.0,3.0,3.066666666666667,0.8333333333333334,2.0,2.066666666666667,0.9333333333333332,3.0,3.1666666666666665,0.8333333333333334,1.0,1.4333333333333331,0.9666666666666666,3.0,3.0,1.0,1.0,0.7,0.9,4.0,3.933333333333333,0.9333333333333332,2.0,2.0,1.0,0.0,0.1333333333333333,0.9666666666666666,1.0,0.7,0.9333333333333332,1.0,1.1333333333333333,0.8666666666666666,1.0,1.0,1.0,2.0,2.2666666666666666,0.8333333333333334,2.0,2.2333333333333334,0.8666666666666666,0.0,0.0,1.0,3.0,3.0,1.0,0.0,3.0,2.0875763747454172,0.1025641025641025,0.8974358974358975,0.1153846153846153,0.0384615384615384,0.0,0.24,2.0,3.0,3.066666666666667,2.066666666666667,3.1666666666666665,1.4333333333333331,3.0,0.7,3.933333333333333,2.0,0.1333333333333333,0.7,1.1333333333333333,1.0,2.2666666666666666,2.2333333333333334,3.066666666666667,1.0,2.8666666666666667,3.0,0.0,3.0,19.5,0.30814730322328365,0.0907426699917684,0.200331307666689,0.11157908776046019,0.029469332735042996,0.03897166512605439,0.1192678926346366,0.2045073075526506,0.131578947368421,0.0,0.11598794178165091,0.1851250552318668,0.0830650871459695,0.04513857886195181,8.699968338012695,0.0,3.274374485015869,"Exact campaign, existing frozen validation AVI; MP4 filename contained a different creative",3.0,0.0,2.0,1.0,2.0,1.0,8,8,0.0,0.0,0.0,2.0,0.0,20.0,2.0,4.0,4.0,4.0,3.0,5.0,35.0,0.0,20.0,4.0,4.0,0.0,0.0,0.0,1.0,0.0,0.0,0.0,0.0,1.0,1.0,1.0,1.0,0.0
md58_41,pretest_md58,Avito_RE_re-24-10-STR-окт-дек-T1-С2С,video filename; not an independently verified brief,Avito_RE_re-24-10-STR-окт-дек-T1-С2С.mp4,/Users/asekorneev/Desktop/Creatives_validation/Avito_RE_re-24-10-STR-окт-дек-T1-С2С.AVI,/Users/asekorneev/outputs/message_delivery_features_20260819/prepared_media/avitorere2410strоктдекt1с2с.mp4,True,Avito,41,train,0.16,0.24,0,1,8.16,0.0,,,,current_saved_target,34.0,Summary!K94,False,/Users/asekorneev/outputs/aipm_stability_20260919/human_quality_20260920/targets.csv,/Users/asekorneev/outputs/message_delivery_features_20260819/video_manifest.csv,1b02a0757b39526712ec48eaff15214faef745508fb1ecf7c515b7c5342b94b7,avitorere2410stroктдeкt1c2c,1b02a0757b39526712ec48eaff15214faef745508fb1ecf7c515b7c5342b94b7,1b02a0757b39526712ec48eaff15214faef745508fb1ecf7c515b7c5342b94b7,RE,Rent,md58_41,41,current 10 full runs,2.0,2.033333333333333,0.9666666666666666,3.0,2.966666666666667,0.9666666666666666,3.0,3.3,0.7333333333333334,2.0,2.033333333333333,0.9666666666666666,3.0,3.2333333333333334,0.7666666666666667,1.0,1.0,1.0,3.0,3.0,1.0,1.0,0.6,0.9,4.0,3.8333333333333335,0.8666666666666668,2.0,2.0,1.0,0.0,0.3,0.9333333333333332,1.0,0.8333333333333334,0.9333333333333332,1.0,1.1666666666666667,0.8333333333333333,1.0,1.0,1.0,2.0,2.2,0.7333333333333334,2.0,2.1666666666666665,0.8333333333333333,0.0,0.0,1.0,3.0,2.9,0.9333333333333332,0.0,2.9,2.0875763747454172,0.1025641025641025,0.8974358974358975,0.2692307692307692,0.1666666666666666,0.0512820512820512,0.24,2.033333333333333,2.966666666666667,3.3,2.033333333333333,3.2333333333333334,1.0,3.0,0.6,3.8333333333333335,2.0,0.3,0.8333333333333334,1.1666666666666667,1.0,2.2,2.1666666666666665,3.2,1.0,2.7333333333333334,2.933333333333333,0.0,2.9,19.5,0.30814730322328365,0.0907426699917684,0.200331307666689,0.11157908776046019,0.029469332735042996,0.03897166512605439,0.1192678926346366,0.2045073075526506,0.131578947368421,0.0,0.11598794178165091,0.1851250552318668,0.0830650871459695,0.04513857886195181,8.699968338012695,0.0,3.274374485015869,"Exact campaign, existing frozen validation AVI; MP4 filename contained a different creative",3.0,0.0,2.0,1.0,2.0,1.0,9,9,0.0,0.0,0.0,2.0,0.0,20.0,2.0,4.0,4.0,4.0,3.0,5.0,35.0,0.0,20.0,4.0,4.0,0.0,0.0,0.0,1.0,0.0,0.0,0.0,0.0,1.0,1.0,1.0,1.0,0.0
md58_41,pretest_md58,Avito_RE_re-24-10-STR-окт-дек-T1-С2С,video filename; not an independently verified brief,Avito_RE_re-24-10-STR-окт-дек-T1-С2С.mp4,/Users/asekorneev/Desktop/Creatives_validation/Avito_RE_re-24-10-STR-окт-дек-T1-С2С.AVI,/Users/asekorneev/outputs/message_delivery_features_20260819/prepared_media/avitorere2410strоктдекt1с2с.mp4,True,Avito,41,train,0.16,0.24,0,1,8.16,0.0,,,,current_saved_target,34.0,Summary!K94,False,/Users/asekorneev/outputs/aipm_stability_20260919/human_quality_20260920/targets.csv,/Users/asekorneev/outputs/message_delivery_features_20260819/video_manifest.csv,1b02a0757b39526712ec48eaff15214faef745508fb1ecf7c515b7c5342b94b7,avitorere2410stroктдeкt1c2c,1b02a0757b39526712ec48eaff15214faef745508fb1ecf7c515b7c5342b94b7,1b02a0757b39526712ec48eaff15214faef745508fb1ecf7c515b7c5342b94b7,RE,Rent,md58_41,41,current 10 full runs,2.0,2.0,1.0,3.0,2.9,1.0,3.0,3.2333333333333334,0.8,2.0,2.066666666666667,0.9333333333333332,3.0,3.2,0.8,1.0,1.1,0.9,3.0,3.0,1.0,0.0,0.4666666666666667,0.9,4.0,3.7666666666666666,0.9,2.0,2.0,1.0,0.0,0.2666666666666666,0.9666666666666666,1.0,0.9,0.9333333333333332,1.0,1.2,0.8,1.0,1.0,1.0,2.0,2.2,0.8,2.0,2.1666666666666665,0.8333333333333334,0.0,0.0,1.0,3.0,3.0,1.0,0.0,3.0,2.0875763747454172,0.0769230769230769,0.9230769230769232,0.2692307692307692,0.2435897435897435,0.1025641025641025,0.24,2.0,2.9,3.2333333333333334,2.066666666666667,3.2,1.1,3.0,0.4666666666666667,3.7666666666666666,2.0,0.2666666666666666,0.9,1.2,1.0,2.2,2.1666666666666665,3.2,1.0,2.7333333333333334,2.9,0.0,3.0,19.5,0.30814730322328365,0.0907426699917684,0.200331307666689,0.11157908776046019,0.029469332735042996,0.03897166512605439,0.1192678926346366,0.2045073075526506,0.131578947368421,0.0,0.11598794178165091,0.1851250552318668,0.0830650871459695,0.04513857886195181,8.699968338012695,0.0,3.274374485015869,"Exact campaign, existing frozen validation AVI; MP4 filename contained a different creative",3.0,0.0,2.0,1.0,2.0,1.0,10,10,0.0,0.0,0.0,2.0,0.0,20.0,2.0,4.0,4.0,4.0,3.0,5.0,35.0,0.0,20.0,4.0,4.0,0.0,0.0,0.0,1.0,0.0,0.0,0.0,0.0,1.0,1.0,1.0,1.0,0.0
md58_42,pretest_md58,Avito_RE_re-25-01-RRE_янв-март-T1-С2С,brief column,Avito_RE_re-25-01-RRE-янв-март_T1-С2С.mp4,/Users/asekorneev/Desktop/Creatives_validation/Avito_RE_re-25-01-RRE-янв-март_T1-С2С.mp4,/Users/asekorneev/outputs/message_delivery_features_20260819/prepared_media/avitorere2501rreянвмартt1с2с.mp4,True,Avito,42,train,0.21,0.21,1,1,9.0,1.0,0.1154,0.45,/Users/asekorneev/outputs/aipm3_value_context_20260914/sources/promiser_comparison/combo_input.csv,current_saved_target,42.85714285714286,Existing OPM / existing message fraction,False,/Users/asekorneev/outputs/aipm_stability_20260919/human_quality_20260920/targets.csv,/Users/asekorneev/outputs/message_delivery_features_20260819/video_manifest.csv,ac56aa08608f295f30408bcf992bbec753aadd4b104603cb1679ed203c550c68,avitorere2501rreянвмapтt1c2c,ac56aa08608f295f30408bcf992bbec753aadd4b104603cb1679ed203c550c68,ac56aa08608f295f30408bcf992bbec753aadd4b104603cb1679ed203c550c68,RE,RRE,md58_42,42,current 10 full runs,3.0,3.0,1.0,3.0,3.0,1.0,4.0,4.0,1.0,3.0,3.0,1.0,3.0,3.3666666666666667,0.9666666666666666,1.0,1.0,1.0,3.0,3.0,1.0,0.0,0.1,1.0,4.0,3.966666666666667,0.9666666666666666,3.0,3.0,1.0,0.0,0.0,1.0,1.0,0.8,1.0,0.0,0.2666666666666666,0.9666666666666666,1.0,1.0,1.0,0.0,0.3,1.0,2.0,2.0,1.0,0.0,0.0,1.0,3.0,3.0,1.0,0.0,3.0,1.9990004997501247,0.0769230769230768,0.9230769230769232,0.1923076923076923,0.0641025641025641,0.0,0.21,3.0,3.0,4.0,3.0,3.3666666666666667,1.0,3.0,0.1,3.966666666666667,3.0,0.0,0.8,0.2666666666666666,1.0,0.3,2.0,2.0,1.0,3.0,3.0,0.0,3.0,20.0,0.4633865695352215,0.0685512293206857,0.1976128403687375,0.0937905433006536,0.0186042018209089,0.0443395259026232,0.133797830195706,0.2455269607843137,0.2051282051282051,0.0,0.1300905501089324,0.2159638296216311,0.0949965504720406,0.0541428178548812,7.804603576660156,0.035,5.536017894744873,,2.0,0.0,3.0,1.0,3.0,0.0,1,1,0.0,0.0,0.0,2.0,0.0,20.0,2.0,4.0,4.0,4.0,3.0,0.0,42.0,0.0,20.0,2.0,16.0,2.0,0.0,0.0,0.0,1.0,0.0,0.0,0.0,1.0,0.0,1.0,1.0,0.0
md58_42,pretest_md58,Avito_RE_re-25-01-RRE_янв-март-T1-С2С,brief column,Avito_RE_re-25-01-RRE-янв-март_T1-С2С.mp4,/Users/asekorneev/Desktop/Creatives_validation/Avito_RE_re-25-01-RRE-янв-март_T1-С2С.mp4,/Users/asekorneev/outputs/message_delivery_features_20260819/prepared_media/avitorere2501rreянвмартt1с2с.mp4,True,Avito,42,train,0.21,0.21,1,1,9.0,1.0,0.1154,0.45,/Users/asekorneev/outputs/aipm3_value_context_20260914/sources/promiser_comparison/combo_input.csv,current_saved_target,42.85714285714286,Existing OPM / existing message fraction,False,/Users/asekorneev/outputs/aipm_stability_20260919/human_quality_20260920/targets.csv,/Users/asekorneev/outputs/message_delivery_features_20260819/video_manifest.csv,ac56aa08608f295f30408bcf992bbec753aadd4b104603cb1679ed203c550c68,avitorere2501rreянвмapтt1c2c,ac56aa08608f295f30408bcf992bbec753aadd4b104603cb1679ed203c550c68,ac56aa08608f295f30408bcf992bbec753aadd4b104603cb1679ed203c550c68,RE,RRE,md58_42,42,current 10 full runs,3.0,3.0,1.0,3.0,3.0,1.0,4.0,4.0,1.0,3.0,3.0,1.0,4.0,3.566666666666667,0.9666666666666666,1.0,1.0,1.0,3.0,3.0,1.0,0.0,0.4,1.0,4.0,3.966666666666667,0.9666666666666666,3.0,3.0,1.0,0.0,0.0,1.0,1.0,0.9,1.0,1.0,0.7,1.0,1.0,1.0,1.0,0.0,0.3,1.0,2.0,2.0,1.0,0.0,0.0,1.0,3.0,3.0,1.0,0.0,3.0,1.9990004997501247,0.0256410256410256,0.9743589743589745,0.1923076923076923,0.0512820512820512,0.0256410256410256,0.21,3.0,3.0,4.0,3.0,3.566666666666667,1.0,3.0,0.4,3.966666666666667,3.0,0.0,0.9,0.7,1.0,0.3,2.0,2.0,1.0,3.0,3.0,0.0,3.0,20.0,0.4633865695352215,0.0685512293206857,0.1976128403687375,0.0937905433006536,0.0186042018209089,0.0443395259026232,0.133797830195706,0.2455269607843137,0.2051282051282051,0.0,0.1300905501089324,0.2159638296216311,0.0949965504720406,0.0541428178548812,7.804603576660156,0.035,5.536017894744873,,2.0,0.0,3.0,1.0,3.0,0.0,2,2,0.0,0.0,0.0,2.0,0.0,20.0,2.0,4.0,4.0,4.0,3.0,0.0,42.0,0.0,20.0,4.0,16.0,3.0,0.0,0.0,0.0,1.0,0.0,0.0,0.0,1.0,1.0,1.0,1.0,0.0
md58_42,pretest_md58,Avito_RE_re-25-01-RRE_янв-март-T1-С2С,brief column,Avito_RE_re-25-01-RRE-янв-март_T1-С2С.mp4,/Users/asekorneev/Desktop/Creatives_validation/Avito_RE_re-25-01-RRE-янв-март_T1-С2С.mp4,/Users/asekorneev/outputs/message_delivery_features_20260819/prepared_media/avitorere2501rreянвмартt1с2с.mp4,True,Avito,42,train,0.21,0.21,1,1,9.0,1.0,0.1154,0.45,/Users/asekorneev/outputs/aipm3_value_context_20260914/sources/promiser_comparison/combo_input.csv,current_saved_target,42.85714285714286,Existing OPM / existing message fraction,False,/Users/asekorneev/outputs/aipm_stability_20260919/human_quality_20260920/targets.csv,/Users/asekorneev/outputs/message_delivery_features_20260819/video_manifest.csv,ac56aa08608f295f30408bcf992bbec753aadd4b104603cb1679ed203c550c68,avitorere2501rreянвмapтt1c2c,ac56aa08608f295f30408bcf992bbec753aadd4b104603cb1679ed203c550c68,ac56aa08608f295f30408bcf992bbec753aadd4b104603cb1679ed203c550c68,RE,RRE,md58_42,42,current 10 full runs,3.0,3.0,1.0,3.0,3.0,1.0,4.0,3.9,1.0,3.0,3.0,1.0,3.0,3.2666666666666666,0.9333333333333332,1.0,1.0,1.0,3.0,3.0,1.0,0.0,0.3,1.0,4.0,4.0,1.0,3.0,2.8,1.0,0.0,0.0,1.0,1.0,0.9,1.0,1.0,0.5,1.0,1.0,1.0,1.0,0.0,0.2333333333333333,0.9666666666666666,2.0,2.0,1.0,0.0,0.0,1.0,3.0,3.0,1.0,0.0,3.0,1.9990004997501247,0.1025641025641025,0.8974358974358975,0.1923076923076923,0.0641025641025641,0.0512820512820512,0.21,3.0,3.0,3.9,3.0,3.2666666666666666,1.0,3.0,0.3,4.0,2.8,0.0,0.9,0.5,1.0,0.2333333333333333,2.0,2.0,1.0,3.0,3.0,0.0,3.0,20.0,0.4633865695352215,0.0685512293206857,0.1976128403687375,0.0937905433006536,0.0186042018209089,0.0443395259026232,0.133797830195706,0.2455269607843137,0.2051282051282051,0.0,0.1300905501089324,0.2159638296216311,0.0949965504720406,0.0541428178548812,7.804603576660156,0.035,5.536017894744873,,2.0,0.0,3.0,1.0,3.0,0.0,3,3,0.0,0.0,0.0,2.0,0.0,20.0,2.0,4.0,4.0,4.0,3.0,0.0,42.0,0.0,20.0,4.0,16.0,3.0,0.0,0.0,0.0,1.0,0.0,0.0,0.0,1.0,1.0,1.0,1.0,0.0
md58_42,pretest_md58,Avito_RE_re-25-01-RRE_янв-март-T1-С2С,brief column,Avito_RE_re-25-01-RRE-янв-март_T1-С2С.mp4,/Users/asekorneev/Desktop/Creatives_validation/Avito_RE_re-25-01-RRE-янв-март_T1-С2С.mp4,/Users/asekorneev/outputs/message_delivery_features_20260819/prepared_media/avitorere2501rreянвмартt1с2с.mp4,True,Avito,42,train,0.21,0.21,1,1,9.0,1.0,0.1154,0.45,/Users/asekorneev/outputs/aipm3_value_context_20260914/sources/promiser_comparison/combo_input.csv,current_saved_target,42.85714285714286,Existing OPM / existing message fraction,False,/Users/asekorneev/outputs/aipm_stability_20260919/human_quality_20260920/targets.csv,/Users/asekorneev/outputs/message_delivery_features_20260819/video_manifest.csv,ac56aa08608f295f30408bcf992bbec753aadd4b104603cb1679ed203c550c68,avitorere2501rreянвмapтt1c2c,ac56aa08608f295f30408bcf992bbec753aadd4b104603cb1679ed203c550c68,ac56aa08608f295f30408bcf992bbec753aadd4b104603cb1679ed203c550c68,RE,RRE,md58_42,42,current 10 full runs,3.0,3.0,1.0,3.0,3.0,1.0,4.0,3.9,0.9333333333333332,3.0,3.0,1.0,3.0,3.433333333333333,0.9666666666666666,1.0,1.0,1.0,3.0,3.0,1.0,0.0,0.3,1.0,4.0,4.0,1.0,3.0,3.0,1.0,0.0,0.0,1.0,1.0,0.8,1.0,1.0,0.6333333333333333,0.9666666666666666,1.0,1.0,1.0,1.0,0.6,1.0,2.0,2.0,1.0,0.0,0.0,1.0,3.0,3.0,1.0,0.0,3.0,1.9990004997501247,0.0256410256410256,0.9743589743589745,0.5,0.3717948717948718,0.0512820512820512,0.21,3.0,3.0,3.9,3.0,3.433333333333333,1.0,3.0,0.3,4.0,3.0,0.0,0.8,0.6333333333333333,1.0,0.6,2.0,2.0,1.0,3.0,3.0,0.0,3.0,20.0,0.4633865695352215,0.0685512293206857,0.1976128403687375,0.0937905433006536,0.0186042018209089,0.0443395259026232,0.133797830195706,0.2455269607843137,0.2051282051282051,0.0,0.1300905501089324,0.2159638296216311,0.0949965504720406,0.0541428178548812,7.804603576660156,0.035,5.536017894744873,,2.0,0.0,3.0,1.0,3.0,0.0,4,4,0.0,0.0,0.0,2.0,0.0,20.0,2.0,4.0,4.0,4.0,3.0,0.0,44.0,0.0,20.0,2.0,16.0,3.0,0.0,0.0,0.0,1.0,0.0,0.0,0.0,1.0,1.0,1.0,1.0,0.0
md58_42,pretest_md58,Avito_RE_re-25-01-RRE_янв-март-T1-С2С,brief column,Avito_RE_re-25-01-RRE-янв-март_T1-С2С.mp4,/Users/asekorneev/Desktop/Creatives_validation/Avito_RE_re-25-01-RRE-янв-март_T1-С2С.mp4,/Users/asekorneev/outputs/message_delivery_features_20260819/prepared_media/avitorere2501rreянвмартt1с2с.mp4,True,Avito,42,train,0.21,0.21,1,1,9.0,1.0,0.1154,0.45,/Users/asekorneev/outputs/aipm3_value_context_20260914/sources/promiser_comparison/combo_input.csv,current_saved_target,42.85714285714286,Existing OPM / existing message fraction,False,/Users/asekorneev/outputs/aipm_stability_20260919/human_quality_20260920/targets.csv,/Users/asekorneev/outputs/message_delivery_features_20260819/video_manifest.csv,ac56aa08608f295f30408bcf992bbec753aadd4b104603cb1679ed203c550c68,avitorere2501rreянвмapтt1c2c,ac56aa08608f295f30408bcf992bbec753aadd4b104603cb1679ed203c550c68,ac56aa08608f295f30408bcf992bbec753aadd4b104603cb1679ed203c550c68,RE,RRE,md58_42,42,current 10 full runs,3.0,3.0,1.0,3.0,3.0,1.0,4.0,4.0,1.0,3.0,3.0,1.0,3.0,3.4,1.0,1.0,1.0,1.0,3.0,3.0,1.0,0.0,0.1,1.0,4.0,3.9,1.0,3.0,3.0,1.0,0.0,0.0,1.0,1.0,0.8,1.0,0.0,0.3,1.0,1.0,1.0,1.0,1.0,0.6,1.0,2.0,2.0,1.0,0.0,0.0,1.0,3.0,3.0,1.0,0.0,3.0,1.9990004997501247,0.0769230769230768,0.9230769230769232,0.2692307692307692,0.0897435897435897,0.1025641025641025,0.21,3.0,3.0,4.0,3.0,3.4,1.0,3.0,0.1,3.9,3.0,0.0,0.8,0.3,1.0,0.6,2.0,2.0,1.0,3.0,3.0,0.0,3.0,20.0,0.4633865695352215,0.0685512293206857,0.1976128403687375,0.0937905433006536,0.0186042018209089,0.0443395259026232,0.133797830195706,0.2455269607843137,0.2051282051282051,0.0,0.1300905501089324,0.2159638296216311,0.0949965504720406,0.0541428178548812,7.804603576660156,0.035,5.536017894744873,,2.0,0.0,3.0,1.0,3.0,0.0,5,5,0.0,0.0,0.0,2.0,0.0,20.0,2.0,4.0,4.0,4.0,3.0,0.0,42.0,0.0,20.0,4.0,16.0,3.0,0.0,0.0,0.0,1.0,0.0,0.0,0.0,1.0,1.0,1.0,1.0,0.0
md58_42,pretest_md58,Avito_RE_re-25-01-RRE_янв-март-T1-С2С,brief column,Avito_RE_re-25-01-RRE-янв-март_T1-С2С.mp4,/Users/asekorneev/Desktop/Creatives_validation/Avito_RE_re-25-01-RRE-янв-март_T1-С2С.mp4,/Users/asekorneev/outputs/message_delivery_features_20260819/prepared_media/avitorere2501rreянвмартt1с2с.mp4,True,Avito,42,train,0.21,0.21,1,1,9.0,1.0,0.1154,0.45,/Users/asekorneev/outputs/aipm3_value_context_20260914/sources/promiser_comparison/combo_input.csv,current_saved_target,42.85714285714286,Existing OPM / existing message fraction,False,/Users/asekorneev/outputs/aipm_stability_20260919/human_quality_20260920/targets.csv,/Users/asekorneev/outputs/message_delivery_features_20260819/video_manifest.csv,ac56aa08608f295f30408bcf992bbec753aadd4b104603cb1679ed203c550c68,avitorere2501rreянвмapтt1c2c,ac56aa08608f295f30408bcf992bbec753aadd4b104603cb1679ed203c550c68,ac56aa08608f295f30408bcf992bbec753aadd4b104603cb1679ed203c550c68,RE,RRE,md58_42,42,current 10 full runs,3.0,3.0,1.0,3.0,3.0,1.0,4.0,3.933333333333333,0.9666666666666666,3.0,3.0,1.0,3.0,3.433333333333333,0.9333333333333332,1.0,1.0,1.0,3.0,3.0,1.0,0.0,0.4,1.0,4.0,3.966666666666667,0.9666666666666666,3.0,2.9,1.0,0.0,0.0,1.0,1.0,0.9,1.0,1.0,0.6666666666666666,0.9666666666666666,1.0,1.0,1.0,0.0,0.3,1.0,2.0,2.0,1.0,0.0,0.0,1.0,3.0,3.0,1.0,0.0,3.0,1.9990004997501247,0.0512820512820512,0.9487179487179488,0.2692307692307692,0.0641025641025641,0.0512820512820512,0.21,3.0,3.0,3.933333333333333,3.0,3.433333333333333,1.0,3.0,0.4,3.966666666666667,2.9,0.0,0.9,0.6666666666666666,1.0,0.3,2.0,2.0,1.0,3.0,3.0,0.0,3.0,20.0,0.4633865695352215,0.0685512293206857,0.1976128403687375,0.0937905433006536,0.0186042018209089,0.0443395259026232,0.133797830195706,0.2455269607843137,0.2051282051282051,0.0,0.1300905501089324,0.2159638296216311,0.0949965504720406,0.0541428178548812,7.804603576660156,0.035,5.536017894744873,,2.0,0.0,3.0,1.0,3.0,0.0,6,6,0.0,0.0,0.0,2.0,0.0,20.0,2.0,4.0,4.0,4.0,3.0,0.0,42.0,0.0,20.0,4.0,16.0,3.0,0.0,0.0,0.0,1.0,0.0,0.0,0.0,1.0,1.0,1.0,1.0,0.0
md58_42,pretest_md58,Avito_RE_re-25-01-RRE_янв-март-T1-С2С,brief column,Avito_RE_re-25-01-RRE-янв-март_T1-С2С.mp4,/Users/asekorneev/Desktop/Creatives_validation/Avito_RE_re-25-01-RRE-янв-март_T1-С2С.mp4,/Users/asekorneev/outputs/message_delivery_features_20260819/prepared_media/avitorere2501rreянвмартt1с2с.mp4,True,Avito,42,train,0.21,0.21,1,1,9.0,1.0,0.1154,0.45,/Users/asekorneev/outputs/aipm3_value_context_20260914/sources/promiser_comparison/combo_input.csv,current_saved_target,42.85714285714286,Existing OPM / existing message fraction,False,/Users/asekorneev/outputs/aipm_stability_20260919/human_quality_20260920/targets.csv,/Users/asekorneev/outputs/message_delivery_features_20260819/video_manifest.csv,ac56aa08608f295f30408bcf992bbec753aadd4b104603cb1679ed203c550c68,avitorere2501rreянвмapтt1c2c,ac56aa08608f295f30408bcf992bbec753aadd4b104603cb1679ed203c550c68,ac56aa08608f295f30408bcf992bbec753aadd4b104603cb1679ed203c550c68,RE,RRE,md58_42,42,current 10 full runs,3.0,3.0,1.0,3.0,3.0,1.0,4.0,3.933333333333333,0.9666666666666666,3.0,3.0,1.0,3.0,3.433333333333333,0.9666666666666666,1.0,1.0,1.0,3.0,3.0,1.0,0.0,0.4,1.0,4.0,4.0,1.0,3.0,3.0,1.0,0.0,0.0,1.0,1.0,0.9,1.0,1.0,0.5,1.0,1.0,1.0,1.0,0.0,0.0,1.0,2.0,2.0,1.0,0.0,0.0,1.0,3.0,3.0,1.0,0.0,3.0,1.9990004997501247,0.0769230769230768,0.9230769230769232,0.1923076923076923,0.0384615384615384,0.0,0.21,3.0,3.0,3.933333333333333,3.0,3.433333333333333,1.0,3.0,0.4,4.0,3.0,0.0,0.9,0.5,1.0,0.0,2.0,2.0,1.0,3.0,3.0,0.0,3.0,20.0,0.4633865695352215,0.0685512293206857,0.1976128403687375,0.0937905433006536,0.0186042018209089,0.0443395259026232,0.133797830195706,0.2455269607843137,0.2051282051282051,0.0,0.1300905501089324,0.2159638296216311,0.0949965504720406,0.0541428178548812,7.804603576660156,0.035,5.536017894744873,,2.0,0.0,3.0,1.0,3.0,0.0,7,7,0.0,0.0,0.0,2.0,0.0,20.0,2.0,4.0,4.0,4.0,3.0,0.0,42.0,0.0,20.0,4.0,16.0,3.0,0.0,0.0,0.0,1.0,0.0,0.0,0.0,1.0,1.0,1.0,1.0,0.0
md58_42,pretest_md58,Avito_RE_re-25-01-RRE_янв-март-T1-С2С,brief column,Avito_RE_re-25-01-RRE-янв-март_T1-С2С.mp4,/Users/asekorneev/Desktop/Creatives_validation/Avito_RE_re-25-01-RRE-янв-март_T1-С2С.mp4,/Users/asekorneev/outputs/message_delivery_features_20260819/prepared_media/avitorere2501rreянвмартt1с2с.mp4,True,Avito,42,train,0.21,0.21,1,1,9.0,1.0,0.1154,0.45,/Users/asekorneev/outputs/aipm3_value_context_20260914/sources/promiser_comparison/combo_input.csv,current_saved_target,42.85714285714286,Existing OPM / existing message fraction,False,/Users/asekorneev/outputs/aipm_stability_20260919/human_quality_20260920/targets.csv,/Users/asekorneev/outputs/message_delivery_features_20260819/video_manifest.csv,ac56aa08608f295f30408bcf992bbec753aadd4b104603cb1679ed203c550c68,avitorere2501rreянвмapтt1c2c,ac56aa08608f295f30408bcf992bbec753aadd4b104603cb1679ed203c550c68,ac56aa08608f295f30408bcf992bbec753aadd4b104603cb1679ed203c550c68,RE,RRE,md58_42,42,current 10 full runs,3.0,3.0,1.0,3.0,3.0,1.0,4.0,4.0,1.0,3.0,3.0,1.0,3.0,3.2,1.0,1.0,1.0,1.0,3.0,3.0,1.0,0.0,0.4,1.0,4.0,4.0,1.0,3.0,3.0,1.0,0.0,0.0,1.0,1.0,0.9,1.0,1.0,0.6,1.0,1.0,1.0,1.0,0.0,0.3,1.0,2.0,2.0,1.0,0.0,0.0,1.0,3.0,3.0,1.0,0.0,3.0,1.9990004997501247,0.0256410256410256,0.9743589743589745,0.2692307692307692,0.0641025641025641,0.0512820512820512,0.21,3.0,3.0,4.0,3.0,3.2,1.0,3.0,0.4,4.0,3.0,0.0,0.9,0.6,1.0,0.3,2.0,2.0,1.0,3.0,3.0,0.0,3.0,20.0,0.4633865695352215,0.0685512293206857,0.1976128403687375,0.0937905433006536,0.0186042018209089,0.0443395259026232,0.133797830195706,0.2455269607843137,0.2051282051282051,0.0,0.1300905501089324,0.2159638296216311,0.0949965504720406,0.0541428178548812,7.804603576660156,0.035,5.536017894744873,,2.0,0.0,3.0,1.0,3.0,0.0,8,8,0.0,0.0,0.0,2.0,0.0,20.0,2.0,4.0,4.0,4.0,3.0,0.0,42.0,0.0,20.0,4.0,16.0,3.0,0.0,0.0,0.0,1.0,0.0,0.0,0.0,1.0,1.0,1.0,1.0,0.0
md58_42,pretest_md58,Avito_RE_re-25-01-RRE_янв-март-T1-С2С,brief column,Avito_RE_re-25-01-RRE-янв-март_T1-С2С.mp4,/Users/asekorneev/Desktop/Creatives_validation/Avito_RE_re-25-01-RRE-янв-март_T1-С2С.mp4,/Users/asekorneev/outputs/message_delivery_features_20260819/prepared_media/avitorere2501rreянвмартt1с2с.mp4,True,Avito,42,train,0.21,0.21,1,1,9.0,1.0,0.1154,0.45,/Users/asekorneev/outputs/aipm3_value_context_20260914/sources/promiser_comparison/combo_input.csv,current_saved_target,42.85714285714286,Existing OPM / existing message fraction,False,/Users/asekorneev/outputs/aipm_stability_20260919/human_quality_20260920/targets.csv,/Users/asekorneev/outputs/message_delivery_features_20260819/video_manifest.csv,ac56aa08608f295f30408bcf992bbec753aadd4b104603cb1679ed203c550c68,avitorere2501rreянвмapтt1c2c,ac56aa08608f295f30408bcf992bbec753aadd4b104603cb1679ed203c550c68,ac56aa08608f295f30408bcf992bbec753aadd4b104603cb1679ed203c550c68,RE,RRE,md58_42,42,current 10 full runs,3.0,3.0,1.0,3.0,3.0,1.0,4.0,4.0,1.0,3.0,3.0,1.0,3.0,3.4,1.0,1.0,1.0,1.0,3.0,3.0,1.0,0.0,0.3,1.0,4.0,3.966666666666667,0.9666666666666666,3.0,3.0,1.0,0.0,0.0,1.0,1.0,0.8,1.0,1.0,0.6,1.0,1.0,1.0,1.0,0.0,0.0,1.0,2.0,2.0,1.0,0.0,0.0,1.0,3.0,3.0,1.0,0.0,3.0,1.9990004997501247,0.0512820512820512,0.9487179487179488,0.1923076923076923,0.0384615384615384,0.0,0.21,3.0,3.0,4.0,3.0,3.4,1.0,3.0,0.3,3.966666666666667,3.0,0.0,0.8,0.6,1.0,0.0,2.0,2.0,1.0,3.0,3.0,0.0,3.0,20.0,0.4633865695352215,0.0685512293206857,0.1976128403687375,0.0937905433006536,0.0186042018209089,0.0443395259026232,0.133797830195706,0.2455269607843137,0.2051282051282051,0.0,0.1300905501089324,0.2159638296216311,0.0949965504720406,0.0541428178548812,7.804603576660156,0.035,5.536017894744873,,2.0,0.0,3.0,1.0,3.0,0.0,9,9,0.0,0.0,0.0,2.0,0.0,20.0,2.0,4.0,4.0,4.0,3.0,0.0,42.0,0.0,20.0,4.0,16.0,3.0,0.0,0.0,0.0,1.0,0.0,0.0,0.0,1.0,1.0,1.0,1.0,0.0
md58_42,pretest_md58,Avito_RE_re-25-01-RRE_янв-март-T1-С2С,brief column,Avito_RE_re-25-01-RRE-янв-март_T1-С2С.mp4,/Users/asekorneev/Desktop/Creatives_validation/Avito_RE_re-25-01-RRE-янв-март_T1-С2С.mp4,/Users/asekorneev/outputs/message_delivery_features_20260819/prepared_media/avitorere2501rreянвмартt1с2с.mp4,True,Avito,42,train,0.21,0.21,1,1,9.0,1.0,0.1154,0.45,/Users/asekorneev/outputs/aipm3_value_context_20260914/sources/promiser_comparison/combo_input.csv,current_saved_target,42.85714285714286,Existing OPM / existing message fraction,False,/Users/asekorneev/outputs/aipm_stability_20260919/human_quality_20260920/targets.csv,/Users/asekorneev/outputs/message_delivery_features_20260819/video_manifest.csv,ac56aa08608f295f30408bcf992bbec753aadd4b104603cb1679ed203c550c68,avitorere2501rreянвмapтt1c2c,ac56aa08608f295f30408bcf992bbec753aadd4b104603cb1679ed203c550c68,ac56aa08608f295f30408bcf992bbec753aadd4b104603cb1679ed203c550c68,RE,RRE,md58_42,42,current 10 full runs,3.0,2.9,1.0,3.0,2.9,1.0,4.0,3.9,1.0,3.0,2.9,1.0,3.0,3.1333333333333333,0.9666666666666666,1.0,1.0,1.0,3.0,3.0,1.0,0.0,0.3,1.0,4.0,3.7333333333333334,0.9666666666666666,3.0,2.7,1.0,0.0,0.1,1.0,1.0,1.0,1.0,1.0,0.9,1.0,1.0,0.9,1.0,0.0,0.4,0.9333333333333332,2.0,2.0,1.0,0.0,0.0,1.0,3.0,2.9,1.0,0.0,2.9,1.9990004997501247,0.0769230769230768,0.9230769230769232,0.1923076923076923,0.0897435897435897,0.1025641025641025,0.21,2.9,2.9,3.9,2.9,3.1333333333333333,1.0,3.0,0.3,3.7333333333333334,2.7,0.1,1.0,0.9,0.9,0.4,2.0,2.0,1.0,2.9,2.9,0.0,2.9,20.0,0.4633865695352215,0.0685512293206857,0.1976128403687375,0.0937905433006536,0.0186042018209089,0.0443395259026232,0.133797830195706,0.2455269607843137,0.2051282051282051,0.0,0.1300905501089324,0.2159638296216311,0.0949965504720406,0.0541428178548812,7.804603576660156,0.035,5.536017894744873,,2.0,0.0,3.0,1.0,3.0,0.0,10,10,0.0,0.0,0.0,2.0,0.0,20.0,2.0,4.0,4.0,4.0,3.0,0.0,42.0,0.0,20.0,2.0,16.0,3.0,0.0,0.0,0.0,1.0,0.0,0.0,0.0,1.0,1.0,1.0,1.0,0.0
md58_43,pretest_md58,Avito_RE_re-25-04-STR_апр-авг-T1-С2C,video filename; not an independently verified brief,Avito_RE_re-25-04-STR_апр-авг-T1-С2C.AVI,/Users/asekorneev/Desktop/Creatives_validation/Avito_RE_re-25-04-STR_апр-авг-T1-С2C.AVI,/Users/asekorneev/outputs/message_delivery_features_20260819/prepared_media/avitorere2504strаправгt1с2c.mp4,True,Avito,43,train,0.11,0.11,0,0,5.0,0.0,0.0431,0.3,/Users/asekorneev/outputs/aipm3_value_context_20260914/sources/promiser_comparison/combo_input.csv,current_saved_target,45.45454545454545,Existing OPM / existing message fraction,False,/Users/asekorneev/outputs/aipm_stability_20260919/human_quality_20260920/targets.csv,/Users/asekorneev/outputs/message_delivery_features_20260819/video_manifest.csv,638daa5700f6042724af6e172c2ed9bf499e97f2cc4f4a237f163909d8c9f205,avitorere2504straпpaвгt1c2c,638daa5700f6042724af6e172c2ed9bf499e97f2cc4f4a237f163909d8c9f205,638daa5700f6042724af6e172c2ed9bf499e97f2cc4f4a237f163909d8c9f205,RE,RE,md58_43,43,current 10 full runs,2.0,2.2333333333333334,0.8999999999999998,3.0,3.0,1.0,2.0,2.3666666666666667,0.8333333333333334,2.0,2.3333333333333335,0.7666666666666667,2.0,1.8333333333333333,0.8666666666666666,1.0,1.0,1.0,3.0,3.0,1.0,0.0,0.0,1.0,3.0,3.433333333333333,0.8,3.0,2.5,0.8,0.0,0.0,1.0,0.0,0.0333333333333333,0.9666666666666666,1.0,0.9,0.9,1.0,1.0,1.0,1.0,0.9666666666666668,0.9666666666666666,2.0,2.1333333333333333,0.8666666666666668,0.0,0.0,1.0,2.0,2.2333333333333334,0.8333333333333334,0.0,2.2333333333333334,2.4870466321243523,0.0256410256410256,0.9743589743589745,0.2692307692307692,0.1923076923076923,0.1538461538461538,0.11,2.2333333333333334,3.0,2.3666666666666667,2.3333333333333335,1.8333333333333333,1.0,3.0,0.0,3.433333333333333,2.5,0.0,0.0333333333333333,0.9,1.0,0.9666666666666668,2.1333333333333333,2.033333333333333,0.9666666666666668,2.933333333333333,2.933333333333333,0.0,2.2333333333333334,9.5,0.3888040983449911,0.0821849848789546,0.2203184902475749,0.1289211242976722,0.0276320437467514,0.0410091719114706,0.1518985566448801,0.229539651416122,0.4444444444444444,0.0,0.2126143639554587,0.2147935143389281,0.1375127541757443,0.0480852611362934,5.981288909912109,0.0,2.319859504699707,,3.0,1.0,2.0,1.0,3.0,1.0,1,1,0.0,0.0,0.0,2.0,2.0,7.0,1.0,3.0,5.0,4.0,4.0,2.0,25.0,0.0,10.0,3.0,3.0,1.0,0.0,0.0,1.0,0.0,0.0,0.0,0.0,0.0,0.0,0.0,0.0,0.0
md58_44,pretest_md58,Avito_RE_re-25-08-RRE_авг-ноя-T1-С2С,brief column,Avito_RE_re-25-08-RRE_авг-ноя-T1-С2С.AVI,/Users/asekorneev/Desktop/Creatives_validation/Avito_RE_re-25-08-RRE_авг-ноя-T1-С2С.AVI,/Users/asekorneev/outputs/message_delivery_features_20260819/prepared_media/avitorere2508rreавгнояt1с2с.mp4,True,Avito,44,holdout,0.26,0.26,1,1,,,,,,current_saved_target,,,True,/Users/asekorneev/outputs/aipm_stability_20260919/before_user_amendment_20260919/targets.csv,/Users/asekorneev/outputs/message_delivery_features_20260819/video_manifest.csv,46c6d9b3cfeb6db491e2bad7c269a929daed7794e5afe8791e356de3e8c35393,avitorere2508rreaвгнoяt1c2c,46c6d9b3cfeb6db491e2bad7c269a929daed7794e5afe8791e356de3e8c35393,46c6d9b3cfeb6db491e2bad7c269a929daed7794e5afe8791e356de3e8c35393,RE,RRE,md58_44,44,current 10 full runs,3.0,3.0,1.0,3.0,3.0,1.0,2.0,2.433333333333333,0.9666666666666666,2.0,2.066666666666667,0.9333333333333332,3.0,2.5,0.9333333333333332,1.0,1.0,1.0,3.0,3.0,1.0,0.0,0.0,1.0,4.0,4.0,1.0,3.0,3.033333333333333,0.9666666666666666,0.0,0.1333333333333333,0.9666666666666666,0.0,0.0,1.0,1.0,1.0,1.0,1.0,1.0,1.0,1.0,1.0,1.0,2.0,2.0,1.0,1.0,1.0,1.0,3.0,3.0,1.0,1.0,3.0,2.6870748299319724,0.0256410256410256,0.9743589743589745,0.1923076923076923,0.0384615384615384,0.0,0.26,3.0,3.0,2.433333333333333,2.066666666666667,2.5,1.0,3.0,0.0,4.0,3.033333333333333,0.1333333333333333,0.0,1.0,1.0,1.0,2.0,2.0,1.0,3.0,3.0,1.0,3.0,10.0,0.4346971541394335,0.1021565755519525,0.2161918821034733,0.1124569580610021,0.0329154481349482,0.0413037495021407,0.1417702289492795,0.2421980392156862,0.2631578947368421,0.1052631578947368,0.1706094317356572,0.2051506270487062,0.1309797567175018,0.0448275282979011,6.452230453491211,0.0,2.8137903213500977,,2.0,0.0,2.0,2.0,2.0,0.0,1,1,,,,,,,,,,,,,,,,,,,,,,,,,,,,,,
md58_44,pretest_md58,Avito_RE_re-25-08-RRE_авг-ноя-T1-С2С,brief column,Avito_RE_re-25-08-RRE_авг-ноя-T1-С2С.AVI,/Users/asekorneev/Desktop/Creatives_validation/Avito_RE_re-25-08-RRE_авг-ноя-T1-С2С.AVI,/Users/asekorneev/outputs/message_delivery_features_20260819/prepared_media/avitorere2508rreавгнояt1с2с.mp4,True,Avito,44,holdout,0.26,0.26,1,1,,,,,,current_saved_target,,,True,/Users/asekorneev/outputs/aipm_stability_20260919/before_user_amendment_20260919/targets.csv,/Users/asekorneev/outputs/message_delivery_features_20260819/video_manifest.csv,46c6d9b3cfeb6db491e2bad7c269a929daed7794e5afe8791e356de3e8c35393,avitorere2508rreaвгнoяt1c2c,46c6d9b3cfeb6db491e2bad7c269a929daed7794e5afe8791e356de3e8c35393,46c6d9b3cfeb6db491e2bad7c269a929daed7794e5afe8791e356de3e8c35393,RE,RRE,md58_44,44,current 10 full runs,3.0,3.0,1.0,3.0,3.0,1.0,3.0,2.6,0.8666666666666668,2.0,2.4,0.8666666666666668,3.0,2.7,0.8333333333333333,1.0,1.0,1.0,3.0,3.0,1.0,0.0,0.0,1.0,4.0,3.966666666666667,0.9666666666666666,3.0,3.033333333333333,0.9,0.0,0.2,0.9333333333333332,0.0,0.0,1.0,1.0,1.0333333333333334,0.9666666666666666,1.0,1.0,1.0,1.0,1.0,0.9,2.0,2.033333333333333,0.9666666666666666,1.0,1.0,1.0,3.0,3.0,1.0,1.0,3.0,2.7210884353741496,0.0256410256410256,0.9743589743589745,0.1923076923076923,0.0384615384615384,0.0,0.26,3.0,3.0,2.6,2.4,2.7,1.0,3.0,0.0,3.966666666666667,3.033333333333333,0.2,0.0,1.0333333333333334,1.0,1.0,2.033333333333333,2.0,0.9666666666666668,3.0,3.0,1.0,3.0,10.0,0.4346971541394335,0.1021565755519525,0.2161918821034733,0.1124569580610021,0.0329154481349482,0.0413037495021407,0.1417702289492795,0.2421980392156862,0.2631578947368421,0.1052631578947368,0.1706094317356572,0.2051506270487062,0.1309797567175018,0.0448275282979011,6.452230453491211,0.0,2.8137903213500977,,2.0,0.0,2.0,2.0,2.0,0.0,2,2,,,,,,,,,,,,,,,,,,,,,,,,,,,,,,
md58_44,pretest_md58,Avito_RE_re-25-08-RRE_авг-ноя-T1-С2С,brief column,Avito_RE_re-25-08-RRE_авг-ноя-T1-С2С.AVI,/Users/asekorneev/Desktop/Creatives_validation/Avito_RE_re-25-08-RRE_авг-ноя-T1-С2С.AVI,/Users/asekorneev/outputs/message_delivery_features_20260819/prepared_media/avitorere2508rreавгнояt1с2с.mp4,True,Avito,44,holdout,0.26,0.26,1,1,,,,,,current_saved_target,,,True,/Users/asekorneev/outputs/aipm_stability_20260919/before_user_amendment_20260919/targets.csv,/Users/asekorneev/outputs/message_delivery_features_20260819/video_manifest.csv,46c6d9b3cfeb6db491e2bad7c269a929daed7794e5afe8791e356de3e8c35393,avitorere2508rreaвгнoяt1c2c,46c6d9b3cfeb6db491e2bad7c269a929daed7794e5afe8791e356de3e8c35393,46c6d9b3cfeb6db491e2bad7c269a929daed7794e5afe8791e356de3e8c35393,RE,RRE,md58_44,44,current 10 full runs,3.0,3.0,1.0,3.0,3.0,1.0,2.0,2.433333333333333,0.8999999999999998,2.0,2.3333333333333335,0.8666666666666666,3.0,2.566666666666667,0.8666666666666666,1.0,1.0,1.0,3.0,2.8333333333333335,0.9666666666666666,0.0,0.0,1.0,4.0,3.966666666666667,0.9666666666666666,3.0,3.033333333333333,0.8999999999999998,0.0,0.2333333333333333,0.9666666666666666,0.0,0.0,1.0,1.0,0.9666666666666668,0.9666666666666666,1.0,0.9,1.0,1.0,1.0666666666666669,0.9,2.0,2.0,1.0,1.0,1.0,1.0,3.0,2.966666666666667,0.9666666666666666,1.0,2.966666666666667,2.7210884353741496,0.0769230769230769,0.9230769230769232,0.1923076923076923,0.0384615384615384,0.0,0.26,3.0,3.0,2.433333333333333,2.3333333333333335,2.566666666666667,1.0,2.8333333333333335,0.0,3.966666666666667,3.033333333333333,0.2333333333333333,0.0,0.9666666666666668,0.9,1.0666666666666669,2.0,2.0,1.0,3.0,3.0,1.0,2.966666666666667,10.0,0.4346971541394335,0.1021565755519525,0.2161918821034733,0.1124569580610021,0.0329154481349482,0.0413037495021407,0.1417702289492795,0.2421980392156862,0.2631578947368421,0.1052631578947368,0.1706094317356572,0.2051506270487062,0.1309797567175018,0.0448275282979011,6.452230453491211,0.0,2.8137903213500977,,2.0,0.0,2.0,2.0,2.0,0.0,3,3,,,,,,,,,,,,,,,,,,,,,,,,,,,,,,
md58_44,pretest_md58,Avito_RE_re-25-08-RRE_авг-ноя-T1-С2С,brief column,Avito_RE_re-25-08-RRE_авг-ноя-T1-С2С.AVI,/Users/asekorneev/Desktop/Creatives_validation/Avito_RE_re-25-08-RRE_авг-ноя-T1-С2С.AVI,/Users/asekorneev/outputs/message_delivery_features_20260819/prepared_media/avitorere2508rreавгнояt1с2с.mp4,True,Avito,44,holdout,0.26,0.26,1,1,,,,,,current_saved_target,,,True,/Users/asekorneev/outputs/aipm_stability_20260919/before_user_amendment_20260919/targets.csv,/Users/asekorneev/outputs/message_delivery_features_20260819/video_manifest.csv,46c6d9b3cfeb6db491e2bad7c269a929daed7794e5afe8791e356de3e8c35393,avitorere2508rreaвгнoяt1c2c,46c6d9b3cfeb6db491e2bad7c269a929daed7794e5afe8791e356de3e8c35393,46c6d9b3cfeb6db491e2bad7c269a929daed7794e5afe8791e356de3e8c35393,RE,RRE,md58_44,44,current 10 full runs,3.0,3.0,1.0,3.0,3.0,1.0,3.0,2.5,1.0,2.0,2.2666666666666666,0.9,3.0,2.566666666666667,0.9,1.0,1.0,1.0,3.0,2.9,1.0,0.0,0.0,1.0,4.0,4.0,1.0,3.0,3.0,1.0,0.0,0.0,1.0,0.0,0.0,1.0,1.0,1.0,1.0,1.0,0.9,1.0,1.0,1.0333333333333334,0.9666666666666666,2.0,2.0,1.0,1.0,1.0,1.0,3.0,3.0,1.0,1.0,3.0,2.7210884353741496,0.0512820512820513,0.9487179487179488,0.1923076923076923,0.0384615384615384,0.0,0.26,3.0,3.0,2.5,2.2666666666666666,2.566666666666667,1.0,2.9,0.0,4.0,3.0,0.0,0.0,1.0,0.9,1.0333333333333334,2.0,2.0,1.0,3.0,3.0,1.0,3.0,10.0,0.4346971541394335,0.1021565755519525,0.2161918821034733,0.1124569580610021,0.0329154481349482,0.0413037495021407,0.1417702289492795,0.2421980392156862,0.2631578947368421,0.1052631578947368,0.1706094317356572,0.2051506270487062,0.1309797567175018,0.0448275282979011,6.452230453491211,0.0,2.8137903213500977,,2.0,0.0,2.0,2.0,2.0,0.0,4,4,,,,,,,,,,,,,,,,,,,,,,,,,,,,,,
md58_44,pretest_md58,Avito_RE_re-25-08-RRE_авг-ноя-T1-С2С,brief column,Avito_RE_re-25-08-RRE_авг-ноя-T1-С2С.AVI,/Users/asekorneev/Desktop/Creatives_validation/Avito_RE_re-25-08-RRE_авг-ноя-T1-С2С.AVI,/Users/asekorneev/outputs/message_delivery_features_20260819/prepared_media/avitorere2508rreавгнояt1с2с.mp4,True,Avito,44,holdout,0.26,0.26,1,1,,,,,,current_saved_target,,,True,/Users/asekorneev/outputs/aipm_stability_20260919/before_user_amendment_20260919/targets.csv,/Users/asekorneev/outputs/message_delivery_features_20260819/video_manifest.csv,46c6d9b3cfeb6db491e2bad7c269a929daed7794e5afe8791e356de3e8c35393,avitorere2508rreaвгнoяt1c2c,46c6d9b3cfeb6db491e2bad7c269a929daed7794e5afe8791e356de3e8c35393,46c6d9b3cfeb6db491e2bad7c269a929daed7794e5afe8791e356de3e8c35393,RE,RRE,md58_44,44,current 10 full runs,3.0,3.0,1.0,3.0,3.0,1.0,2.0,2.433333333333333,0.9666666666666666,2.0,2.4,0.8666666666666666,3.0,2.566666666666667,0.8666666666666666,1.0,1.0,1.0,3.0,2.8333333333333335,0.9666666666666666,0.0,0.0,1.0,4.0,3.966666666666667,0.9666666666666666,3.0,3.066666666666667,0.9333333333333332,0.0,0.1666666666666666,0.9666666666666666,0.0,0.0,1.0,1.0,0.9666666666666668,0.9666666666666666,1.0,1.0,1.0,1.0,0.9,0.9333333333333332,2.0,2.033333333333333,0.9666666666666666,1.0,1.0,1.0,3.0,3.0,1.0,1.0,3.0,2.6870748299319724,0.0512820512820513,0.9487179487179488,0.3461538461538461,0.0384615384615384,0.0,0.26,3.0,3.0,2.433333333333333,2.4,2.566666666666667,1.0,2.8333333333333335,0.0,3.966666666666667,3.066666666666667,0.1666666666666666,0.0,0.9666666666666668,1.0,0.9,2.033333333333333,1.9333333333333331,1.0,3.0,3.0,1.0,3.0,10.0,0.4346971541394335,0.1021565755519525,0.2161918821034733,0.1124569580610021,0.0329154481349482,0.0413037495021407,0.1417702289492795,0.2421980392156862,0.2631578947368421,0.1052631578947368,0.1706094317356572,0.2051506270487062,0.1309797567175018,0.0448275282979011,6.452230453491211,0.0,2.8137903213500977,,2.0,0.0,2.0,2.0,2.0,0.0,5,5,,,,,,,,,,,,,,,,,,,,,,,,,,,,,,
md58_44,pretest_md58,Avito_RE_re-25-08-RRE_авг-ноя-T1-С2С,brief column,Avito_RE_re-25-08-RRE_авг-ноя-T1-С2С.AVI,/Users/asekorneev/Desktop/Creatives_validation/Avito_RE_re-25-08-RRE_авг-ноя-T1-С2С.AVI,/Users/asekorneev/outputs/message_delivery_features_20260819/prepared_media/avitorere2508rreавгнояt1с2с.mp4,True,Avito,44,holdout,0.26,0.26,1,1,,,,,,current_saved_target,,,True,/Users/asekorneev/outputs/aipm_stability_20260919/before_user_amendment_20260919/targets.csv,/Users/asekorneev/outputs/message_delivery_features_20260819/video_manifest.csv,46c6d9b3cfeb6db491e2bad7c269a929daed7794e5afe8791e356de3e8c35393,avitorere2508rreaвгнoяt1c2c,46c6d9b3cfeb6db491e2bad7c269a929daed7794e5afe8791e356de3e8c35393,46c6d9b3cfeb6db491e2bad7c269a929daed7794e5afe8791e356de3e8c35393,RE,RRE,md58_44,44,current 10 full runs,3.0,3.0,1.0,3.0,3.0,1.0,3.0,2.7,0.8999999999999998,2.0,2.2333333333333334,0.8666666666666666,3.0,2.7333333333333334,0.9,1.0,1.0,1.0,3.0,3.0,1.0,0.0,0.0,1.0,4.0,4.0,1.0,3.0,3.1,0.8999999999999998,0.0,0.2333333333333333,0.9666666666666666,0.0,0.0,1.0,1.0,1.0333333333333334,0.9666666666666666,1.0,0.9,1.0,1.0,1.2333333333333334,0.9666666666666666,2.0,2.033333333333333,0.9666666666666666,1.0,1.0,1.0,3.0,3.0,1.0,1.0,3.0,2.7210884353741496,0.0256410256410256,0.9743589743589745,0.1923076923076923,0.0384615384615384,0.0,0.26,3.0,3.0,2.7,2.2333333333333334,2.7333333333333334,1.0,3.0,0.0,4.0,3.1,0.2333333333333333,0.0,1.0333333333333334,0.9,1.2333333333333334,2.033333333333333,2.0,1.0,3.0,3.0,1.0,3.0,10.0,0.4346971541394335,0.1021565755519525,0.2161918821034733,0.1124569580610021,0.0329154481349482,0.0413037495021407,0.1417702289492795,0.2421980392156862,0.2631578947368421,0.1052631578947368,0.1706094317356572,0.2051506270487062,0.1309797567175018,0.0448275282979011,6.452230453491211,0.0,2.8137903213500977,,2.0,0.0,2.0,2.0,2.0,0.0,6,6,,,,,,,,,,,,,,,,,,,,,,,,,,,,,,
md58_44,pretest_md58,Avito_RE_re-25-08-RRE_авг-ноя-T1-С2С,brief column,Avito_RE_re-25-08-RRE_авг-ноя-T1-С2С.AVI,/Users/asekorneev/Desktop/Creatives_validation/Avito_RE_re-25-08-RRE_авг-ноя-T1-С2С.AVI,/Users/asekorneev/outputs/message_delivery_features_20260819/prepared_media/avitorere2508rreавгнояt1с2с.mp4,True,Avito,44,holdout,0.26,0.26,1,1,,,,,,current_saved_target,,,True,/Users/asekorneev/outputs/aipm_stability_20260919/before_user_amendment_20260919/targets.csv,/Users/asekorneev/outputs/message_delivery_features_20260819/video_manifest.csv,46c6d9b3cfeb6db491e2bad7c269a929daed7794e5afe8791e356de3e8c35393,avitorere2508rreaвгнoяt1c2c,46c6d9b3cfeb6db491e2bad7c269a929daed7794e5afe8791e356de3e8c35393,46c6d9b3cfeb6db491e2bad7c269a929daed7794e5afe8791e356de3e8c35393,RE,RRE,md58_44,44,current 10 full runs,3.0,3.0,1.0,3.0,3.0,1.0,3.0,2.566666666666667,0.9333333333333332,2.0,2.2666666666666666,0.8666666666666666,3.0,2.7666666666666666,0.9,1.0,1.0,1.0,3.0,3.0,1.0,0.0,0.0,1.0,4.0,3.9,0.9333333333333332,3.0,3.066666666666667,0.9333333333333332,0.0,0.0333333333333333,0.9666666666666666,0.0,0.0,1.0,1.0,1.0,1.0,1.0,1.0,1.0,1.0,1.0333333333333334,0.9,2.0,2.033333333333333,0.9666666666666666,1.0,1.0,1.0,3.0,3.0,1.0,1.0,3.0,2.7210884353741496,0.0512820512820513,0.9487179487179488,0.2692307692307692,0.0384615384615384,0.0,0.26,3.0,3.0,2.566666666666667,2.2666666666666666,2.7666666666666666,1.0,3.0,0.0,3.9,3.066666666666667,0.0333333333333333,0.0,1.0,1.0,1.0333333333333334,2.033333333333333,2.0,1.0,3.0,3.0,1.0,3.0,10.0,0.4346971541394335,0.1021565755519525,0.2161918821034733,0.1124569580610021,0.0329154481349482,0.0413037495021407,0.1417702289492795,0.2421980392156862,0.2631578947368421,0.1052631578947368,0.1706094317356572,0.2051506270487062,0.1309797567175018,0.0448275282979011,6.452230453491211,0.0,2.8137903213500977,,2.0,0.0,2.0,2.0,2.0,0.0,7,7,,,,,,,,,,,,,,,,,,,,,,,,,,,,,,
md58_44,pretest_md58,Avito_RE_re-25-08-RRE_авг-ноя-T1-С2С,brief column,Avito_RE_re-25-08-RRE_авг-ноя-T1-С2С.AVI,/Users/asekorneev/Desktop/Creatives_validation/Avito_RE_re-25-08-RRE_авг-ноя-T1-С2С.AVI,/Users/asekorneev/outputs/message_delivery_features_20260819/prepared_media/avitorere2508rreавгнояt1с2с.mp4,True,Avito,44,holdout,0.26,0.26,1,1,,,,,,current_saved_target,,,True,/Users/asekorneev/outputs/aipm_stability_20260919/before_user_amendment_20260919/targets.csv,/Users/asekorneev/outputs/message_delivery_features_20260819/video_manifest.csv,46c6d9b3cfeb6db491e2bad7c269a929daed7794e5afe8791e356de3e8c35393,avitorere2508rreaвгнoяt1c2c,46c6d9b3cfeb6db491e2bad7c269a929daed7794e5afe8791e356de3e8c35393,46c6d9b3cfeb6db491e2bad7c269a929daed7794e5afe8791e356de3e8c35393,RE,RRE,md58_44,44,current 10 full runs,3.0,3.0,1.0,3.0,3.0,1.0,2.0,2.2666666666666666,0.9666666666666666,2.0,2.2,0.9333333333333332,2.0,2.3333333333333335,0.9,1.0,1.0,1.0,3.0,3.0,1.0,0.0,0.0,1.0,4.0,4.0,1.0,3.0,3.033333333333333,0.9666666666666666,0.0,0.0333333333333333,0.9666666666666666,0.0,0.0,1.0,1.0,1.0,1.0,1.0,1.0,1.0,1.0,1.0,1.0,2.0,2.1,1.0,1.0,1.0,1.0,3.0,3.0,1.0,1.0,3.0,2.7210884353741496,0.0512820512820513,0.9487179487179488,0.1923076923076923,0.0384615384615384,0.0,0.26,3.0,3.0,2.2666666666666666,2.2,2.3333333333333335,1.0,3.0,0.0,4.0,3.033333333333333,0.0333333333333333,0.0,1.0,1.0,1.0,2.1,2.0,1.0,3.0,3.0,1.0,3.0,10.0,0.4346971541394335,0.1021565755519525,0.2161918821034733,0.1124569580610021,0.0329154481349482,0.0413037495021407,0.1417702289492795,0.2421980392156862,0.2631578947368421,0.1052631578947368,0.1706094317356572,0.2051506270487062,0.1309797567175018,0.0448275282979011,6.452230453491211,0.0,2.8137903213500977,,2.0,0.0,2.0,2.0,2.0,0.0,8,8,,,,,,,,,,,,,,,,,,,,,,,,,,,,,,
md58_44,pretest_md58,Avito_RE_re-25-08-RRE_авг-ноя-T1-С2С,brief column,Avito_RE_re-25-08-RRE_авг-ноя-T1-С2С.AVI,/Users/asekorneev/Desktop/Creatives_validation/Avito_RE_re-25-08-RRE_авг-ноя-T1-С2С.AVI,/Users/asekorneev/outputs/message_delivery_features_20260819/prepared_media/avitorere2508rreавгнояt1с2с.mp4,True,Avito,44,holdout,0.26,0.26,1,1,,,,,,current_saved_target,,,True,/Users/asekorneev/outputs/aipm_stability_20260919/before_user_amendment_20260919/targets.csv,/Users/asekorneev/outputs/message_delivery_features_20260819/video_manifest.csv,46c6d9b3cfeb6db491e2bad7c269a929daed7794e5afe8791e356de3e8c35393,avitorere2508rreaвгнoяt1c2c,46c6d9b3cfeb6db491e2bad7c269a929daed7794e5afe8791e356de3e8c35393,46c6d9b3cfeb6db491e2bad7c269a929daed7794e5afe8791e356de3e8c35393,RE,RRE,md58_44,44,current 10 full runs,3.0,3.0,1.0,3.0,3.0,1.0,2.0,2.2,1.0,2.0,2.2333333333333334,0.9333333333333332,3.0,2.533333333333333,0.9333333333333332,1.0,1.0,1.0,3.0,3.0,1.0,0.0,0.0,1.0,4.0,4.0,1.0,3.0,3.0,1.0,0.0,0.1,1.0,0.0,0.0,1.0,1.0,1.0,1.0,1.0,1.0,1.0,1.0,1.0,1.0,2.0,2.0,1.0,1.0,1.0,1.0,3.0,3.0,1.0,1.0,3.0,2.7210884353741496,0.0256410256410256,0.9743589743589745,0.1923076923076923,0.0384615384615384,0.0,0.26,3.0,3.0,2.2,2.2333333333333334,2.533333333333333,1.0,3.0,0.0,4.0,3.0,0.1,0.0,1.0,1.0,1.0,2.0,2.0,1.0,3.0,3.0,1.0,3.0,10.0,0.4346971541394335,0.1021565755519525,0.2161918821034733,0.1124569580610021,0.0329154481349482,0.0413037495021407,0.1417702289492795,0.2421980392156862,0.2631578947368421,0.1052631578947368,0.1706094317356572,0.2051506270487062,0.1309797567175018,0.0448275282979011,6.452230453491211,0.0,2.8137903213500977,,2.0,0.0,2.0,2.0,2.0,0.0,9,9,,,,,,,,,,,,,,,,,,,,,,,,,,,,,,
md58_44,pretest_md58,Avito_RE_re-25-08-RRE_авг-ноя-T1-С2С,brief column,Avito_RE_re-25-08-RRE_авг-ноя-T1-С2С.AVI,/Users/asekorneev/Desktop/Creatives_validation/Avito_RE_re-25-08-RRE_авг-ноя-T1-С2С.AVI,/Users/asekorneev/outputs/message_delivery_features_20260819/prepared_media/avitorere2508rreавгнояt1с2с.mp4,True,Avito,44,holdout,0.26,0.26,1,1,,,,,,current_saved_target,,,True,/Users/asekorneev/outputs/aipm_stability_20260919/before_user_amendment_20260919/targets.csv,/Users/asekorneev/outputs/message_delivery_features_20260819/video_manifest.csv,46c6d9b3cfeb6db491e2bad7c269a929daed7794e5afe8791e356de3e8c35393,avitorere2508rreaвгнoяt1c2c,46c6d9b3cfeb6db491e2bad7c269a929daed7794e5afe8791e356de3e8c35393,46c6d9b3cfeb6db491e2bad7c269a929daed7794e5afe8791e356de3e8c35393,RE,RRE,md58_44,44,current 10 full runs,3.0,3.0,1.0,3.0,3.0,1.0,3.0,2.533333333333333,0.9666666666666666,2.0,2.433333333333333,0.9,3.0,2.7333333333333334,0.9,1.0,1.0,1.0,3.0,3.0,1.0,0.0,0.0,1.0,4.0,4.0,1.0,3.0,3.033333333333333,0.9666666666666666,0.0,0.0,1.0,0.0,0.0,1.0,1.0,1.0,1.0,1.0,1.0,1.0,1.0,1.1666666666666667,0.9666666666666666,2.0,2.1,1.0,1.0,1.0,1.0,3.0,3.0,1.0,1.0,3.0,2.6870748299319724,0.0512820512820513,0.9487179487179488,0.2692307692307692,0.0384615384615384,0.0,0.26,3.0,3.0,2.533333333333333,2.433333333333333,2.7333333333333334,1.0,3.0,0.0,4.0,3.033333333333333,0.0,0.0,1.0,1.0,1.1666666666666667,2.1,2.0,1.0,3.0,3.0,1.0,3.0,10.0,0.4346971541394335,0.1021565755519525,0.2161918821034733,0.1124569580610021,0.0329154481349482,0.0413037495021407,0.1417702289492795,0.2421980392156862,0.2631578947368421,0.1052631578947368,0.1706094317356572,0.2051506270487062,0.1309797567175018,0.0448275282979011,6.452230453491211,0.0,2.8137903213500977,,2.0,0.0,2.0,2.0,2.0,0.0,10,10,,,,,,,,,,,,,,,,,,,,,,,,,,,,,,
md58_45,pretest_md58,Avito_Services_se_24-06-HH-T1-С2С,brief column,Avito_Services_se_24-06-HH-T1-С2С.AVI,/Users/asekorneev/Desktop/Creatives_validation/Avito_Services_se_24-06-HH-T1-С2С.AVI,/Users/asekorneev/outputs/message_delivery_features_20260819/prepared_media/avitoservicesse2406hht1с2с.mp4,True,Avito,45,train,0.25,0.25,1,1,12.0,1.0,,,,current_saved_target,48.0,Summary!K164,False,/Users/asekorneev/outputs/aipm_stability_20260919/human_quality_20260920/targets.csv,/Users/asekorneev/outputs/message_delivery_features_20260819/video_manifest.csv,b0af9f5d3b477efc1b15bdd28a0cfe8b8f6923b994a8b8b918e82d2f749f1ed2,avitoservicesse2406hht1c2c,b0af9f5d3b477efc1b15bdd28a0cfe8b8f6923b994a8b8b918e82d2f749f1ed2,b0af9f5d3b477efc1b15bdd28a0cfe8b8f6923b994a8b8b918e82d2f749f1ed2,Services,Household,md58_45,45,current 10 full runs,3.0,2.8,1.0,3.0,2.8,1.0,2.0,2.0,1.0,2.0,1.5,1.0,3.0,3.0,1.0,2.0,2.0,1.0,3.0,3.0,1.0,2.0,2.0,1.0,4.0,4.0,1.0,1.0,1.0,1.0,0.0,0.0,1.0,0.0,0.0,1.0,1.0,1.0,1.0,0.0,0.0,1.0,1.0,0.7,1.0,2.0,2.0,1.0,1.0,1.0,1.0,3.0,3.0,1.0,1.0,3.0,2.3313492063492065,0.0512820512820513,0.9487179487179488,0.2692307692307692,0.0897435897435897,0.0,0.25,2.8,2.8,2.0,1.5,3.0,2.0,3.0,2.0,4.0,1.0,0.0,0.0,1.0,0.0,0.7,2.0,2.0,1.0,2.8,2.8,1.0,3.0,20.0,0.2356660584604211,0.0973681181746112,0.2659907917334368,0.0485849468954248,0.0152153928746581,0.026106585041797,0.0640917593058115,0.1449823166303558,0.0,0.1282051282051282,0.0575720315904139,0.2396626523052378,0.0633839869281045,0.0463428124785423,9.34123420715332,0.0149253731343283,4.637714385986328,,3.0,0.0,2.0,1.0,3.0,0.0,1,1,1.0,0.0,1.0,2.0,2.0,18.0,2.0,3.0,1.0,1.0,2.0,4.0,45.0,0.0,6.0,3.0,3.0,0.0,0.0,0.0,0.0,1.0,0.0,1.0,0.0,1.0,0.0,1.0,1.0,0.0
md58_45,pretest_md58,Avito_Services_se_24-06-HH-T1-С2С,brief column,Avito_Services_se_24-06-HH-T1-С2С.AVI,/Users/asekorneev/Desktop/Creatives_validation/Avito_Services_se_24-06-HH-T1-С2С.AVI,/Users/asekorneev/outputs/message_delivery_features_20260819/prepared_media/avitoservicesse2406hht1с2с.mp4,True,Avito,45,train,0.25,0.25,1,1,12.0,1.0,,,,current_saved_target,48.0,Summary!K164,False,/Users/asekorneev/outputs/aipm_stability_20260919/human_quality_20260920/targets.csv,/Users/asekorneev/outputs/message_delivery_features_20260819/video_manifest.csv,b0af9f5d3b477efc1b15bdd28a0cfe8b8f6923b994a8b8b918e82d2f749f1ed2,avitoservicesse2406hht1c2c,b0af9f5d3b477efc1b15bdd28a0cfe8b8f6923b994a8b8b918e82d2f749f1ed2,b0af9f5d3b477efc1b15bdd28a0cfe8b8f6923b994a8b8b918e82d2f749f1ed2,Services,Household,md58_45,45,current 10 full runs,3.0,3.0,1.0,3.0,3.0,1.0,2.0,2.0,1.0,2.0,1.6,1.0,3.0,3.0,1.0,2.0,2.0,1.0,3.0,3.0,1.0,2.0,2.0,1.0,4.0,4.0,1.0,1.0,0.9,1.0,0.0,0.0,1.0,0.0,0.0,1.0,1.0,0.9,1.0,0.0,0.0,1.0,1.0,0.8,1.0,2.0,2.0,1.0,1.0,1.0,1.0,3.0,3.0,1.0,1.0,3.0,2.3313492063492065,0.0769230769230769,0.923076923076923,0.1923076923076923,0.1666666666666666,0.0512820512820512,0.25,3.0,3.0,2.0,1.6,3.0,2.0,3.0,2.0,4.0,0.9,0.0,0.0,0.9,0.0,0.8,2.0,2.0,1.0,3.0,3.0,1.0,3.0,20.0,0.2356660584604211,0.0973681181746112,0.2659907917334368,0.0485849468954248,0.0152153928746581,0.026106585041797,0.0640917593058115,0.1449823166303558,0.0,0.1282051282051282,0.0575720315904139,0.2396626523052378,0.0633839869281045,0.0463428124785423,9.34123420715332,0.0149253731343283,4.637714385986328,,3.0,0.0,2.0,1.0,3.0,0.0,2,2,1.0,0.0,1.0,2.0,2.0,17.0,2.0,3.0,2.0,1.0,2.0,4.0,48.0,2.0,7.0,3.0,4.0,0.0,0.0,0.0,0.0,1.0,0.0,1.0,0.0,1.0,0.0,1.0,1.0,0.0
md58_45,pretest_md58,Avito_Services_se_24-06-HH-T1-С2С,brief column,Avito_Services_se_24-06-HH-T1-С2С.AVI,/Users/asekorneev/Desktop/Creatives_validation/Avito_Services_se_24-06-HH-T1-С2С.AVI,/Users/asekorneev/outputs/message_delivery_features_20260819/prepared_media/avitoservicesse2406hht1с2с.mp4,True,Avito,45,train,0.25,0.25,1,1,12.0,1.0,,,,current_saved_target,48.0,Summary!K164,False,/Users/asekorneev/outputs/aipm_stability_20260919/human_quality_20260920/targets.csv,/Users/asekorneev/outputs/message_delivery_features_20260819/video_manifest.csv,b0af9f5d3b477efc1b15bdd28a0cfe8b8f6923b994a8b8b918e82d2f749f1ed2,avitoservicesse2406hht1c2c,b0af9f5d3b477efc1b15bdd28a0cfe8b8f6923b994a8b8b918e82d2f749f1ed2,b0af9f5d3b477efc1b15bdd28a0cfe8b8f6923b994a8b8b918e82d2f749f1ed2,Services,Household,md58_45,45,current 10 full runs,3.0,2.8,1.0,3.0,2.9,1.0,2.0,2.0,1.0,2.0,1.6,1.0,3.0,3.0,1.0,2.0,2.0,1.0,3.0,3.0,1.0,2.0,2.0,1.0,4.0,4.0,1.0,1.0,1.0,1.0,0.0,0.0,1.0,0.0,0.0,1.0,1.0,1.0,1.0,0.0,0.2,1.0,1.0,0.7,1.0,2.0,2.0,1.0,1.0,1.0,1.0,3.0,3.0,1.0,1.0,3.0,2.3313492063492065,0.0512820512820513,0.9487179487179488,0.1923076923076923,0.1794871794871795,0.0769230769230769,0.25,2.8,2.9,2.0,1.6,3.0,2.0,3.0,2.0,4.0,1.0,0.0,0.0,1.0,0.2,0.7,2.0,2.0,1.0,2.8,2.9,1.0,3.0,20.0,0.2356660584604211,0.0973681181746112,0.2659907917334368,0.0485849468954248,0.0152153928746581,0.026106585041797,0.0640917593058115,0.1449823166303558,0.0,0.1282051282051282,0.0575720315904139,0.2396626523052378,0.0633839869281045,0.0463428124785423,9.34123420715332,0.0149253731343283,4.637714385986328,,3.0,0.0,2.0,1.0,3.0,0.0,3,3,1.0,0.0,1.0,2.0,2.0,18.0,2.0,3.0,2.0,1.0,2.0,4.0,46.0,0.0,6.0,3.0,4.0,0.0,0.0,0.0,0.0,1.0,0.0,1.0,0.0,1.0,0.0,1.0,1.0,0.0
md58_45,pretest_md58,Avito_Services_se_24-06-HH-T1-С2С,brief column,Avito_Services_se_24-06-HH-T1-С2С.AVI,/Users/asekorneev/Desktop/Creatives_validation/Avito_Services_se_24-06-HH-T1-С2С.AVI,/Users/asekorneev/outputs/message_delivery_features_20260819/prepared_media/avitoservicesse2406hht1с2с.mp4,True,Avito,45,train,0.25,0.25,1,1,12.0,1.0,,,,current_saved_target,48.0,Summary!K164,False,/Users/asekorneev/outputs/aipm_stability_20260919/human_quality_20260920/targets.csv,/Users/asekorneev/outputs/message_delivery_features_20260819/video_manifest.csv,b0af9f5d3b477efc1b15bdd28a0cfe8b8f6923b994a8b8b918e82d2f749f1ed2,avitoservicesse2406hht1c2c,b0af9f5d3b477efc1b15bdd28a0cfe8b8f6923b994a8b8b918e82d2f749f1ed2,b0af9f5d3b477efc1b15bdd28a0cfe8b8f6923b994a8b8b918e82d2f749f1ed2,Services,Household,md58_45,45,current 10 full runs,3.0,2.9,1.0,3.0,2.9,1.0,2.0,2.0,1.0,2.0,1.6,1.0,3.0,3.0,1.0,2.0,2.0,1.0,3.0,3.0,1.0,2.0,2.0,1.0,4.0,4.0,1.0,1.0,1.0,1.0,0.0,0.0,1.0,0.0,0.0,1.0,1.0,1.0,1.0,0.0,0.0,1.0,1.0,0.9,1.0,2.0,2.0,1.0,1.0,1.0,1.0,3.0,3.0,1.0,1.0,3.0,2.3313492063492065,0.0512820512820513,0.9487179487179488,0.1923076923076923,0.1666666666666666,0.1025641025641025,0.25,2.9,2.9,2.0,1.6,3.0,2.0,3.0,2.0,4.0,1.0,0.0,0.0,1.0,0.0,0.9,2.0,2.0,1.0,2.9,2.9,1.0,3.0,20.0,0.2356660584604211,0.0973681181746112,0.2659907917334368,0.0485849468954248,0.0152153928746581,0.026106585041797,0.0640917593058115,0.1449823166303558,0.0,0.1282051282051282,0.0575720315904139,0.2396626523052378,0.0633839869281045,0.0463428124785423,9.34123420715332,0.0149253731343283,4.637714385986328,,3.0,0.0,2.0,1.0,3.0,0.0,4,4,1.0,0.0,1.0,2.0,2.0,18.0,2.0,3.0,2.0,1.0,2.0,4.0,46.0,0.0,6.0,3.0,4.0,0.0,0.0,0.0,0.0,1.0,0.0,1.0,0.0,1.0,0.0,1.0,1.0,0.0
md58_45,pretest_md58,Avito_Services_se_24-06-HH-T1-С2С,brief column,Avito_Services_se_24-06-HH-T1-С2С.AVI,/Users/asekorneev/Desktop/Creatives_validation/Avito_Services_se_24-06-HH-T1-С2С.AVI,/Users/asekorneev/outputs/message_delivery_features_20260819/prepared_media/avitoservicesse2406hht1с2с.mp4,True,Avito,45,train,0.25,0.25,1,1,12.0,1.0,,,,current_saved_target,48.0,Summary!K164,False,/Users/asekorneev/outputs/aipm_stability_20260919/human_quality_20260920/targets.csv,/Users/asekorneev/outputs/message_delivery_features_20260819/video_manifest.csv,b0af9f5d3b477efc1b15bdd28a0cfe8b8f6923b994a8b8b918e82d2f749f1ed2,avitoservicesse2406hht1c2c,b0af9f5d3b477efc1b15bdd28a0cfe8b8f6923b994a8b8b918e82d2f749f1ed2,b0af9f5d3b477efc1b15bdd28a0cfe8b8f6923b994a8b8b918e82d2f749f1ed2,Services,Household,md58_45,45,current 10 full runs,3.0,3.0,1.0,3.0,3.0,1.0,2.0,2.0,1.0,2.0,1.6,1.0,3.0,3.0,1.0,2.0,2.0,1.0,3.0,3.0,1.0,2.0,2.0,1.0,4.0,4.0,1.0,1.0,1.0,1.0,0.0,0.0,1.0,0.0,0.0,1.0,1.0,1.0,1.0,0.0,0.0,1.0,1.0,0.9,1.0,2.0,2.0,1.0,1.0,1.0,1.0,3.0,3.0,1.0,1.0,3.0,2.3313492063492065,0.0769230769230769,0.9230769230769232,0.3461538461538461,0.4487179487179487,0.1538461538461538,0.25,3.0,3.0,2.0,1.6,3.0,2.0,3.0,2.0,4.0,1.0,0.0,0.0,1.0,0.0,0.9,2.0,2.0,1.0,3.0,3.0,1.0,3.0,20.0,0.2356660584604211,0.0973681181746112,0.2659907917334368,0.0485849468954248,0.0152153928746581,0.026106585041797,0.0640917593058115,0.1449823166303558,0.0,0.1282051282051282,0.0575720315904139,0.2396626523052378,0.0633839869281045,0.0463428124785423,9.34123420715332,0.0149253731343283,4.637714385986328,,3.0,0.0,2.0,1.0,3.0,0.0,5,5,1.0,0.0,1.0,2.0,2.0,18.0,2.0,3.0,1.0,1.0,2.0,4.0,47.0,1.0,7.0,3.0,4.0,1.0,0.0,0.0,0.0,1.0,0.0,1.0,0.0,1.0,0.0,1.0,1.0,0.0
md58_45,pretest_md58,Avito_Services_se_24-06-HH-T1-С2С,brief column,Avito_Services_se_24-06-HH-T1-С2С.AVI,/Users/asekorneev/Desktop/Creatives_validation/Avito_Services_se_24-06-HH-T1-С2С.AVI,/Users/asekorneev/outputs/message_delivery_features_20260819/prepared_media/avitoservicesse2406hht1с2с.mp4,True,Avito,45,train,0.25,0.25,1,1,12.0,1.0,,,,current_saved_target,48.0,Summary!K164,False,/Users/asekorneev/outputs/aipm_stability_20260919/human_quality_20260920/targets.csv,/Users/asekorneev/outputs/message_delivery_features_20260819/video_manifest.csv,b0af9f5d3b477efc1b15bdd28a0cfe8b8f6923b994a8b8b918e82d2f749f1ed2,avitoservicesse2406hht1c2c,b0af9f5d3b477efc1b15bdd28a0cfe8b8f6923b994a8b8b918e82d2f749f1ed2,b0af9f5d3b477efc1b15bdd28a0cfe8b8f6923b994a8b8b918e82d2f749f1ed2,Services,Household,md58_45,45,current 10 full runs,3.0,2.9,1.0,3.0,3.0,1.0,2.0,2.0,1.0,1.0,1.4,1.0,3.0,3.0,1.0,2.0,2.0,1.0,3.0,3.0,1.0,2.0,1.9,1.0,4.0,4.0,1.0,1.0,0.9,1.0,0.0,0.0,1.0,0.0,0.0,1.0,1.0,0.8,1.0,0.0,0.0,1.0,1.0,0.6,1.0,2.0,2.0,1.0,1.0,1.0,1.0,3.0,3.0,1.0,1.0,3.0,2.3313492063492065,0.0512820512820513,0.9487179487179488,0.2692307692307692,0.141025641025641,0.0512820512820512,0.25,2.9,3.0,2.0,1.4,3.0,2.0,3.0,1.9,4.0,0.9,0.0,0.0,0.8,0.0,0.6,2.0,2.0,1.0,2.9,3.0,1.0,3.0,20.0,0.2356660584604211,0.0973681181746112,0.2659907917334368,0.0485849468954248,0.0152153928746581,0.026106585041797,0.0640917593058115,0.1449823166303558,0.0,0.1282051282051282,0.0575720315904139,0.2396626523052378,0.0633839869281045,0.0463428124785423,9.34123420715332,0.0149253731343283,4.637714385986328,,3.0,0.0,2.0,1.0,3.0,0.0,6,6,1.0,0.0,1.0,2.0,2.0,17.0,2.0,3.0,4.0,1.0,2.0,4.0,47.0,1.0,7.0,3.0,4.0,0.0,0.0,0.0,0.0,1.0,0.0,1.0,0.0,1.0,0.0,1.0,1.0,0.0
md58_45,pretest_md58,Avito_Services_se_24-06-HH-T1-С2С,brief column,Avito_Services_se_24-06-HH-T1-С2С.AVI,/Users/asekorneev/Desktop/Creatives_validation/Avito_Services_se_24-06-HH-T1-С2С.AVI,/Users/asekorneev/outputs/message_delivery_features_20260819/prepared_media/avitoservicesse2406hht1с2с.mp4,True,Avito,45,train,0.25,0.25,1,1,12.0,1.0,,,,current_saved_target,48.0,Summary!K164,False,/Users/asekorneev/outputs/aipm_stability_20260919/human_quality_20260920/targets.csv,/Users/asekorneev/outputs/message_delivery_features_20260819/video_manifest.csv,b0af9f5d3b477efc1b15bdd28a0cfe8b8f6923b994a8b8b918e82d2f749f1ed2,avitoservicesse2406hht1c2c,b0af9f5d3b477efc1b15bdd28a0cfe8b8f6923b994a8b8b918e82d2f749f1ed2,b0af9f5d3b477efc1b15bdd28a0cfe8b8f6923b994a8b8b918e82d2f749f1ed2,Services,Household,md58_45,45,current 10 full runs,3.0,3.0,1.0,3.0,3.0,1.0,2.0,2.2,1.0,2.0,1.7,1.0,3.0,3.0,1.0,2.0,1.8,1.0,3.0,3.0,1.0,2.0,2.0,1.0,4.0,4.0,1.0,1.0,0.9,1.0,0.0,0.0,1.0,0.0,0.0,1.0,1.0,1.0,1.0,0.0,0.0,1.0,1.0,0.9333333333333332,0.9666666666666666,2.0,2.0,1.0,1.0,1.0,1.0,3.0,3.0,1.0,1.0,3.0,2.3313492063492065,0.0512820512820513,0.9487179487179488,0.1923076923076923,0.1025641025641025,0.0769230769230769,0.25,3.0,3.0,2.2,1.7,3.0,1.8,3.0,2.0,4.0,0.9,0.0,0.0,1.0,0.0,0.9333333333333332,2.0,2.1,1.0,3.0,3.0,1.0,3.0,20.0,0.2356660584604211,0.0973681181746112,0.2659907917334368,0.0485849468954248,0.0152153928746581,0.026106585041797,0.0640917593058115,0.1449823166303558,0.0,0.1282051282051282,0.0575720315904139,0.2396626523052378,0.0633839869281045,0.0463428124785423,9.34123420715332,0.0149253731343283,4.637714385986328,,3.0,0.0,2.0,1.0,3.0,0.0,7,7,1.0,0.0,1.0,2.0,2.0,18.0,2.0,3.0,1.0,1.0,2.0,4.0,45.0,0.0,6.0,3.0,3.0,0.0,0.0,0.0,0.0,1.0,0.0,1.0,0.0,1.0,0.0,1.0,1.0,0.0
md58_45,pretest_md58,Avito_Services_se_24-06-HH-T1-С2С,brief column,Avito_Services_se_24-06-HH-T1-С2С.AVI,/Users/asekorneev/Desktop/Creatives_validation/Avito_Services_se_24-06-HH-T1-С2С.AVI,/Users/asekorneev/outputs/message_delivery_features_20260819/prepared_media/avitoservicesse2406hht1с2с.mp4,True,Avito,45,train,0.25,0.25,1,1,12.0,1.0,,,,current_saved_target,48.0,Summary!K164,False,/Users/asekorneev/outputs/aipm_stability_20260919/human_quality_20260920/targets.csv,/Users/asekorneev/outputs/message_delivery_features_20260819/video_manifest.csv,b0af9f5d3b477efc1b15bdd28a0cfe8b8f6923b994a8b8b918e82d2f749f1ed2,avitoservicesse2406hht1c2c,b0af9f5d3b477efc1b15bdd28a0cfe8b8f6923b994a8b8b918e82d2f749f1ed2,b0af9f5d3b477efc1b15bdd28a0cfe8b8f6923b994a8b8b918e82d2f749f1ed2,Services,Household,md58_45,45,current 10 full runs,3.0,2.7,1.0,3.0,2.8,1.0,2.0,2.0,1.0,2.0,1.5,1.0,3.0,3.0,1.0,2.0,2.0,1.0,3.0,3.0,1.0,2.0,2.0,1.0,4.0,4.0,1.0,1.0,0.7,1.0,0.0,0.0,1.0,0.0,0.0,1.0,1.0,0.9,1.0,0.0,0.0,1.0,0.0,0.3,1.0,2.0,2.0,1.0,1.0,1.0,1.0,3.0,3.0,1.0,1.0,3.0,2.3313492063492065,0.0512820512820512,0.9487179487179488,0.1923076923076923,0.1666666666666666,0.0512820512820512,0.25,2.7,2.8,2.0,1.5,3.0,2.0,3.0,2.0,4.0,0.7,0.0,0.0,0.9,0.0,0.3,2.0,2.0,1.0,2.7,2.8,1.0,3.0,20.0,0.2356660584604211,0.0973681181746112,0.2659907917334368,0.0485849468954248,0.0152153928746581,0.026106585041797,0.0640917593058115,0.1449823166303558,0.0,0.1282051282051282,0.0575720315904139,0.2396626523052378,0.0633839869281045,0.0463428124785423,9.34123420715332,0.0149253731343283,4.637714385986328,,3.0,0.0,2.0,1.0,3.0,0.0,8,8,1.0,0.0,1.0,2.0,2.0,17.0,2.0,3.0,4.0,1.0,2.0,4.0,47.0,1.0,7.0,3.0,4.0,0.0,0.0,0.0,0.0,1.0,0.0,1.0,0.0,1.0,0.0,1.0,1.0,0.0
md58_45,pretest_md58,Avito_Services_se_24-06-HH-T1-С2С,brief column,Avito_Services_se_24-06-HH-T1-С2С.AVI,/Users/asekorneev/Desktop/Creatives_validation/Avito_Services_se_24-06-HH-T1-С2С.AVI,/Users/asekorneev/outputs/message_delivery_features_20260819/prepared_media/avitoservicesse2406hht1с2с.mp4,True,Avito,45,train,0.25,0.25,1,1,12.0,1.0,,,,current_saved_target,48.0,Summary!K164,False,/Users/asekorneev/outputs/aipm_stability_20260919/human_quality_20260920/targets.csv,/Users/asekorneev/outputs/message_delivery_features_20260819/video_manifest.csv,b0af9f5d3b477efc1b15bdd28a0cfe8b8f6923b994a8b8b918e82d2f749f1ed2,avitoservicesse2406hht1c2c,b0af9f5d3b477efc1b15bdd28a0cfe8b8f6923b994a8b8b918e82d2f749f1ed2,b0af9f5d3b477efc1b15bdd28a0cfe8b8f6923b994a8b8b918e82d2f749f1ed2,Services,Household,md58_45,45,current 10 full runs,3.0,3.0,1.0,3.0,3.0,1.0,2.0,2.0,1.0,2.0,1.7,1.0,3.0,3.0,1.0,2.0,2.0,1.0,3.0,3.0,1.0,2.0,2.0,1.0,4.0,4.0,1.0,1.0,0.9,1.0,0.0,0.0,1.0,0.0,0.0,1.0,1.0,1.0,1.0,0.0,0.2,1.0,0.0,0.4,1.0,2.0,2.0,1.0,1.0,1.0,1.0,3.0,3.0,1.0,1.0,3.0,2.3313492063492065,0.0256410256410256,0.9743589743589745,0.1153846153846153,0.0384615384615384,0.0,0.25,3.0,3.0,2.0,1.7,3.0,2.0,3.0,2.0,4.0,0.9,0.0,0.0,1.0,0.2,0.4,2.0,2.0,1.0,3.0,3.0,1.0,3.0,20.0,0.2356660584604211,0.0973681181746112,0.2659907917334368,0.0485849468954248,0.0152153928746581,0.026106585041797,0.0640917593058115,0.1449823166303558,0.0,0.1282051282051282,0.0575720315904139,0.2396626523052378,0.0633839869281045,0.0463428124785423,9.34123420715332,0.0149253731343283,4.637714385986328,,3.0,0.0,2.0,1.0,3.0,0.0,9,9,1.0,0.0,1.0,2.0,2.0,18.0,2.0,3.0,2.0,1.0,2.0,4.0,46.0,0.0,6.0,3.0,4.0,0.0,0.0,0.0,0.0,1.0,0.0,1.0,0.0,1.0,0.0,1.0,1.0,0.0
md58_45,pretest_md58,Avito_Services_se_24-06-HH-T1-С2С,brief column,Avito_Services_se_24-06-HH-T1-С2С.AVI,/Users/asekorneev/Desktop/Creatives_validation/Avito_Services_se_24-06-HH-T1-С2С.AVI,/Users/asekorneev/outputs/message_delivery_features_20260819/prepared_media/avitoservicesse2406hht1с2с.mp4,True,Avito,45,train,0.25,0.25,1,1,12.0,1.0,,,,current_saved_target,48.0,Summary!K164,False,/Users/asekorneev/outputs/aipm_stability_20260919/human_quality_20260920/targets.csv,/Users/asekorneev/outputs/message_delivery_features_20260819/video_manifest.csv,b0af9f5d3b477efc1b15bdd28a0cfe8b8f6923b994a8b8b918e82d2f749f1ed2,avitoservicesse2406hht1c2c,b0af9f5d3b477efc1b15bdd28a0cfe8b8f6923b994a8b8b918e82d2f749f1ed2,b0af9f5d3b477efc1b15bdd28a0cfe8b8f6923b994a8b8b918e82d2f749f1ed2,Services,Household,md58_45,45,current 10 full runs,3.0,2.9,1.0,3.0,2.9,1.0,2.0,2.0,1.0,1.0,1.4,1.0,3.0,3.0,1.0,2.0,2.0,1.0,3.0,3.0,1.0,2.0,2.0,1.0,4.0,3.9,1.0,1.0,1.0,1.0,0.0,0.0,1.0,0.0,0.0,1.0,1.0,0.9,1.0,0.0,0.0,1.0,1.0,0.8,1.0,2.0,2.0,1.0,1.0,1.0,1.0,3.0,3.0,1.0,1.0,3.0,2.3313492063492065,0.0,1.0,0.2692307692307692,0.1025641025641025,0.0769230769230769,0.25,2.9,2.9,2.0,1.4,3.0,2.0,3.0,2.0,3.9,1.0,0.0,0.0,0.9,0.0,0.8,2.0,2.0,1.0,2.9,2.9,1.0,3.0,20.0,0.2356660584604211,0.0973681181746112,0.2659907917334368,0.0485849468954248,0.0152153928746581,0.026106585041797,0.0640917593058115,0.1449823166303558,0.0,0.1282051282051282,0.0575720315904139,0.2396626523052378,0.0633839869281045,0.0463428124785423,9.34123420715332,0.0149253731343283,4.637714385986328,,3.0,0.0,2.0,1.0,3.0,0.0,10,10,1.0,0.0,1.0,2.0,2.0,19.0,2.0,3.0,3.0,1.0,2.0,4.0,46.0,0.0,13.0,3.0,9.0,0.0,0.0,0.0,0.0,1.0,0.0,1.0,0.0,1.0,0.0,1.0,1.0,0.0
md58_46,pretest_md58,Avito_Services_se_24-08-CROSS_MR&TR-T1-С2С,brief column,Avito_Services_se_24-08-CROSS_MR&TR-T1-С2С.AVI,/Users/asekorneev/Desktop/Creatives_validation/Avito_Services_se_24-08-CROSS_MR&TR-T1-С2С.AVI,/Users/asekorneev/outputs/message_delivery_features_20260819/prepared_media/avitoservicesse2408crossmrtrt1с2с.mp4,True,Avito,46,train,0.17,0.17,0,0,8.0,0.0,,,/Users/asekorneev/outputs/aipm3_value_context_20260914/sources/promiser_comparison/combo_input.csv,current_saved_target,47.05882352941176,Existing OPM / existing message fraction,False,/Users/asekorneev/outputs/aipm_stability_20260919/human_quality_20260920/targets.csv,/Users/asekorneev/outputs/message_delivery_features_20260819/video_manifest.csv,86658353631da079278893193e663d3f06bb5d9e6607db9573226956f7004005,avitoservicesse2408crossmrtrt1c2c,86658353631da079278893193e663d3f06bb5d9e6607db9573226956f7004005,86658353631da079278893193e663d3f06bb5d9e6607db9573226956f7004005,Services,MajorRepair,md58_46,46,current 10 full runs,3.0,3.0,1.0,3.0,3.0,1.0,3.0,3.0,1.0,2.0,2.0,1.0,2.0,2.3,1.0,1.0,1.0,1.0,3.0,3.0,1.0,1.0,1.0,1.0,4.0,4.0,1.0,2.0,2.0,1.0,0.0,0.0,1.0,0.0,0.0,1.0,1.0,1.0,1.0,1.0,1.0,1.0,1.0,0.7,1.0,2.0,2.0,1.0,1.0,1.0,1.0,3.0,3.0,1.0,1.0,3.0,1.6293279022403258,0.0769230769230768,0.9230769230769232,0.2692307692307692,0.1538461538461538,0.0769230769230769,0.17,3.0,3.0,3.0,2.0,2.3,1.0,3.0,1.0,4.0,2.0,0.0,0.0,1.0,1.0,0.7,2.0,2.2,1.0,3.0,3.0,1.0,3.0,19.5,0.3288972566709494,0.1359890778360583,0.1973107998074966,0.1290934584660074,0.064704791009224,0.0311194747457011,0.110890037935252,0.2265048021060276,0.1578947368421052,0.0,0.0756063150568869,0.119359913897396,0.0667508623819898,0.055675595998764,7.554325103759766,0.0153061224489795,4.31644344329834,,3.0,0.0,2.0,1.0,3.0,0.0,1,1,0.0,0.0,1.0,2.0,0.0,20.0,2.0,3.0,4.0,2.0,2.0,5.0,28.0,0.0,10.0,3.0,10.0,0.0,0.0,0.0,1.0,1.0,0.0,0.0,0.0,1.0,0.0,1.0,1.0,0.0
md58_46,pretest_md58,Avito_Services_se_24-08-CROSS_MR&TR-T1-С2С,brief column,Avito_Services_se_24-08-CROSS_MR&TR-T1-С2С.AVI,/Users/asekorneev/Desktop/Creatives_validation/Avito_Services_se_24-08-CROSS_MR&TR-T1-С2С.AVI,/Users/asekorneev/outputs/message_delivery_features_20260819/prepared_media/avitoservicesse2408crossmrtrt1с2с.mp4,True,Avito,46,train,0.17,0.17,0,0,8.0,0.0,,,/Users/asekorneev/outputs/aipm3_value_context_20260914/sources/promiser_comparison/combo_input.csv,current_saved_target,47.05882352941176,Existing OPM / existing message fraction,False,/Users/asekorneev/outputs/aipm_stability_20260919/human_quality_20260920/targets.csv,/Users/asekorneev/outputs/message_delivery_features_20260819/video_manifest.csv,86658353631da079278893193e663d3f06bb5d9e6607db9573226956f7004005,avitoservicesse2408crossmrtrt1c2c,86658353631da079278893193e663d3f06bb5d9e6607db9573226956f7004005,86658353631da079278893193e663d3f06bb5d9e6607db9573226956f7004005,Services,MajorRepair,md58_46,46,current 10 full runs,3.0,3.0,1.0,3.0,3.0,1.0,3.0,3.0,1.0,2.0,2.0,1.0,2.0,2.1666666666666665,0.9333333333333332,1.0,1.0,1.0,3.0,3.0,1.0,1.0,1.0,1.0,4.0,3.966666666666667,0.9333333333333332,2.0,1.8,1.0,0.0,0.0,1.0,0.0,0.0,1.0,1.0,1.0,1.0,1.0,1.0,1.0,1.0,0.9666666666666668,0.9333333333333332,2.0,2.0,1.0,1.0,1.0,1.0,3.0,3.0,1.0,1.0,3.0,1.6293279022403258,0.0769230769230769,0.9230769230769232,0.3461538461538461,0.3076923076923077,0.1282051282051282,0.17,3.0,3.0,3.0,2.0,2.1666666666666665,1.0,3.0,1.0,3.966666666666667,1.8,0.0,0.0,1.0,1.0,0.9666666666666668,2.0,2.0,1.0,3.0,3.0,1.0,3.0,19.5,0.3288972566709494,0.1359890778360583,0.1973107998074966,0.1290934584660074,0.064704791009224,0.0311194747457011,0.110890037935252,0.2265048021060276,0.1578947368421052,0.0,0.0756063150568869,0.119359913897396,0.0667508623819898,0.055675595998764,7.554325103759766,0.0153061224489795,4.31644344329834,,3.0,0.0,2.0,1.0,3.0,0.0,2,2,0.0,0.0,1.0,2.0,0.0,20.0,2.0,3.0,4.0,2.0,2.0,5.0,32.0,0.0,10.0,3.0,10.0,0.0,0.0,0.0,1.0,1.0,0.0,0.0,0.0,1.0,0.0,1.0,1.0,0.0
md58_46,pretest_md58,Avito_Services_se_24-08-CROSS_MR&TR-T1-С2С,brief column,Avito_Services_se_24-08-CROSS_MR&TR-T1-С2С.AVI,/Users/asekorneev/Desktop/Creatives_validation/Avito_Services_se_24-08-CROSS_MR&TR-T1-С2С.AVI,/Users/asekorneev/outputs/message_delivery_features_20260819/prepared_media/avitoservicesse2408crossmrtrt1с2с.mp4,True,Avito,46,train,0.17,0.17,0,0,8.0,0.0,,,/Users/asekorneev/outputs/aipm3_value_context_20260914/sources/promiser_comparison/combo_input.csv,current_saved_target,47.05882352941176,Existing OPM / existing message fraction,False,/Users/asekorneev/outputs/aipm_stability_20260919/human_quality_20260920/targets.csv,/Users/asekorneev/outputs/message_delivery_features_20260819/video_manifest.csv,86658353631da079278893193e663d3f06bb5d9e6607db9573226956f7004005,avitoservicesse2408crossmrtrt1c2c,86658353631da079278893193e663d3f06bb5d9e6607db9573226956f7004005,86658353631da079278893193e663d3f06bb5d9e6607db9573226956f7004005,Services,MajorRepair,md58_46,46,current 10 full runs,3.0,3.0,1.0,3.0,3.0,1.0,3.0,3.0,1.0,2.0,2.0,1.0,2.0,2.3,1.0,1.0,1.0,1.0,3.0,3.0,1.0,1.0,1.0,1.0,4.0,4.0,1.0,2.0,1.8,1.0,0.0,0.0,1.0,0.0,0.0,1.0,1.0,1.0,1.0,1.0,1.0,1.0,1.0,0.8,1.0,2.0,2.0,1.0,1.0,1.0,1.0,3.0,3.0,1.0,1.0,3.0,1.6293279022403258,0.1025641025641025,0.8974358974358975,0.1923076923076923,0.1666666666666666,0.1025641025641025,0.17,3.0,3.0,3.0,2.0,2.3,1.0,3.0,1.0,4.0,1.8,0.0,0.0,1.0,1.0,0.8,2.0,2.2,1.0,3.0,3.0,1.0,3.0,19.5,0.3288972566709494,0.1359890778360583,0.1973107998074966,0.1290934584660074,0.064704791009224,0.0311194747457011,0.110890037935252,0.2265048021060276,0.1578947368421052,0.0,0.0756063150568869,0.119359913897396,0.0667508623819898,0.055675595998764,7.554325103759766,0.0153061224489795,4.31644344329834,,3.0,0.0,2.0,1.0,3.0,0.0,3,3,0.0,0.0,1.0,2.0,0.0,20.0,2.0,3.0,4.0,2.0,2.0,5.0,32.0,0.0,10.0,3.0,10.0,0.0,0.0,0.0,1.0,1.0,0.0,0.0,0.0,1.0,0.0,1.0,1.0,0.0
md58_46,pretest_md58,Avito_Services_se_24-08-CROSS_MR&TR-T1-С2С,brief column,Avito_Services_se_24-08-CROSS_MR&TR-T1-С2С.AVI,/Users/asekorneev/Desktop/Creatives_validation/Avito_Services_se_24-08-CROSS_MR&TR-T1-С2С.AVI,/Users/asekorneev/outputs/message_delivery_features_20260819/prepared_media/avitoservicesse2408crossmrtrt1с2с.mp4,True,Avito,46,train,0.17,0.17,0,0,8.0,0.0,,,/Users/asekorneev/outputs/aipm3_value_context_20260914/sources/promiser_comparison/combo_input.csv,current_saved_target,47.05882352941176,Existing OPM / existing message fraction,False,/Users/asekorneev/outputs/aipm_stability_20260919/human_quality_20260920/targets.csv,/Users/asekorneev/outputs/message_delivery_features_20260819/video_manifest.csv,86658353631da079278893193e663d3f06bb5d9e6607db9573226956f7004005,avitoservicesse2408crossmrtrt1c2c,86658353631da079278893193e663d3f06bb5d9e6607db9573226956f7004005,86658353631da079278893193e663d3f06bb5d9e6607db9573226956f7004005,Services,MajorRepair,md58_46,46,current 10 full runs,3.0,3.0,1.0,3.0,3.0,1.0,3.0,3.0,1.0,2.0,2.0,1.0,2.0,2.3333333333333335,0.8999999999999998,1.0,1.0,1.0,3.0,3.0,1.0,1.0,1.0,1.0,4.0,3.933333333333333,0.9666666666666666,2.0,1.9,1.0,0.0,0.0,1.0,0.0,0.0,1.0,1.0,1.0,1.0,1.0,1.0,1.0,1.0,0.8,1.0,2.0,2.0,1.0,1.0,1.0,1.0,3.0,3.0,1.0,1.0,3.0,1.6293279022403258,0.0256410256410256,0.9743589743589745,0.2692307692307692,0.1923076923076923,0.0512820512820512,0.17,3.0,3.0,3.0,2.0,2.3333333333333335,1.0,3.0,1.0,3.933333333333333,1.9,0.0,0.0,1.0,1.0,0.8,2.0,2.0,1.0,3.0,3.0,1.0,3.0,19.5,0.3288972566709494,0.1359890778360583,0.1973107998074966,0.1290934584660074,0.064704791009224,0.0311194747457011,0.110890037935252,0.2265048021060276,0.1578947368421052,0.0,0.0756063150568869,0.119359913897396,0.0667508623819898,0.055675595998764,7.554325103759766,0.0153061224489795,4.31644344329834,,3.0,0.0,2.0,1.0,3.0,0.0,4,4,0.0,0.0,1.0,2.0,0.0,20.0,2.0,3.0,4.0,2.0,2.0,5.0,30.0,0.0,15.0,3.0,10.0,0.0,0.0,0.0,0.0,1.0,0.0,0.0,0.0,1.0,0.0,1.0,1.0,0.0
md58_46,pretest_md58,Avito_Services_se_24-08-CROSS_MR&TR-T1-С2С,brief column,Avito_Services_se_24-08-CROSS_MR&TR-T1-С2С.AVI,/Users/asekorneev/Desktop/Creatives_validation/Avito_Services_se_24-08-CROSS_MR&TR-T1-С2С.AVI,/Users/asekorneev/outputs/message_delivery_features_20260819/prepared_media/avitoservicesse2408crossmrtrt1с2с.mp4,True,Avito,46,train,0.17,0.17,0,0,8.0,0.0,,,/Users/asekorneev/outputs/aipm3_value_context_20260914/sources/promiser_comparison/combo_input.csv,current_saved_target,47.05882352941176,Existing OPM / existing message fraction,False,/Users/asekorneev/outputs/aipm_stability_20260919/human_quality_20260920/targets.csv,/Users/asekorneev/outputs/message_delivery_features_20260819/video_manifest.csv,86658353631da079278893193e663d3f06bb5d9e6607db9573226956f7004005,avitoservicesse2408crossmrtrt1c2c,86658353631da079278893193e663d3f06bb5d9e6607db9573226956f7004005,86658353631da079278893193e663d3f06bb5d9e6607db9573226956f7004005,Services,MajorRepair,md58_46,46,current 10 full runs,3.0,3.0,1.0,3.0,3.0,1.0,3.0,3.0,1.0,2.0,2.0,1.0,2.0,2.1666666666666665,0.8666666666666666,1.0,1.0,1.0,3.0,3.0,1.0,1.0,1.0,1.0,4.0,3.966666666666667,0.9666666666666666,2.0,1.8,1.0,0.0,0.0,1.0,0.0,0.0,1.0,1.0,1.0,1.0,1.0,1.0,1.0,1.0,0.9666666666666668,0.9333333333333332,2.0,2.0,1.0,1.0,1.0,1.0,3.0,3.0,1.0,1.0,3.0,1.6293279022403258,0.0256410256410256,0.9743589743589745,0.2692307692307692,0.2179487179487179,0.1025641025641025,0.17,3.0,3.0,3.0,2.0,2.1666666666666665,1.0,3.0,1.0,3.966666666666667,1.8,0.0,0.0,1.0,1.0,0.9666666666666668,2.0,2.1,1.0,3.0,3.0,1.0,3.0,19.5,0.3288972566709494,0.1359890778360583,0.1973107998074966,0.1290934584660074,0.064704791009224,0.0311194747457011,0.110890037935252,0.2265048021060276,0.1578947368421052,0.0,0.0756063150568869,0.119359913897396,0.0667508623819898,0.055675595998764,7.554325103759766,0.0153061224489795,4.31644344329834,,3.0,0.0,2.0,1.0,3.0,0.0,5,5,0.0,0.0,1.0,2.0,0.0,20.0,2.0,3.0,4.0,2.0,2.0,5.0,35.0,0.0,10.0,3.0,10.0,0.0,0.0,0.0,1.0,1.0,0.0,0.0,0.0,1.0,0.0,1.0,1.0,0.0
md58_46,pretest_md58,Avito_Services_se_24-08-CROSS_MR&TR-T1-С2С,brief column,Avito_Services_se_24-08-CROSS_MR&TR-T1-С2С.AVI,/Users/asekorneev/Desktop/Creatives_validation/Avito_Services_se_24-08-CROSS_MR&TR-T1-С2С.AVI,/Users/asekorneev/outputs/message_delivery_features_20260819/prepared_media/avitoservicesse2408crossmrtrt1с2с.mp4,True,Avito,46,train,0.17,0.17,0,0,8.0,0.0,,,/Users/asekorneev/outputs/aipm3_value_context_20260914/sources/promiser_comparison/combo_input.csv,current_saved_target,47.05882352941176,Existing OPM / existing message fraction,False,/Users/asekorneev/outputs/aipm_stability_20260919/human_quality_20260920/targets.csv,/Users/asekorneev/outputs/message_delivery_features_20260819/video_manifest.csv,86658353631da079278893193e663d3f06bb5d9e6607db9573226956f7004005,avitoservicesse2408crossmrtrt1c2c,86658353631da079278893193e663d3f06bb5d9e6607db9573226956f7004005,86658353631da079278893193e663d3f06bb5d9e6607db9573226956f7004005,Services,MajorRepair,md58_46,46,current 10 full runs,3.0,3.0,1.0,3.0,3.0,1.0,3.0,3.0,1.0,2.0,2.0,1.0,2.0,2.1,1.0,1.0,1.0,1.0,3.0,3.0,1.0,1.0,1.0,1.0,4.0,4.0,1.0,2.0,1.9,1.0,0.0,0.0,1.0,0.0,0.0,1.0,1.0,1.0,1.0,1.0,1.0,1.0,1.0,0.9,1.0,2.0,2.0,1.0,1.0,1.0,1.0,3.0,3.0,1.0,1.0,3.0,1.6293279022403258,0.0512820512820512,0.9487179487179488,0.2692307692307692,0.2435897435897435,0.1025641025641025,0.17,3.0,3.0,3.0,2.0,2.1,1.0,3.0,1.0,4.0,1.9,0.0,0.0,1.0,1.0,0.9,2.0,2.0,1.0,3.0,3.0,1.0,3.0,19.5,0.3288972566709494,0.1359890778360583,0.1973107998074966,0.1290934584660074,0.064704791009224,0.0311194747457011,0.110890037935252,0.2265048021060276,0.1578947368421052,0.0,0.0756063150568869,0.119359913897396,0.0667508623819898,0.055675595998764,7.554325103759766,0.0153061224489795,4.31644344329834,,2.0,0.0,2.0,1.0,3.0,0.0,6,6,0.0,0.0,1.0,2.0,0.0,20.0,2.0,3.0,4.0,2.0,2.0,5.0,28.0,0.0,10.0,3.0,10.0,0.0,0.0,0.0,1.0,1.0,0.0,0.0,0.0,1.0,0.0,1.0,1.0,0.0
md58_46,pretest_md58,Avito_Services_se_24-08-CROSS_MR&TR-T1-С2С,brief column,Avito_Services_se_24-08-CROSS_MR&TR-T1-С2С.AVI,/Users/asekorneev/Desktop/Creatives_validation/Avito_Services_se_24-08-CROSS_MR&TR-T1-С2С.AVI,/Users/asekorneev/outputs/message_delivery_features_20260819/prepared_media/avitoservicesse2408crossmrtrt1с2с.mp4,True,Avito,46,train,0.17,0.17,0,0,8.0,0.0,,,/Users/asekorneev/outputs/aipm3_value_context_20260914/sources/promiser_comparison/combo_input.csv,current_saved_target,47.05882352941176,Existing OPM / existing message fraction,False,/Users/asekorneev/outputs/aipm_stability_20260919/human_quality_20260920/targets.csv,/Users/asekorneev/outputs/message_delivery_features_20260819/video_manifest.csv,86658353631da079278893193e663d3f06bb5d9e6607db9573226956f7004005,avitoservicesse2408crossmrtrt1c2c,86658353631da079278893193e663d3f06bb5d9e6607db9573226956f7004005,86658353631da079278893193e663d3f06bb5d9e6607db9573226956f7004005,Services,MajorRepair,md58_46,46,current 10 full runs,3.0,3.0,1.0,3.0,3.0,1.0,3.0,3.0,1.0,2.0,2.0,1.0,2.0,2.2,1.0,1.0,1.0,1.0,3.0,3.0,1.0,1.0,1.0,1.0,4.0,4.0,1.0,2.0,1.9,1.0,0.0,0.0,1.0,0.0,0.0,1.0,1.0,1.0,1.0,1.0,1.0,1.0,1.0,0.7,1.0,2.0,2.0,1.0,1.0,1.0,1.0,3.0,3.0,1.0,1.0,3.0,1.6293279022403258,0.0256410256410256,0.9743589743589745,0.2692307692307692,0.2179487179487179,0.1538461538461538,0.17,3.0,3.0,3.0,2.0,2.2,1.0,3.0,1.0,4.0,1.9,0.0,0.0,1.0,1.0,0.7,2.0,2.1,1.0,3.0,3.0,1.0,3.0,19.5,0.3288972566709494,0.1359890778360583,0.1973107998074966,0.1290934584660074,0.064704791009224,0.0311194747457011,0.110890037935252,0.2265048021060276,0.1578947368421052,0.0,0.0756063150568869,0.119359913897396,0.0667508623819898,0.055675595998764,7.554325103759766,0.0153061224489795,4.31644344329834,,3.0,0.0,2.0,1.0,3.0,0.0,7,7,0.0,0.0,1.0,2.0,0.0,20.0,2.0,3.0,4.0,2.0,2.0,5.0,32.0,0.0,10.0,3.0,10.0,0.0,0.0,0.0,1.0,1.0,0.0,0.0,0.0,1.0,0.0,1.0,1.0,0.0
md58_46,pretest_md58,Avito_Services_se_24-08-CROSS_MR&TR-T1-С2С,brief column,Avito_Services_se_24-08-CROSS_MR&TR-T1-С2С.AVI,/Users/asekorneev/Desktop/Creatives_validation/Avito_Services_se_24-08-CROSS_MR&TR-T1-С2С.AVI,/Users/asekorneev/outputs/message_delivery_features_20260819/prepared_media/avitoservicesse2408crossmrtrt1с2с.mp4,True,Avito,46,train,0.17,0.17,0,0,8.0,0.0,,,/Users/asekorneev/outputs/aipm3_value_context_20260914/sources/promiser_comparison/combo_input.csv,current_saved_target,47.05882352941176,Existing OPM / existing message fraction,False,/Users/asekorneev/outputs/aipm_stability_20260919/human_quality_20260920/targets.csv,/Users/asekorneev/outputs/message_delivery_features_20260819/video_manifest.csv,86658353631da079278893193e663d3f06bb5d9e6607db9573226956f7004005,avitoservicesse2408crossmrtrt1c2c,86658353631da079278893193e663d3f06bb5d9e6607db9573226956f7004005,86658353631da079278893193e663d3f06bb5d9e6607db9573226956f7004005,Services,MajorRepair,md58_46,46,current 10 full runs,3.0,3.0,1.0,3.0,3.0,1.0,3.0,3.0,1.0,2.0,2.0,1.0,2.0,2.3333333333333335,0.8999999999999998,1.0,1.0,1.0,3.0,3.0,1.0,1.0,1.0,1.0,4.0,4.033333333333333,0.9666666666666666,2.0,1.8,1.0,0.0,0.0,1.0,0.0,0.0,1.0,1.0,1.0,1.0,1.0,1.0,1.0,1.0,0.8333333333333334,0.9666666666666666,2.0,2.0,1.0,1.0,1.0,1.0,3.0,3.0,1.0,1.0,3.0,1.6293279022403258,0.0512820512820512,0.9487179487179488,0.2692307692307692,0.1538461538461538,0.0769230769230769,0.17,3.0,3.0,3.0,2.0,2.3333333333333335,1.0,3.0,1.0,4.033333333333333,1.8,0.0,0.0,1.0,1.0,0.8333333333333334,2.0,2.5,1.0,3.0,3.0,1.0,3.0,19.5,0.3288972566709494,0.1359890778360583,0.1973107998074966,0.1290934584660074,0.064704791009224,0.0311194747457011,0.110890037935252,0.2265048021060276,0.1578947368421052,0.0,0.0756063150568869,0.119359913897396,0.0667508623819898,0.055675595998764,7.554325103759766,0.0153061224489795,4.31644344329834,,3.0,0.0,2.0,1.0,3.0,0.0,8,8,0.0,0.0,1.0,2.0,0.0,20.0,2.0,3.0,4.0,2.0,2.0,5.0,32.0,0.0,15.0,3.0,10.0,0.0,0.0,0.0,0.0,1.0,0.0,0.0,0.0,1.0,0.0,1.0,1.0,0.0
md58_46,pretest_md58,Avito_Services_se_24-08-CROSS_MR&TR-T1-С2С,brief column,Avito_Services_se_24-08-CROSS_MR&TR-T1-С2С.AVI,/Users/asekorneev/Desktop/Creatives_validation/Avito_Services_se_24-08-CROSS_MR&TR-T1-С2С.AVI,/Users/asekorneev/outputs/message_delivery_features_20260819/prepared_media/avitoservicesse2408crossmrtrt1с2с.mp4,True,Avito,46,train,0.17,0.17,0,0,8.0,0.0,,,/Users/asekorneev/outputs/aipm3_value_context_20260914/sources/promiser_comparison/combo_input.csv,current_saved_target,47.05882352941176,Existing OPM / existing message fraction,False,/Users/asekorneev/outputs/aipm_stability_20260919/human_quality_20260920/targets.csv,/Users/asekorneev/outputs/message_delivery_features_20260819/video_manifest.csv,86658353631da079278893193e663d3f06bb5d9e6607db9573226956f7004005,avitoservicesse2408crossmrtrt1c2c,86658353631da079278893193e663d3f06bb5d9e6607db9573226956f7004005,86658353631da079278893193e663d3f06bb5d9e6607db9573226956f7004005,Services,MajorRepair,md58_46,46,current 10 full runs,3.0,2.9,1.0,3.0,2.9,1.0,3.0,3.0,1.0,2.0,2.0,1.0,2.0,2.0,1.0,1.0,1.0,1.0,3.0,3.0,1.0,1.0,1.0,1.0,4.0,3.9,1.0,2.0,1.9,1.0,0.0,0.1,1.0,0.0,0.1,1.0,1.0,1.0,1.0,1.0,1.0,1.0,1.0,0.8,1.0,2.0,2.0,1.0,1.0,1.0,1.0,3.0,2.9,1.0,1.0,2.9,1.6293279022403258,0.1025641025641025,0.8974358974358975,0.2692307692307692,0.282051282051282,0.0769230769230769,0.17,2.9,2.9,3.0,2.0,2.0,1.0,3.0,1.0,3.9,1.9,0.1,0.1,1.0,1.0,0.8,2.0,2.1,1.0,2.9,2.9,1.0,2.9,19.5,0.3288972566709494,0.1359890778360583,0.1973107998074966,0.1290934584660074,0.064704791009224,0.0311194747457011,0.110890037935252,0.2265048021060276,0.1578947368421052,0.0,0.0756063150568869,0.119359913897396,0.0667508623819898,0.055675595998764,7.554325103759766,0.0153061224489795,4.31644344329834,,3.0,0.0,2.0,1.0,3.0,0.0,9,9,0.0,0.0,1.0,2.0,0.0,20.0,2.0,3.0,4.0,2.0,2.0,5.0,35.0,0.0,10.0,3.0,10.0,0.0,0.0,0.0,1.0,1.0,0.0,0.0,0.0,1.0,0.0,1.0,1.0,0.0
md58_46,pretest_md58,Avito_Services_se_24-08-CROSS_MR&TR-T1-С2С,brief column,Avito_Services_se_24-08-CROSS_MR&TR-T1-С2С.AVI,/Users/asekorneev/Desktop/Creatives_validation/Avito_Services_se_24-08-CROSS_MR&TR-T1-С2С.AVI,/Users/asekorneev/outputs/message_delivery_features_20260819/prepared_media/avitoservicesse2408crossmrtrt1с2с.mp4,True,Avito,46,train,0.17,0.17,0,0,8.0,0.0,,,/Users/asekorneev/outputs/aipm3_value_context_20260914/sources/promiser_comparison/combo_input.csv,current_saved_target,47.05882352941176,Existing OPM / existing message fraction,False,/Users/asekorneev/outputs/aipm_stability_20260919/human_quality_20260920/targets.csv,/Users/asekorneev/outputs/message_delivery_features_20260819/video_manifest.csv,86658353631da079278893193e663d3f06bb5d9e6607db9573226956f7004005,avitoservicesse2408crossmrtrt1c2c,86658353631da079278893193e663d3f06bb5d9e6607db9573226956f7004005,86658353631da079278893193e663d3f06bb5d9e6607db9573226956f7004005,Services,MajorRepair,md58_46,46,current 10 full runs,3.0,3.0,1.0,3.0,3.0,1.0,3.0,3.0,1.0,2.0,2.0,1.0,2.0,2.3333333333333335,0.9666666666666666,1.0,1.0,1.0,3.0,3.0,1.0,1.0,1.0,1.0,4.0,4.0,1.0,2.0,2.0,1.0,0.0,0.0,1.0,0.0,0.0,1.0,1.0,1.0,1.0,1.0,1.0,1.0,1.0,0.8666666666666667,0.9666666666666666,2.0,2.0,1.0,1.0,1.0,1.0,3.0,3.0,1.0,1.0,3.0,1.6293279022403258,0.0512820512820512,0.9487179487179488,0.2692307692307692,0.1794871794871795,0.0256410256410256,0.17,3.0,3.0,3.0,2.0,2.3333333333333335,1.0,3.0,1.0,4.0,2.0,0.0,0.0,1.0,1.0,0.8666666666666667,2.0,2.1,1.0,3.0,3.0,1.0,3.0,19.5,0.3288972566709494,0.1359890778360583,0.1973107998074966,0.1290934584660074,0.064704791009224,0.0311194747457011,0.110890037935252,0.2265048021060276,0.1578947368421052,0.0,0.0756063150568869,0.119359913897396,0.0667508623819898,0.055675595998764,7.554325103759766,0.0153061224489795,4.31644344329834,,3.0,0.0,2.0,1.0,3.0,0.0,10,10,0.0,0.0,1.0,2.0,0.0,20.0,2.0,3.0,4.0,2.0,2.0,5.0,35.0,0.0,20.0,3.0,10.0,0.0,0.0,0.0,1.0,1.0,0.0,0.0,0.0,1.0,0.0,1.0,1.0,0.0
md58_47,pretest_md58,Avito Services_se_25-05-AP-T1-C2C,brief column,Avito Services_se_25-05-AP-T1-C2C.AVI,/Users/asekorneev/Desktop/Creatives_validation/Avito Services_se_25-05-AP-T1-C2C.AVI,/Users/asekorneev/outputs/message_delivery_features_20260819/prepared_media/avitoservicesse2505apt1c2c.mp4,True,Avito,47,train,0.14,0.14,0,0,7.0,0.0,0.0879,0.2,/Users/asekorneev/outputs/aipm3_value_context_20260914/sources/promiser_comparison/combo_input.csv,current_saved_target,49.99999999999999,Existing OPM / existing message fraction,False,/Users/asekorneev/outputs/aipm_stability_20260919/human_quality_20260920/targets.csv,/Users/asekorneev/outputs/message_delivery_features_20260819/video_manifest.csv,b47bf7e84ebbf701677b26d30152be2ad41282f8057afd39adfbc6dcdcfec2b9,avitoservicesse2505apt1c2c,b47bf7e84ebbf701677b26d30152be2ad41282f8057afd39adfbc6dcdcfec2b9,b47bf7e84ebbf701677b26d30152be2ad41282f8057afd39adfbc6dcdcfec2b9,Services,Services,md58_47,47,saved historical same-protocol Pro extraction,2.0,2.033333333333333,0.9666666666666666,3.0,2.8333333333333335,0.9666666666666666,2.0,2.3666666666666667,0.9,2.0,1.9333333333333331,0.9666666666666666,2.0,2.1666666666666665,0.8666666666666666,1.0,1.0,1.0,3.0,3.0,1.0,1.0,1.0,1.0,4.0,4.066666666666666,0.9333333333333332,2.0,2.0,1.0,1.0,0.8333333333333334,0.9333333333333332,0.0,0.0,1.0,1.0,1.0333333333333334,0.9666666666666666,1.0,1.0,1.0,1.0,1.0333333333333334,0.9666666666666666,2.0,2.033333333333333,0.9666666666666666,0.0,0.0,1.0,3.0,3.0,1.0,0.0,3.0,2.136317395727365,0.0769230769230769,0.9230769230769232,,,,0.14,2.033333333333333,2.8333333333333335,2.3666666666666667,1.9333333333333331,2.1666666666666665,1.0,3.0,1.0,4.066666666666666,2.0,0.8333333333333334,0.0,1.0333333333333334,1.0,1.0333333333333334,2.033333333333333,2.0,1.0,2.066666666666667,2.8333333333333335,0.0,3.0,19.5,0.4219204397333482,0.0930877474410739,0.2129734156400284,0.1144538573264063,0.0453489364086901,0.0409014069454277,0.1232478380728509,0.2194967229484386,0.1842105263157894,0.0263157894736842,0.1377950254175744,0.1770378662528237,0.0788553013798111,0.0455837547779083,11.486190795898438,0.0306122448979591,5.254851818084717,,3.0,0.0,2.0,2.0,3.0,1.0,1,1,1.0,0.0,0.0,2.0,1.0,20.0,1.0,3.0,4.0,1.0,4.0,5.0,45.0,0.0,20.0,3.0,5.0,0.0,0.0,0.0,0.0,1.0,1.0,1.0,0.0,1.0,0.0,1.0,1.0,0.0
md58_48,pretest_md58,Avito Services_se_25-11-H&B -T1-C2C,brief column,Avito Services_se_25-11-H&B -T1-C2C.mp4,/Users/asekorneev/Desktop/Creatives_validation/Avito Services_se_25-11-H&B -T1-C2C.mp4,/Users/asekorneev/outputs/message_delivery_features_20260819/prepared_media/avitoservicesse2511hbt1c2c.mp4,True,Avito,48,train,0.24,0.24,1,1,10.0,1.0,0.1179,0.23,/Users/asekorneev/outputs/aipm3_value_context_20260914/sources/promiser_comparison/combo_input.csv,current_saved_target,41.66666666666667,Existing OPM / existing message fraction,False,/Users/asekorneev/outputs/aipm_stability_20260919/human_quality_20260920/targets.csv,/Users/asekorneev/outputs/message_delivery_features_20260819/video_manifest.csv,17a73d094b5569f1fdafd79544dcce3be1c3bb90535425fc1cae810ccfd513bc,avitoservicesse2511hbt1c2c,17a73d094b5569f1fdafd79544dcce3be1c3bb90535425fc1cae810ccfd513bc,17a73d094b5569f1fdafd79544dcce3be1c3bb90535425fc1cae810ccfd513bc,Services,Services,md58_48,48,saved historical same-protocol Pro extraction,2.0,2.3,1.0,3.0,2.6,1.0,3.0,3.0,1.0,2.0,1.6,1.0,2.0,2.3666666666666667,0.9666666666666666,1.0,1.0,1.0,3.0,3.0,1.0,1.0,0.7,1.0,4.0,3.966666666666667,0.9666666666666666,1.0,1.0,1.0,0.0,0.0,1.0,0.0,0.0,1.0,1.0,0.9666666666666668,0.9666666666666666,1.0,1.0,1.0,1.0,1.0,1.0,2.0,2.1666666666666665,0.9666666666666666,1.0,1.0,1.0,3.0,3.0,1.0,1.0,3.0,1.7991004497751124,0.1025641025641025,0.8974358974358975,,,,0.24,2.3,2.6,3.0,1.6,2.3666666666666667,1.0,3.0,0.7,3.966666666666667,1.0,0.0,0.0,0.9666666666666668,1.0,1.0,2.1666666666666665,2.0,1.0,2.5,2.6,1.0,3.0,20.0,0.3126848878903412,0.1135109902655317,0.1983258792611801,0.0983977736928104,0.0440067826856029,0.0234137545979016,0.1036117605161723,0.1964166485112563,0.1025641025641025,0.0,0.0957844650205761,0.1421204012558222,0.0690292302106027,0.0494754016399383,22.27935791015625,0.18,9.356208801269531,,2.0,0.0,2.0,1.0,3.0,1.0,1,1,1.0,0.0,0.0,2.0,2.0,20.0,2.0,4.0,2.0,2.0,2.0,5.0,30.0,2.0,12.0,4.0,5.0,1.0,0.0,0.0,0.0,1.0,0.0,0.0,0.0,1.0,0.0,1.0,0.0,0.0
md58_49,pretest_md58,EL Recom T2 2025-03 - Electronics Buyout,brief column,el_buyout_25_v1.mp4,/Users/asekorneev/Desktop/Creatives_validation/el_buyout_25_v1.mp4,/Users/asekorneev/outputs/message_delivery_features_20260819/prepared_media/elbuyout25v1.mp4,True,Avito,49,train,0.23,0.23,1,1,9.0,1.0,,,/Users/asekorneev/outputs/aipm3_value_context_20260914/sources/promiser_comparison/combo_input.csv,current_saved_target,39.130434782608695,Existing OPM / existing message fraction,False,/Users/asekorneev/outputs/aipm_stability_20260919/human_quality_20260920/targets.csv,/Users/asekorneev/outputs/message_delivery_features_20260819/video_manifest.csv,1c4d785d54289af3f2972ca16f4660992f0b94b494e4be61ef19d285f0b19b18,elrecomt2202503electronicsbuyout,,el_buyout_25_campaign,Other,Other,md58_49,49,saved historical same-protocol Pro extraction,3.0,3.0,1.0,3.0,3.0,1.0,3.0,2.933333333333333,0.9666666666666666,1.0,1.2666666666666666,0.9666666666666666,2.0,2.0,1.0,1.0,1.0,1.0,3.0,3.0,1.0,2.0,1.9,0.9333333333333332,4.0,3.966666666666667,0.9666666666666666,1.0,1.0,1.0,1.0,1.0,1.0,1.0,1.0,1.0,1.0,0.9666666666666668,0.9666666666666666,1.0,1.0,1.0,1.0,0.9666666666666668,0.9666666666666666,2.0,2.0,1.0,1.0,1.0,1.0,3.0,3.0,1.0,1.0,3.0,1.9973368841544608,0.0512820512820512,0.9487179487179488,,,,0.23,3.0,3.0,2.933333333333333,1.2666666666666666,2.0,1.0,3.0,1.9,3.966666666666667,1.0,1.0,1.0,0.9666666666666668,1.0,0.9666666666666668,2.0,2.0,1.0,3.0,3.0,1.0,3.0,15.0,0.3587216745340111,0.1285409196864561,0.223994325694535,0.1325072803195352,0.0401774955524152,0.0393117100516952,0.154660365487191,0.2744702251270878,0.3793103448275862,0.0689655172413793,0.1793813846526265,0.202219852701406,0.1095600490196078,0.233952909708023,17.94790267944336,0.0133333333333333,7.991878986358643,,3.0,1.0,3.0,2.0,3.0,0.0,1,1,0.0,1.0,1.0,3.0,1.0,15.0,2.0,3.0,4.0,2.0,2.0,2.0,35.0,0.0,15.0,3.0,3.0,1.0,0.0,0.0,0.0,1.0,1.0,0.0,0.0,1.0,1.0,1.0,1.0,0.0
md58_50,pretest_md58,EL Recom T2 2025-03 - Electronics Buyout,brief column,el_buyout_25_v2.mp4,/Users/asekorneev/Desktop/Creatives_validation/el_buyout_25_v2.mp4,/Users/asekorneev/outputs/message_delivery_features_20260819/prepared_media/elbuyout25v2.mp4,True,Avito,50,train,0.32,0.32,2,2,13.0,2.0,,,/Users/asekorneev/outputs/aipm3_value_context_20260914/sources/promiser_comparison/combo_input.csv,current_saved_target,40.625,Existing OPM / existing message fraction,False,/Users/asekorneev/outputs/aipm_stability_20260919/human_quality_20260920/targets.csv,/Users/asekorneev/outputs/message_delivery_features_20260819/video_manifest.csv,3c0db100e51bd430d41b288f8989b0bd196b7ae686d368481a71388bc8c24c79,elrecomt2202503electronicsbuyout,,el_buyout_25_campaign,Other,Other,md58_50,50,saved historical same-protocol Pro extraction,3.0,3.0,1.0,3.0,3.0,1.0,3.0,2.966666666666667,0.9666666666666666,1.0,1.0,1.0,2.0,1.9666666666666663,0.9666666666666666,1.0,1.0,1.0,3.0,3.0,1.0,2.0,1.6333333333333333,0.9666666666666666,4.0,3.966666666666667,0.9666666666666666,1.0,1.2,1.0,1.0,1.0,1.0,1.0,1.0,1.0,1.0,1.0,1.0,1.0,1.0,1.0,0.0,0.2666666666666666,0.9666666666666666,2.0,2.0,1.0,1.0,0.7,1.0,3.0,3.0,1.0,1.0,3.0,1.7310252996005326,0.0512820512820512,0.9487179487179488,,,,0.32,3.0,3.0,2.966666666666667,1.0,1.9666666666666663,1.0,3.0,1.6333333333333333,3.966666666666667,1.2,1.0,1.0,1.0,1.0,0.2666666666666666,2.0,2.0,1.0,3.0,3.0,0.7,3.0,15.0,0.3590746399176955,0.1299348965463836,0.2244823626047853,0.1326681735657225,0.0401564859732403,0.0387295067978204,0.1549884431422633,0.2771383260711691,0.3793103448275862,0.0689655172413793,0.1793813846526265,0.202219852701406,0.1095600490196078,0.2300729900598526,18.52497100830078,0.0133333333333333,8.20060920715332,,3.0,1.0,2.0,2.0,3.0,0.0,1,1,0.0,1.0,1.0,3.0,1.0,15.0,1.0,2.0,3.0,2.0,2.0,2.0,35.0,0.0,15.0,2.0,3.0,1.0,0.0,0.0,1.0,1.0,1.0,0.0,0.0,1.0,1.0,1.0,1.0,0.0
md58_51,pretest_md58,возможно найдем,brief column,Gig_podvokh.mp4,/Users/asekorneev/Desktop/Creatives_validation/Gig_podvokh.mp4,/Users/asekorneev/outputs/message_delivery_features_20260819/prepared_media/gigpodvokh.mp4,True,Avito,51,holdout,0.31,0.31,2,2,10.0,1.0,,,/Users/asekorneev/outputs/aipm3_value_context_20260914/sources/promiser_comparison/combo_input.csv,current_saved_target,32.25806451612903,Existing OPM / existing message fraction,False,/Users/asekorneev/outputs/aipm_stability_20260919/human_quality_20260920/targets.csv,/Users/asekorneev/outputs/message_delivery_features_20260819/video_manifest.csv,983d70fe135cb4275f74abd2841812d70548565a5ceb36a08ea06830d50ded5b,вoзмoжнoнaйдeм,,gig_26_campaign,Other,Other,md58_51,51,saved historical same-protocol Pro extraction,3.0,2.5,1.0,3.0,3.0,1.0,2.0,2.066666666666667,0.9666666666666666,2.0,2.0,1.0,3.0,2.966666666666667,0.9666666666666666,2.0,2.1,1.0,3.0,3.0,1.0,1.0,1.0,1.0,4.0,3.7666666666666666,0.9666666666666666,2.0,2.0,1.0,1.0,1.0,1.0,0.0,0.1,1.0,1.0,1.0,1.0,0.0,0.0,1.0,2.0,1.5666666666666669,0.9666666666666666,2.0,2.0,1.0,0.0,0.0,1.0,3.0,3.0,1.0,0.0,3.0,1.699150424787606,0.1282051282051282,0.8717948717948718,,,,0.31,2.5,3.0,2.066666666666667,2.0,2.966666666666667,2.1,3.0,1.0,3.7666666666666666,2.0,1.0,0.1,1.0,0.0,1.5666666666666669,2.0,2.0,1.0,2.6,2.9,0.0,3.0,20.0,0.3768154933732752,0.0908072365685458,0.2024185469025446,0.1282029616013072,0.0293975541175756,0.0426684111700523,0.0788345250730871,0.2070255446623094,0.1282051282051282,0.1025641025641025,0.0776035917453401,0.2161700628057771,0.1446254992737835,0.2296858578920364,20.557506561279297,0.02,8.665372848510742,,2.0,0.0,2.0,1.0,3.0,1.0,1,1,1.0,1.0,1.0,3.0,1.0,20.0,2.0,3.0,3.0,2.0,3.0,3.0,35.0,0.0,20.0,3.0,3.0,1.0,0.0,0.0,0.0,1.0,1.0,0.0,0.0,0.0,1.0,0.0,0.0,0.0
md58_52,pretest_md58,no (повторка),brief column,Gig_surprise.mp4,/Users/asekorneev/Desktop/Creatives_validation/Gig_surprise.mp4,/Users/asekorneev/outputs/message_delivery_features_20260819/prepared_media/gigsurprise.mp4,True,Avito,52,holdout,0.23,0.23,1,1,13.0,2.0,,,/Users/asekorneev/outputs/aipm3_value_context_20260914/sources/promiser_comparison/combo_input.csv,current_saved_target,56.52173913043478,Existing OPM / existing message fraction,False,/Users/asekorneev/outputs/aipm_stability_20260919/human_quality_20260920/targets.csv,/Users/asekorneev/outputs/message_delivery_features_20260819/video_manifest.csv,23861d7018d2b7afe06053d9571530a405621a370cf0bb8251fcdc4ffa7bf311,noпoвтopкa,,gig_26_campaign,Other,Other,md58_52,52,saved historical same-protocol Pro extraction,3.0,2.8,1.0,3.0,3.0,1.0,2.0,2.1,1.0,2.0,2.3,1.0,3.0,3.0,1.0,2.0,2.1,1.0,3.0,3.0,1.0,1.0,0.7,1.0,4.0,4.0,1.0,2.0,2.0,1.0,1.0,1.0,1.0,0.0,0.1,1.0,1.0,1.0,1.0,0.0,0.0,1.0,2.0,1.6,1.0,2.0,2.0,1.0,0.0,0.0,1.0,3.0,3.0,1.0,0.0,3.0,1.7991004497751124,0.0512820512820513,0.9487179487179488,,,,0.23,2.8,3.0,2.1,2.3,3.0,2.1,3.0,0.7,4.0,2.0,1.0,0.1,1.0,0.0,1.6,2.0,2.0,1.0,2.9,3.0,0.0,3.0,20.0,0.3736987813180827,0.0822265906182846,0.1980878306312248,0.1279462418300653,0.0278449465544789,0.0415077513665375,0.0771251326741522,0.2072392156862745,0.1282051282051282,0.1025641025641025,0.0776093863471314,0.216156626966226,0.1446479212055192,0.2269684970378875,15.123906135559082,0.02,7.5571794509887695,,2.0,0.0,2.0,1.0,3.0,1.0,1,1,1.0,1.0,1.0,3.0,1.0,21.0,2.0,3.0,3.0,2.0,3.0,4.0,42.0,0.0,21.0,3.0,4.0,1.0,0.0,0.0,0.0,1.0,1.0,0.0,0.0,1.0,1.0,0.0,0.0,0.0
md58_53,pretest_md58,возможно найдем,brief column,ps_zakazy_blizhe_24.mp4,/Users/asekorneev/Desktop/Creatives_validation/ps_zakazy_blizhe_24.mp4,/Users/asekorneev/Desktop/Creatives_validation/ps_zakazy_blizhe_24.mp4,True,Avito,53,train,0.24,0.24,1,1,8.0,0.0,,,/Users/asekorneev/outputs/aipm3_value_context_20260914/sources/promiser_comparison/combo_input.csv,current_saved_target,33.333333333333336,Existing OPM / existing message fraction,False,/Users/asekorneev/outputs/aipm_stability_20260919/human_quality_20260920/targets.csv,/Users/asekorneev/outputs/message_delivery_features_20260819/video_manifest.csv,ddbbcc2fb8ab45577bf0499e02558ec984c78ba7f4566b64825af62230b6b73c,вoзмoжнoнaйдeм,,ddbbcc2fb8ab45577bf0499e02558ec984c78ba7f4566b64825af62230b6b73c,Other,Other,md58_53,53,saved historical same-protocol Pro extraction,3.0,3.0,1.0,3.0,3.0,1.0,4.0,4.0,1.0,1.0,1.0,1.0,1.0,1.1,0.9,0.0,0.0,1.0,3.0,3.0,1.0,0.0,0.0,1.0,3.0,3.1,0.9,0.0,0.1,1.0,1.0,0.8666666666666667,0.9666666666666666,0.0,0.0,1.0,0.0,0.1,0.9333333333333332,0.0,0.0,1.0,1.0,0.9,0.9333333333333332,3.0,2.533333333333333,0.9666666666666666,0.0,0.0,1.0,3.0,2.9,1.0,0.0,2.9,1.7333333333333334,0.0769230769230768,0.9230769230769232,,,,0.24,3.0,3.0,4.0,1.0,1.1,0.0,3.0,0.0,3.1,0.1,0.8666666666666667,0.0,0.1,0.0,0.9,2.533333333333333,3.566666666666667,1.0,3.0,2.8333333333333335,0.0,2.9,15.0,0.517131774993948,0.1055106886077741,0.236142643427467,0.1314487472766884,0.0328705204948441,0.0397211527965798,0.1465038689805424,0.2674925199709513,0.4482758620689655,0.1034482758620689,0.1034333242556281,0.1993105824802558,0.1238968318809004,0.0723758935928344,9.506160736083984,0.0333333333333333,6.530584335327148,,1.0,0.0,2.0,1.0,2.0,0.0,1,1,0.0,0.0,0.0,2.0,1.0,15.0,2.0,3.0,8.0,8.0,0.0,0.0,25.0,0.0,15.0,3.0,2.0,1.0,0.0,1.0,1.0,0.0,0.0,0.0,0.0,1.0,1.0,0.0,0.0,0.0
md58_54,pretest_md58,s_teplom,video filename; not an independently verified brief,s_teplom.mp4,/Users/asekorneev/Desktop/Creatives_validation/s_teplom.mp4,/Users/asekorneev/outputs/message_delivery_features_20260819/prepared_media/steplom.mp4,True,Avito,54,train,0.24,0.24,1,1,8.0,0.0,,,/Users/asekorneev/outputs/aipm3_value_context_20260914/sources/promiser_comparison/combo_input.csv,current_saved_target,33.333333333333336,Existing OPM / existing message fraction,False,/Users/asekorneev/outputs/aipm_stability_20260919/human_quality_20260920/targets.csv,/Users/asekorneev/outputs/message_delivery_features_20260819/video_manifest.csv,94fbf1ed5ac44656fed987cefe53e227d58eded7b6cf64a674b84a9163cd4a17,steplom,,94fbf1ed5ac44656fed987cefe53e227d58eded7b6cf64a674b84a9163cd4a17,Other,Other,md58_54,54,saved historical same-protocol Pro extraction,3.0,3.0,1.0,3.0,3.0,1.0,4.0,3.5,0.7333333333333333,1.0,1.4333333333333331,0.7666666666666667,2.0,1.9666666666666663,0.9666666666666666,0.0,0.0,1.0,3.0,2.9,1.0,0.0,0.0,1.0,4.0,3.9,0.8333333333333333,1.0,0.9,1.0,1.0,0.9666666666666668,0.9666666666666666,0.0,0.0,1.0,1.0,1.0,1.0,0.0,0.0,1.0,1.0,1.0,1.0,2.0,2.3666666666666667,0.8,0.0,0.0,1.0,3.0,3.0,1.0,0.0,3.0,2.4975024975024978,0.0256410256410256,0.9743589743589745,,,,0.24,3.0,3.0,3.5,1.4333333333333331,1.9666666666666663,0.0,2.9,0.0,3.9,0.9,0.9666666666666668,0.0,1.0,0.0,1.0,2.3666666666666667,2.433333333333333,0.0,3.0,3.0,0.0,3.0,10.0,0.3082707788671023,0.1344984493802045,0.2185883741330834,0.0757495915032679,0.0105995602241502,0.0320014681348621,0.0923062005503955,0.1957568809005083,0.1052631578947368,0.0,0.0660730452674897,0.2146435462434282,0.089481163761801,0.264420747756958,12.214054107666016,0.0,4.986806392669678,,2.0,0.0,2.0,1.0,2.0,1.0,1,1,0.0,0.0,0.0,2.0,0.0,11.0,2.0,3.0,3.0,3.0,6.0,0.0,28.0,0.0,11.0,3.0,3.0,1.0,0.0,0.0,0.0,0.0,0.0,0.0,0.0,1.0,1.0,0.0,1.0,0.0
md58_55,pretest_md58,Avito_Goods_gc-25-07-Sellers-cross-private-T1-B2C,brief column,seller_otpuskaite_25.mp4,/Users/asekorneev/Desktop/Creatives_validation/seller_otpuskaite_25.mp4,/Users/asekorneev/Desktop/Creatives_validation/seller_otpuskaite_25.mp4,True,Avito,55,train,0.2,0.2,0,0,9.0,1.0,0.1084,0.31,/Users/asekorneev/outputs/aipm3_value_context_20260914/sources/promiser_comparison/combo_input.csv,current_saved_target,45.0,Existing OPM / existing message fraction,False,/Users/asekorneev/outputs/aipm_stability_20260919/human_quality_20260920/targets.csv,/Users/asekorneev/outputs/message_delivery_features_20260819/video_manifest.csv,3b23416e7dbd16a49f7076c86c69f7aa1d745c7299b2e7d80f728e66b40c9dfb,avitogoodsgc2507sellerscrossprivatet1b2c,3b23416e7dbd16a49f7076c86c69f7aa1d745c7299b2e7d80f728e66b40c9dfb,3b23416e7dbd16a49f7076c86c69f7aa1d745c7299b2e7d80f728e66b40c9dfb,Goods,Goods,md58_55,55,saved historical same-protocol Pro extraction,2.0,2.0,1.0,2.0,2.2,1.0,2.0,2.0,1.0,2.0,1.9333333333333331,0.9666666666666666,2.0,1.9333333333333331,0.9666666666666666,2.0,2.0,1.0,3.0,3.0,1.0,1.0,1.0,1.0,4.0,3.6,1.0,3.0,3.0,1.0,0.0,0.0,1.0,0.0,0.0,1.0,1.0,0.9,1.0,2.0,2.0,1.0,1.0,0.8,1.0,2.0,2.0,1.0,1.0,1.0,1.0,3.0,2.6333333333333333,0.9666666666666666,1.0,2.6333333333333333,1.55,0.1794871794871795,0.8205128205128205,,,,0.2,2.0,2.2,2.0,1.9333333333333331,1.9333333333333331,2.0,3.0,1.0,3.6,3.0,0.0,0.0,0.9,2.0,0.8,2.0,1.0,1.0,2.0,3.0,1.0,2.6333333333333333,20.0,0.3021462894880174,0.0691000977731255,0.2189211238035954,0.0837949074074074,0.0328837979836315,0.0345832899013477,0.117980897249688,0.2158608387799564,0.1538461538461538,0.0256410256410256,0.071415683248608,0.2282373851268917,0.0739503903413217,0.0401129387319088,26.65364646911621,0.22,12.737882614135742,,2.0,1.0,1.0,1.0,3.0,0.0,1,1,0.0,0.0,1.0,2.0,1.0,20.0,1.0,3.0,4.0,4.0,4.0,3.0,32.0,0.0,20.0,3.0,0.0,0.0,0.0,0.0,0.0,0.0,0.0,0.0,0.0,1.0,0.0,1.0,1.0,0.0
md58_56,pretest_md58,возможно найдем,brief column,seller_prodolozhite_24.mp4,/Users/asekorneev/Desktop/Creatives_validation/seller_prodolozhite_24.mp4,/Users/asekorneev/Desktop/Creatives_validation/seller_prodolozhite_24.mp4,True,Avito,56,train,0.22,0.22,1,1,6.0,0.0,,,/Users/asekorneev/outputs/aipm3_value_context_20260914/sources/promiser_comparison/combo_input.csv,current_saved_target,27.272727272727273,Existing OPM / existing message fraction,False,/Users/asekorneev/outputs/aipm_stability_20260919/human_quality_20260920/targets.csv,/Users/asekorneev/outputs/message_delivery_features_20260819/video_manifest.csv,0a630b470e3aa11d053e583a9cacc31dda74511fb20d857e315f5f78326ac478,вoзмoжнoнaйдeм,,0a630b470e3aa11d053e583a9cacc31dda74511fb20d857e315f5f78326ac478,Other,Other,md58_56,56,saved historical same-protocol Pro extraction,2.0,2.0,1.0,3.0,2.6333333333333333,0.9,4.0,3.7333333333333334,0.9,2.0,2.033333333333333,0.9,2.0,2.0,1.0,1.0,0.8333333333333334,0.9666666666666666,3.0,3.0,1.0,1.0,0.8333333333333334,0.9333333333333332,4.0,3.7666666666666666,0.9,2.0,2.2333333333333334,0.9666666666666666,0.0,0.0,1.0,0.0,0.0,1.0,1.0,1.0333333333333334,0.9666666666666666,0.0,0.1666666666666666,0.9333333333333332,1.0,0.9666666666666668,0.9666666666666666,3.0,2.566666666666667,0.9333333333333332,1.0,1.0,1.0,3.0,2.7,0.9,1.0,2.7,1.5992003998001,0.1282051282051282,0.8717948717948718,,,,0.22,2.0,2.6333333333333333,3.7333333333333334,2.033333333333333,2.0,0.8333333333333334,3.0,0.8333333333333334,3.7666666666666666,2.2333333333333334,0.0,0.0,1.0333333333333334,0.1666666666666666,0.9666666666666668,2.566666666666667,2.8333333333333335,1.0,2.033333333333333,2.7666666666666666,1.0,2.7,20.0,0.3130911764705881,0.1298560388088904,0.2217905463369143,0.0863841230936818,0.026304204481304,0.0343711458803704,0.1207571527661397,0.2249838779956427,0.1538461538461538,0.0,0.1330142368675865,0.2009246972646089,0.1123882080610021,0.0574540719389915,15.219829559326172,0.015,6.275784969329834,,3.0,0.0,1.0,1.0,3.0,0.0,1,1,0.0,0.0,1.0,2.0,1.0,20.0,2.0,4.0,5.0,1.0,3.0,2.0,33.0,0.0,20.0,2.0,6.0,0.0,0.0,0.0,0.0,1.0,0.0,0.0,0.0,1.0,0.0,0.0,0.0,0.0
md58_57,pretest_md58,Avito_RE_re-26-04-STR-апр-авг-T1-С2С,brief column,T1_travel_str_c2c.mp4,/Users/asekorneev/Desktop/Creatives_validation/T1_travel_str_c2c.mp4,/Users/asekorneev/outputs/message_delivery_features_20260819/prepared_media/t1travelstrc2c.mp4,True,Avito,57,holdout,0.31,0.31,2,2,14.0,2.0,,,/Users/asekorneev/outputs/aipm3_value_context_20260914/sources/promiser_comparison/combo_input.csv,current_saved_target,45.16129032258065,Existing OPM / existing message fraction,False,/Users/asekorneev/outputs/aipm_stability_20260919/human_quality_20260920/targets.csv,/Users/asekorneev/outputs/message_delivery_features_20260819/video_manifest.csv,3c2bfab4f87d4fb286177d2765618777a92ccc093a865b33125ee953d08df171,avitorere2604straпpaвгt1c2c,,3c2bfab4f87d4fb286177d2765618777a92ccc093a865b33125ee953d08df171,RE,RE,md58_57,57,saved historical same-protocol Pro extraction,3.0,2.9,1.0,3.0,3.0,1.0,2.0,2.1666666666666665,0.9666666666666666,3.0,2.966666666666667,0.9666666666666666,2.0,1.9666666666666663,0.9666666666666666,0.0,0.0,1.0,3.0,3.0,1.0,0.0,0.0,1.0,4.0,3.533333333333333,0.8666666666666668,3.0,2.966666666666667,0.9666666666666666,0.0,0.3666666666666666,0.9666666666666666,0.0,0.0,1.0,0.0,0.4333333333333333,0.9333333333333332,0.0,0.0,1.0,0.0,0.1666666666666666,0.9666666666666666,2.0,2.1,0.9,0.0,0.4,1.0,3.0,2.933333333333333,0.9666666666666666,0.0,2.933333333333333,2.265533899716808,0.0512820512820512,0.9487179487179488,,,,0.31,2.9,3.0,2.1666666666666665,2.966666666666667,1.9666666666666663,0.0,3.0,0.0,3.533333333333333,2.966666666666667,0.3666666666666666,0.0,0.4333333333333333,0.0,0.1666666666666666,2.1,2.066666666666667,0.8666666666666667,3.0,3.0,0.4,2.933333333333333,20.0,0.3806591798293391,0.1038034039346831,0.220718533129793,0.0998023760893246,0.0286644112496993,0.0432305426172116,0.1599058409213637,0.2650997639796659,0.3333333333333333,0.0,0.2098605815783103,0.2484874407523013,0.0913636982570806,0.0674220770597457,12.072099685668944,0.015,5.408327579498291,,2.0,1.0,2.0,1.0,3.0,0.0,1,1,1.0,1.0,0.0,3.0,0.0,21.0,2.0,4.0,6.0,5.0,5.0,6.0,26.0,8.0,21.0,4.0,2.0,1.0,1.0,0.0,1.0,0.0,0.0,1.0,1.0,0.0,1.0,1.0,1.0,0.0
